# Blender 5.2.2 LTS
# www.blender.org
mtllib model_5_exportNew.mtl
o Model_5
v 0.343500 -0.172500 -0.229300
v 0.346500 -0.169400 -0.229100
v 0.346500 -0.172500 -0.228500
v 0.343500 -0.175500 -0.229000
v 0.346500 -0.175500 -0.228200
v 0.343900 -0.178600 -0.228900
v 0.351800 -0.169400 -0.228600
v 0.352500 -0.172500 -0.227900
v 0.349500 -0.172500 -0.228000
v 0.355500 -0.172500 -0.228100
v 0.355500 -0.169500 -0.228900
v 0.358500 -0.172500 -0.228700
v 0.358500 -0.169500 -0.229400
v 0.352500 -0.175500 -0.227600
v 0.349500 -0.175500 -0.227800
v 0.355500 -0.175500 -0.227900
v 0.358500 -0.175500 -0.228700
v 0.352500 -0.178500 -0.227700
v 0.349500 -0.178500 -0.227800
v 0.355500 -0.178500 -0.228100
v 0.358500 -0.178500 -0.229400
v 0.346500 -0.181500 -0.228800
v 0.349500 -0.181500 -0.228200
v 0.352500 -0.184600 -0.229200
v 0.352500 -0.181500 -0.228200
v 0.349500 -0.184900 -0.229300
v 0.355500 -0.181500 -0.228600
v 0.343400 -0.208400 -0.229200
v 0.346500 -0.208500 -0.228600
v 0.340200 -0.211400 -0.229400
v 0.345000 -0.211300 -0.228200
v 0.343500 -0.214500 -0.228300
v 0.361500 -0.211500 -0.226400
v 0.356500 -0.214500 -0.226700
v 0.349500 -0.205500 -0.229400
v 0.349700 -0.208400 -0.228100
v 0.354800 -0.205500 -0.229100
v 0.358000 -0.208500 -0.227600
v 0.359500 -0.205400 -0.229100
v 0.353000 -0.211100 -0.227400
v 0.349000 -0.212400 -0.227500
v 0.358500 -0.211500 -0.226900
v 0.364200 -0.211100 -0.226300
v 0.367600 -0.211100 -0.226200
v 0.370400 -0.211300 -0.226300
v 0.363600 -0.214300 -0.225700
v 0.367500 -0.214500 -0.225400
v 0.370500 -0.214500 -0.225500
v 0.364500 -0.208500 -0.227000
v 0.364500 -0.205400 -0.228800
v 0.361500 -0.208500 -0.227300
v 0.370100 -0.208400 -0.227200
v 0.367500 -0.205500 -0.228800
v 0.370500 -0.205200 -0.229300
v 0.373400 -0.214400 -0.225900
v 0.379000 -0.216700 -0.226900
v 0.376500 -0.208200 -0.229100
v 0.373300 -0.208400 -0.227900
v 0.378100 -0.213200 -0.227800
v 0.381000 -0.211200 -0.230000
v 0.382700 -0.214400 -0.229400
v 0.339900 -0.217700 -0.229300
v 0.340300 -0.220700 -0.229400
v 0.343500 -0.220500 -0.228600
v 0.344300 -0.217200 -0.228200
v 0.346100 -0.221700 -0.228300
v 0.346500 -0.226500 -0.229000
v 0.343500 -0.226600 -0.229500
v 0.358500 -0.217500 -0.226300
v 0.355800 -0.217500 -0.226500
v 0.358500 -0.220500 -0.226300
v 0.358500 -0.223500 -0.226700
v 0.361600 -0.229600 -0.226500
v 0.349900 -0.217300 -0.227100
v 0.354000 -0.221200 -0.226900
v 0.349500 -0.220500 -0.227600
v 0.351000 -0.225000 -0.228000
v 0.349500 -0.226500 -0.228700
v 0.355400 -0.228100 -0.227800
v 0.358000 -0.227600 -0.227200
v 0.362000 -0.217600 -0.225600
v 0.363000 -0.220600 -0.225500
v 0.367400 -0.220600 -0.225100
v 0.367500 -0.218100 -0.225100
v 0.373500 -0.220500 -0.225100
v 0.361400 -0.223900 -0.226100
v 0.367500 -0.225000 -0.225400
v 0.364500 -0.228000 -0.226000
v 0.370600 -0.228400 -0.225300
v 0.376400 -0.220500 -0.225300
v 0.378600 -0.219800 -0.225800
v 0.382500 -0.220500 -0.226700
v 0.376500 -0.226200 -0.225100
v 0.374200 -0.225800 -0.225000
v 0.382000 -0.225500 -0.225800
v 0.382500 -0.223500 -0.226200
v 0.380900 -0.228800 -0.225600
v 0.384500 -0.219500 -0.227700
v 0.385600 -0.217400 -0.229200
v 0.388500 -0.220500 -0.229300
v 0.388500 -0.223500 -0.228200
v 0.385500 -0.223500 -0.227100
v 0.388800 -0.228600 -0.227600
v 0.385500 -0.226500 -0.226800
v 0.391600 -0.226500 -0.229300
v 0.352500 -0.231200 -0.228800
v 0.349400 -0.229400 -0.229100
v 0.356100 -0.232900 -0.228200
v 0.358500 -0.232500 -0.227400
v 0.360600 -0.235100 -0.227500
v 0.357500 -0.238500 -0.229200
v 0.362800 -0.232100 -0.226500
v 0.368900 -0.231700 -0.225800
v 0.367500 -0.229500 -0.225600
v 0.367400 -0.235500 -0.226500
v 0.370200 -0.237200 -0.226600
v 0.373500 -0.238900 -0.226500
v 0.366000 -0.238500 -0.227500
v 0.376500 -0.230000 -0.225300
v 0.373500 -0.232500 -0.225700
v 0.381000 -0.234800 -0.226000
v 0.385400 -0.232500 -0.226600
v 0.385500 -0.229600 -0.226600
v 0.377800 -0.236400 -0.226100
v 0.373500 -0.235500 -0.225900
v 0.385500 -0.235500 -0.226600
v 0.376600 -0.238600 -0.226400
v 0.382200 -0.238100 -0.226700
v 0.388500 -0.232500 -0.227400
v 0.392400 -0.233200 -0.228800
v 0.392000 -0.229700 -0.228900
v 0.388600 -0.235600 -0.227700
v 0.391500 -0.235500 -0.228700
v 0.388500 -0.238500 -0.227900
v 0.387300 -0.240300 -0.227900
v 0.394500 -0.238500 -0.229500
v 0.363600 -0.241800 -0.228700
v 0.367500 -0.241500 -0.227900
v 0.370100 -0.242600 -0.227700
v 0.367500 -0.247500 -0.229000
v 0.370400 -0.250600 -0.229300
v 0.373500 -0.241500 -0.227000
v 0.376400 -0.244000 -0.227700
v 0.375200 -0.245500 -0.228100
v 0.379500 -0.244500 -0.228100
v 0.381300 -0.240900 -0.227400
v 0.373500 -0.250700 -0.229000
v 0.380100 -0.249700 -0.229100
v 0.385200 -0.247600 -0.229100
v 0.376500 -0.250500 -0.229000
v 0.384000 -0.250800 -0.229400
v 0.385500 -0.241500 -0.227900
v 0.387300 -0.245100 -0.228500
v 0.391700 -0.243600 -0.228900
v 0.395100 -0.241500 -0.229600
v 0.388500 -0.247500 -0.229000
v 0.391700 -0.247700 -0.229300
v 0.346400 -0.157400 -0.238300
v 0.352500 -0.156100 -0.238500
v 0.349500 -0.156400 -0.238500
v 0.355500 -0.156500 -0.238500
v 0.337300 -0.166400 -0.235500
v 0.336700 -0.166300 -0.238500
v 0.343400 -0.163400 -0.232400
v 0.346500 -0.163500 -0.231600
v 0.346500 -0.162100 -0.232500
v 0.340400 -0.166400 -0.232400
v 0.343500 -0.166500 -0.231100
v 0.346500 -0.166500 -0.230300
v 0.343100 -0.160300 -0.235400
v 0.343500 -0.160500 -0.234900
v 0.346500 -0.160500 -0.233500
v 0.346500 -0.158600 -0.235500
v 0.340300 -0.162800 -0.235500
v 0.340500 -0.163500 -0.234500
v 0.343500 -0.159300 -0.238500
v 0.342000 -0.160500 -0.238500
v 0.340000 -0.162500 -0.238500
v 0.352500 -0.163500 -0.231300
v 0.352500 -0.160500 -0.233000
v 0.349500 -0.163500 -0.231200
v 0.349500 -0.160600 -0.232900
v 0.355500 -0.163500 -0.231600
v 0.355400 -0.160600 -0.233400
v 0.358500 -0.163400 -0.232300
v 0.352500 -0.166600 -0.229700
v 0.349500 -0.166800 -0.229700
v 0.355100 -0.167000 -0.229800
v 0.358500 -0.166500 -0.230600
v 0.352500 -0.157500 -0.235700
v 0.349500 -0.157600 -0.235700
v 0.355500 -0.158700 -0.235500
v 0.358600 -0.160200 -0.235300
v 0.355500 -0.157500 -0.236700
v 0.358500 -0.157800 -0.238500
v 0.358000 -0.157500 -0.238500
v 0.361500 -0.166500 -0.231600
v 0.363000 -0.166500 -0.232500
v 0.361500 -0.165100 -0.232500
v 0.361500 -0.162200 -0.235400
v 0.362800 -0.163500 -0.235500
v 0.364500 -0.166500 -0.234400
v 0.364500 -0.165700 -0.235500
v 0.364900 -0.166500 -0.235500
v 0.361600 -0.160300 -0.238400
v 0.363700 -0.163500 -0.238500
v 0.364500 -0.165800 -0.238500
v 0.364700 -0.166500 -0.238500
v 0.364500 -0.166500 -0.238800
v 0.337300 -0.172300 -0.232400
v 0.336700 -0.175500 -0.232300
v 0.336700 -0.178600 -0.232100
v 0.334400 -0.172300 -0.235400
v 0.335800 -0.169500 -0.235500
v 0.334500 -0.175500 -0.234100
v 0.333500 -0.175500 -0.235500
v 0.334500 -0.178600 -0.233500
v 0.332800 -0.178500 -0.235500
v 0.334600 -0.169800 -0.238500
v 0.333200 -0.172500 -0.238500
v 0.332100 -0.175500 -0.238500
v 0.331400 -0.178300 -0.238500
v 0.331500 -0.178700 -0.241500
v 0.337700 -0.170900 -0.232500
v 0.340500 -0.172500 -0.230600
v 0.343500 -0.169500 -0.230200
v 0.341200 -0.175500 -0.229900
v 0.341300 -0.178500 -0.229800
v 0.337500 -0.169500 -0.233200
v 0.361400 -0.172500 -0.229700
v 0.359900 -0.175500 -0.229500
v 0.364400 -0.169600 -0.232500
v 0.361500 -0.169500 -0.230500
v 0.364600 -0.172500 -0.232400
v 0.363600 -0.175500 -0.232500
v 0.361500 -0.175500 -0.230600
v 0.362500 -0.178500 -0.232500
v 0.361500 -0.178500 -0.231200
v 0.365400 -0.169500 -0.235500
v 0.365500 -0.172500 -0.235500
v 0.364500 -0.175500 -0.233800
v 0.365200 -0.175500 -0.235500
v 0.364400 -0.178500 -0.235500
v 0.371400 -0.178500 -0.235500
v 0.370500 -0.179800 -0.235500
v 0.364500 -0.172500 -0.238500
v 0.364900 -0.169500 -0.238500
v 0.364500 -0.175500 -0.237000
v 0.363200 -0.175500 -0.238500
v 0.362700 -0.178600 -0.238500
v 0.370700 -0.178600 -0.238500
v 0.361300 -0.181500 -0.238500
v 0.361500 -0.172500 -0.240700
v 0.364500 -0.169500 -0.239100
v 0.361200 -0.175500 -0.241100
v 0.376500 -0.175100 -0.232500
v 0.375900 -0.175500 -0.232500
v 0.376500 -0.175500 -0.232100
v 0.379500 -0.175500 -0.231300
v 0.379500 -0.174100 -0.232500
v 0.382500 -0.175500 -0.231500
v 0.382500 -0.174400 -0.232500
v 0.385300 -0.175600 -0.232500
v 0.376500 -0.178500 -0.231300
v 0.373900 -0.178500 -0.232500
v 0.379500 -0.178500 -0.230900
v 0.382500 -0.178500 -0.230900
v 0.373500 -0.178500 -0.232700
v 0.376500 -0.173700 -0.235500
v 0.373800 -0.175600 -0.235500
v 0.379500 -0.172800 -0.235500
v 0.382500 -0.173300 -0.235500
v 0.376500 -0.174000 -0.238500
v 0.373500 -0.175600 -0.238500
v 0.379500 -0.172900 -0.238500
v 0.382500 -0.173500 -0.238500
v 0.385100 -0.175400 -0.238500
v 0.376500 -0.175500 -0.240400
v 0.379500 -0.175500 -0.240500
v 0.382500 -0.175500 -0.239900
v 0.382400 -0.178600 -0.241000
v 0.385500 -0.178500 -0.231400
v 0.387700 -0.178500 -0.232500
v 0.388500 -0.179400 -0.232500
v 0.386200 -0.175500 -0.235500
v 0.385500 -0.174900 -0.235500
v 0.388500 -0.178500 -0.234200
v 0.388600 -0.178200 -0.235500
v 0.387500 -0.178500 -0.238500
v 0.388500 -0.178500 -0.236600
v 0.388600 -0.181400 -0.238500
v 0.385500 -0.178500 -0.239800
v 0.337000 -0.181500 -0.231900
v 0.336600 -0.184500 -0.232500
v 0.332600 -0.184000 -0.235500
v 0.334500 -0.184500 -0.233800
v 0.334600 -0.187700 -0.234400
v 0.333100 -0.187500 -0.235500
v 0.333300 -0.190500 -0.235500
v 0.331500 -0.181500 -0.237100
v 0.330900 -0.181500 -0.238500
v 0.331500 -0.184500 -0.237300
v 0.331000 -0.184500 -0.238500
v 0.331200 -0.187800 -0.238300
v 0.331200 -0.190600 -0.238300
v 0.340700 -0.181900 -0.230600
v 0.337500 -0.184500 -0.232100
v 0.343500 -0.184500 -0.230300
v 0.343500 -0.181500 -0.229500
v 0.346600 -0.184400 -0.229600
v 0.337500 -0.187300 -0.232600
v 0.340600 -0.187500 -0.231700
v 0.343500 -0.187500 -0.231000
v 0.346400 -0.190100 -0.231100
v 0.340300 -0.192700 -0.232400
v 0.343400 -0.192900 -0.231800
v 0.337500 -0.190500 -0.233200
v 0.355600 -0.183800 -0.229800
v 0.358500 -0.181500 -0.230000
v 0.357400 -0.181500 -0.229500
v 0.358500 -0.184600 -0.231600
v 0.359700 -0.184500 -0.232500
v 0.352500 -0.187500 -0.230500
v 0.349500 -0.187700 -0.230400
v 0.355600 -0.187700 -0.231700
v 0.352500 -0.190500 -0.232000
v 0.358500 -0.187500 -0.233500
v 0.361200 -0.187000 -0.235400
v 0.355500 -0.190500 -0.233400
v 0.358800 -0.191300 -0.235100
v 0.360100 -0.190500 -0.235500
v 0.361900 -0.181400 -0.232300
v 0.372900 -0.181500 -0.232500
v 0.373500 -0.184500 -0.231800
v 0.373500 -0.187500 -0.232300
v 0.361500 -0.184500 -0.234200
v 0.363600 -0.184500 -0.235500
v 0.364100 -0.181500 -0.235500
v 0.370500 -0.181500 -0.234300
v 0.369000 -0.181500 -0.235500
v 0.370500 -0.184500 -0.233600
v 0.367700 -0.184500 -0.235500
v 0.367500 -0.187500 -0.235500
v 0.370500 -0.187500 -0.234100
v 0.367500 -0.190500 -0.235500
v 0.370500 -0.190500 -0.234400
v 0.361500 -0.181500 -0.238300
v 0.364500 -0.184300 -0.238500
v 0.361500 -0.182200 -0.238500
v 0.364500 -0.184500 -0.238200
v 0.367500 -0.184500 -0.235600
v 0.367500 -0.182000 -0.238500
v 0.367900 -0.181500 -0.238500
v 0.361500 -0.187500 -0.237300
v 0.364500 -0.187500 -0.236100
v 0.364500 -0.190500 -0.236300
v 0.361500 -0.190500 -0.236600
v 0.364500 -0.184500 -0.238700
v 0.361500 -0.184500 -0.239400
v 0.361500 -0.187500 -0.240400
v 0.373500 -0.181500 -0.232000
v 0.376500 -0.184500 -0.230600
v 0.376500 -0.181500 -0.230900
v 0.379500 -0.184500 -0.230400
v 0.379500 -0.181500 -0.230500
v 0.382500 -0.184500 -0.230500
v 0.383600 -0.180800 -0.230600
v 0.376500 -0.187500 -0.231600
v 0.379500 -0.187500 -0.231000
v 0.382500 -0.187500 -0.231100
v 0.376500 -0.190400 -0.232600
v 0.379300 -0.190700 -0.232400
v 0.382400 -0.190600 -0.232100
v 0.373500 -0.190500 -0.233500
v 0.388500 -0.184500 -0.231100
v 0.388500 -0.181500 -0.231600
v 0.385500 -0.184500 -0.230800
v 0.389600 -0.181500 -0.232500
v 0.391600 -0.184200 -0.232500
v 0.391500 -0.184500 -0.232100
v 0.388500 -0.187500 -0.231000
v 0.385500 -0.187500 -0.231100
v 0.391500 -0.187500 -0.230900
v 0.394500 -0.186300 -0.232500
v 0.394500 -0.187500 -0.231300
v 0.396600 -0.187500 -0.232500
v 0.388500 -0.190500 -0.230600
v 0.385500 -0.190500 -0.231400
v 0.391700 -0.192300 -0.230000
v 0.394500 -0.190500 -0.230400
v 0.391500 -0.183000 -0.235500
v 0.390400 -0.181500 -0.235500
v 0.393100 -0.184500 -0.235500
v 0.394500 -0.185500 -0.235500
v 0.391500 -0.184500 -0.237300
v 0.389900 -0.184500 -0.238500
v 0.391500 -0.186700 -0.238500
v 0.394500 -0.187500 -0.238500
v 0.397600 -0.193200 -0.238700
v 0.388500 -0.184500 -0.239300
v 0.385500 -0.181500 -0.240400
v 0.384300 -0.185600 -0.241300
v 0.388500 -0.187500 -0.239600
v 0.385500 -0.187500 -0.240900
v 0.391500 -0.187500 -0.238800
v 0.388500 -0.190500 -0.240600
v 0.385500 -0.190700 -0.241500
v 0.391500 -0.190500 -0.240300
v 0.394500 -0.190500 -0.239400
v 0.397500 -0.190500 -0.231000
v 0.399500 -0.190500 -0.232500
v 0.397500 -0.188200 -0.232500
v 0.400800 -0.193000 -0.232500
v 0.397900 -0.187400 -0.235500
v 0.397500 -0.187100 -0.235500
v 0.400400 -0.190800 -0.235500
v 0.397500 -0.187500 -0.236200
v 0.397500 -0.190500 -0.238000
v 0.337500 -0.202400 -0.232500
v 0.334500 -0.193500 -0.234800
v 0.333200 -0.195900 -0.235600
v 0.334500 -0.196500 -0.234700
v 0.334500 -0.199500 -0.234500
v 0.332800 -0.199500 -0.235500
v 0.334500 -0.202500 -0.233700
v 0.331700 -0.202500 -0.235700
v 0.331400 -0.205200 -0.235300
v 0.331500 -0.193500 -0.237500
v 0.330900 -0.193500 -0.238500
v 0.331600 -0.196900 -0.236900
v 0.330400 -0.196500 -0.238500
v 0.329700 -0.199500 -0.238500
v 0.329200 -0.202500 -0.238500
v 0.328000 -0.207600 -0.238300
v 0.328500 -0.199500 -0.240500
v 0.328500 -0.202500 -0.239500
v 0.341800 -0.196500 -0.232500
v 0.343500 -0.196500 -0.232300
v 0.346500 -0.196500 -0.232400
v 0.346500 -0.193500 -0.231700
v 0.340500 -0.199500 -0.232500
v 0.343500 -0.199500 -0.232100
v 0.346500 -0.199500 -0.232200
v 0.348900 -0.199500 -0.232700
v 0.341500 -0.202500 -0.231500
v 0.346500 -0.202500 -0.231000
v 0.340500 -0.196500 -0.232700
v 0.337200 -0.196400 -0.233800
v 0.337500 -0.199500 -0.233300
v 0.349500 -0.193500 -0.232100
v 0.352500 -0.202500 -0.231200
v 0.352500 -0.201100 -0.232500
v 0.349500 -0.202500 -0.231100
v 0.355000 -0.202000 -0.232000
v 0.358300 -0.202500 -0.231500
v 0.352500 -0.205000 -0.229500
v 0.355800 -0.204900 -0.229400
v 0.352500 -0.193500 -0.233600
v 0.349500 -0.196500 -0.233200
v 0.352500 -0.196500 -0.234300
v 0.355500 -0.196600 -0.235800
v 0.356300 -0.193600 -0.235200
v 0.352500 -0.199500 -0.233600
v 0.355500 -0.199500 -0.234400
v 0.358500 -0.199500 -0.234500
v 0.358500 -0.198200 -0.235500
v 0.358500 -0.193500 -0.236300
v 0.358500 -0.196500 -0.236300
v 0.366800 -0.202000 -0.231300
v 0.364500 -0.200300 -0.232700
v 0.361600 -0.202300 -0.231300
v 0.367600 -0.199700 -0.233000
v 0.370500 -0.202500 -0.231400
v 0.370600 -0.200100 -0.233000
v 0.364500 -0.196500 -0.235500
v 0.367400 -0.193500 -0.235300
v 0.367500 -0.196500 -0.234600
v 0.370500 -0.196500 -0.234200
v 0.370500 -0.193500 -0.234500
v 0.361500 -0.197500 -0.235500
v 0.361500 -0.199500 -0.234200
v 0.361500 -0.196500 -0.236100
v 0.364500 -0.193500 -0.236200
v 0.361500 -0.193500 -0.236800
v 0.385100 -0.193300 -0.231800
v 0.385700 -0.199500 -0.232500
v 0.373500 -0.202300 -0.232300
v 0.376200 -0.202600 -0.233000
v 0.379500 -0.205200 -0.232200
v 0.373500 -0.193500 -0.234000
v 0.376500 -0.196500 -0.234700
v 0.376500 -0.193500 -0.234000
v 0.373500 -0.196500 -0.234300
v 0.379500 -0.196500 -0.234900
v 0.379500 -0.193500 -0.234000
v 0.382500 -0.196500 -0.234000
v 0.382500 -0.193500 -0.233300
v 0.376500 -0.199500 -0.234400
v 0.373500 -0.199500 -0.233600
v 0.379500 -0.199500 -0.234900
v 0.382500 -0.199500 -0.234300
v 0.379500 -0.202500 -0.233700
v 0.382500 -0.202500 -0.233700
v 0.388500 -0.196500 -0.230500
v 0.388500 -0.193500 -0.230500
v 0.385500 -0.196500 -0.232100
v 0.391500 -0.196500 -0.229900
v 0.394500 -0.196500 -0.230000
v 0.394500 -0.193500 -0.230000
v 0.388500 -0.199500 -0.231300
v 0.391500 -0.199500 -0.230600
v 0.394500 -0.199500 -0.230600
v 0.388500 -0.203100 -0.232400
v 0.391500 -0.202500 -0.231900
v 0.394600 -0.204200 -0.232500
v 0.385500 -0.202500 -0.233200
v 0.394500 -0.193500 -0.240900
v 0.397500 -0.193500 -0.230500
v 0.400500 -0.196500 -0.231500
v 0.400500 -0.193500 -0.232000
v 0.397500 -0.196500 -0.230700
v 0.401400 -0.196500 -0.232500
v 0.400500 -0.199500 -0.232100
v 0.397500 -0.199500 -0.230900
v 0.400900 -0.199500 -0.232500
v 0.400500 -0.202500 -0.232500
v 0.397500 -0.202500 -0.232000
v 0.403500 -0.204300 -0.232500
v 0.406500 -0.205100 -0.232500
v 0.401200 -0.193500 -0.235500
v 0.401400 -0.196500 -0.235500
v 0.401300 -0.199500 -0.235500
v 0.403500 -0.202500 -0.235500
v 0.406500 -0.203700 -0.235500
v 0.400500 -0.193500 -0.236400
v 0.400500 -0.196500 -0.236900
v 0.398300 -0.196400 -0.238700
v 0.400500 -0.199500 -0.236900
v 0.399300 -0.199500 -0.238500
v 0.400500 -0.201800 -0.238500
v 0.401400 -0.202500 -0.238500
v 0.403500 -0.203500 -0.238500
v 0.406500 -0.204300 -0.238500
v 0.397300 -0.199400 -0.240700
v 0.400500 -0.202500 -0.238900
v 0.397300 -0.202600 -0.241200
v 0.409700 -0.205300 -0.235500
v 0.334600 -0.205600 -0.232600
v 0.334400 -0.208000 -0.232300
v 0.334400 -0.214200 -0.231500
v 0.332300 -0.214400 -0.232700
v 0.330900 -0.208400 -0.235000
v 0.331500 -0.211500 -0.233700
v 0.329100 -0.211600 -0.235700
v 0.328000 -0.217400 -0.235400
v 0.326600 -0.211500 -0.238500
v 0.325300 -0.217300 -0.238300
v 0.325500 -0.211500 -0.240000
v 0.337700 -0.205400 -0.231400
v 0.340500 -0.208500 -0.229900
v 0.337300 -0.210200 -0.230600
v 0.343500 -0.205500 -0.230000
v 0.346500 -0.205500 -0.229500
v 0.338500 -0.214600 -0.229700
v 0.373500 -0.205500 -0.229900
v 0.376500 -0.205500 -0.230800
v 0.379500 -0.208500 -0.230500
v 0.382500 -0.205500 -0.232600
v 0.382500 -0.208500 -0.231600
v 0.385500 -0.208500 -0.232500
v 0.387200 -0.211500 -0.232500
v 0.385500 -0.211500 -0.231800
v 0.388500 -0.214500 -0.232500
v 0.385500 -0.214500 -0.230700
v 0.385500 -0.216800 -0.229500
v 0.385500 -0.205500 -0.233100
v 0.388500 -0.208500 -0.233200
v 0.388500 -0.205500 -0.233100
v 0.391500 -0.208500 -0.233900
v 0.391500 -0.205500 -0.233300
v 0.394500 -0.208500 -0.234000
v 0.394500 -0.205500 -0.233200
v 0.388500 -0.211500 -0.233100
v 0.391500 -0.211500 -0.234100
v 0.394500 -0.211500 -0.234000
v 0.391500 -0.214500 -0.233800
v 0.394500 -0.214500 -0.233900
v 0.400500 -0.205500 -0.231700
v 0.397500 -0.205500 -0.232900
v 0.400600 -0.210800 -0.231100
v 0.397500 -0.208500 -0.232700
v 0.403500 -0.208500 -0.230700
v 0.403500 -0.205500 -0.231600
v 0.406500 -0.208500 -0.231300
v 0.406500 -0.205500 -0.232100
v 0.407300 -0.205500 -0.232500
v 0.397700 -0.211500 -0.232600
v 0.403500 -0.211500 -0.230500
v 0.406500 -0.211500 -0.231200
v 0.400500 -0.214500 -0.231500
v 0.398100 -0.214700 -0.232500
v 0.403500 -0.214500 -0.231000
v 0.406500 -0.214500 -0.231000
v 0.408800 -0.205500 -0.238500
v 0.400500 -0.205500 -0.240400
v 0.403500 -0.205500 -0.240400
v 0.406400 -0.209000 -0.241400
v 0.406500 -0.205500 -0.239900
v 0.409500 -0.208500 -0.232100
v 0.410200 -0.208300 -0.232500
v 0.410900 -0.211500 -0.232500
v 0.409500 -0.211500 -0.231900
v 0.409800 -0.214500 -0.232400
v 0.409500 -0.205500 -0.234800
v 0.411600 -0.208500 -0.235500
v 0.412300 -0.211500 -0.235500
v 0.412400 -0.214900 -0.235500
v 0.409500 -0.205500 -0.236900
v 0.409600 -0.206400 -0.238500
v 0.410800 -0.208500 -0.238500
v 0.411600 -0.211500 -0.238500
v 0.411800 -0.217500 -0.238500
v 0.409500 -0.211500 -0.240600
v 0.409300 -0.214700 -0.241300
v 0.325000 -0.220400 -0.238400
v 0.325100 -0.223500 -0.238300
v 0.325400 -0.226600 -0.238400
v 0.334500 -0.217500 -0.231400
v 0.331700 -0.217500 -0.232700
v 0.334500 -0.220500 -0.231400
v 0.331600 -0.220500 -0.232600
v 0.334600 -0.223600 -0.231700
v 0.334000 -0.226600 -0.232400
v 0.327700 -0.220600 -0.235300
v 0.328500 -0.223500 -0.234900
v 0.327700 -0.223500 -0.235500
v 0.331500 -0.223500 -0.233300
v 0.328500 -0.226500 -0.235500
v 0.331500 -0.226500 -0.233700
v 0.336900 -0.218900 -0.230400
v 0.340500 -0.223700 -0.229700
v 0.338600 -0.228800 -0.231300
v 0.391500 -0.220500 -0.231200
v 0.391500 -0.217500 -0.232800
v 0.394500 -0.220500 -0.232100
v 0.394500 -0.219300 -0.232500
v 0.391500 -0.223400 -0.230100
v 0.394500 -0.223500 -0.231300
v 0.394500 -0.226500 -0.230600
v 0.394500 -0.217500 -0.233300
v 0.397500 -0.220100 -0.232500
v 0.400600 -0.217400 -0.232100
v 0.400400 -0.222600 -0.232300
v 0.406200 -0.220500 -0.231400
v 0.406500 -0.217500 -0.231400
v 0.397500 -0.223500 -0.232200
v 0.403500 -0.223500 -0.231600
v 0.406500 -0.223500 -0.231000
v 0.400500 -0.226500 -0.232000
v 0.397500 -0.226500 -0.231800
v 0.403500 -0.226500 -0.231300
v 0.406500 -0.226500 -0.230400
v 0.397500 -0.217500 -0.232700
v 0.410300 -0.217500 -0.232500
v 0.409500 -0.217500 -0.232100
v 0.412700 -0.220600 -0.232400
v 0.409500 -0.220500 -0.231700
v 0.412500 -0.223500 -0.231500
v 0.409500 -0.223500 -0.230900
v 0.415000 -0.223500 -0.232500
v 0.412500 -0.226500 -0.231100
v 0.409500 -0.226500 -0.230300
v 0.415300 -0.226500 -0.232500
v 0.412500 -0.229500 -0.232500
v 0.412500 -0.217500 -0.234800
v 0.412700 -0.217500 -0.235500
v 0.414500 -0.220500 -0.235500
v 0.415500 -0.223500 -0.232900
v 0.415500 -0.221600 -0.235500
v 0.416500 -0.223500 -0.235500
v 0.415500 -0.226500 -0.232700
v 0.416700 -0.226500 -0.235500
v 0.412500 -0.218800 -0.238500
v 0.412500 -0.217500 -0.236400
v 0.415500 -0.223400 -0.238500
v 0.416300 -0.226500 -0.238500
v 0.412500 -0.220500 -0.239500
v 0.409500 -0.217500 -0.241400
v 0.409500 -0.220500 -0.241200
v 0.412600 -0.223500 -0.240700
v 0.415500 -0.226500 -0.239800
v 0.335400 -0.229500 -0.232500
v 0.337500 -0.232500 -0.232500
v 0.329000 -0.229200 -0.236000
v 0.332300 -0.233000 -0.235600
v 0.331500 -0.229500 -0.234500
v 0.334500 -0.232500 -0.234200
v 0.334500 -0.229500 -0.232900
v 0.326400 -0.229500 -0.238500
v 0.328500 -0.233500 -0.238500
v 0.331900 -0.238400 -0.238400
v 0.334300 -0.241500 -0.238400
v 0.325500 -0.232900 -0.241200
v 0.325500 -0.229500 -0.239500
v 0.328500 -0.235500 -0.239600
v 0.328300 -0.238600 -0.241300
v 0.343600 -0.235400 -0.231500
v 0.343500 -0.229500 -0.230000
v 0.347200 -0.232400 -0.230300
v 0.346500 -0.229500 -0.229600
v 0.340600 -0.235900 -0.232400
v 0.347800 -0.235400 -0.230800
v 0.343600 -0.238500 -0.232600
v 0.346500 -0.238500 -0.231900
v 0.349300 -0.241500 -0.232500
v 0.337300 -0.238600 -0.235100
v 0.352500 -0.235500 -0.229800
v 0.349900 -0.237900 -0.231000
v 0.359100 -0.241400 -0.229800
v 0.394500 -0.232500 -0.230200
v 0.394500 -0.229500 -0.230300
v 0.394100 -0.235500 -0.229500
v 0.394500 -0.235500 -0.229700
v 0.397500 -0.229500 -0.231800
v 0.400500 -0.232500 -0.232200
v 0.400500 -0.229500 -0.232100
v 0.397500 -0.232500 -0.231400
v 0.403500 -0.232500 -0.231900
v 0.403500 -0.229500 -0.231400
v 0.406500 -0.232500 -0.231200
v 0.406500 -0.229500 -0.230400
v 0.400500 -0.235500 -0.232300
v 0.400400 -0.238400 -0.231800
v 0.403500 -0.235500 -0.232600
v 0.406500 -0.235600 -0.232200
v 0.397500 -0.238500 -0.230500
v 0.402700 -0.238600 -0.232500
v 0.406500 -0.238500 -0.233900
v 0.409500 -0.238500 -0.235500
v 0.409500 -0.229500 -0.230300
v 0.410100 -0.232500 -0.232500
v 0.409500 -0.232500 -0.232100
v 0.412500 -0.232500 -0.233600
v 0.415500 -0.232100 -0.235500
v 0.415500 -0.229500 -0.234000
v 0.416600 -0.229500 -0.235500
v 0.409500 -0.235500 -0.233500
v 0.412600 -0.235900 -0.235500
v 0.416200 -0.232500 -0.238500
v 0.416500 -0.229500 -0.238500
v 0.415500 -0.235500 -0.238500
v 0.412500 -0.238500 -0.236400
v 0.414100 -0.238500 -0.238500
v 0.415500 -0.229400 -0.241200
v 0.415500 -0.232500 -0.240800
v 0.337400 -0.245200 -0.238300
v 0.331500 -0.241500 -0.240400
v 0.332500 -0.244700 -0.241400
v 0.340000 -0.241800 -0.235200
v 0.343600 -0.244300 -0.235200
v 0.345000 -0.241500 -0.233700
v 0.349400 -0.248200 -0.235400
v 0.340700 -0.247500 -0.237900
v 0.337500 -0.241500 -0.236100
v 0.343500 -0.247500 -0.236800
v 0.344400 -0.250500 -0.238300
v 0.349000 -0.253800 -0.238400
v 0.337500 -0.247500 -0.239600
v 0.340500 -0.250500 -0.239800
v 0.352500 -0.241500 -0.231700
v 0.352500 -0.244900 -0.232900
v 0.354400 -0.242000 -0.231200
v 0.358300 -0.246700 -0.231500
v 0.355600 -0.247600 -0.232800
v 0.360000 -0.251200 -0.232300
v 0.352400 -0.250500 -0.235400
v 0.357000 -0.252000 -0.233900
v 0.349500 -0.250500 -0.236600
v 0.361900 -0.244400 -0.229600
v 0.361500 -0.247500 -0.230500
v 0.364400 -0.247500 -0.229500
v 0.367900 -0.250300 -0.229600
v 0.378000 -0.253300 -0.229900
v 0.394500 -0.244500 -0.229900
v 0.394500 -0.247500 -0.230400
v 0.388500 -0.250500 -0.229500
v 0.391500 -0.250500 -0.229900
v 0.394500 -0.250500 -0.231400
v 0.394400 -0.252700 -0.232600
v 0.400700 -0.244600 -0.232400
v 0.400500 -0.241500 -0.231900
v 0.397500 -0.244500 -0.231000
v 0.401800 -0.241500 -0.232500
v 0.398600 -0.247500 -0.232500
v 0.397500 -0.247500 -0.231900
v 0.397600 -0.250600 -0.232400
v 0.403500 -0.244600 -0.233600
v 0.405700 -0.244600 -0.235500
v 0.406500 -0.241500 -0.234300
v 0.407900 -0.241500 -0.235500
v 0.400500 -0.247500 -0.233100
v 0.403500 -0.247500 -0.234700
v 0.400500 -0.250500 -0.233700
v 0.403100 -0.250500 -0.235500
v 0.400300 -0.253500 -0.235500
v 0.406500 -0.247500 -0.236600
v 0.408500 -0.247500 -0.238500
v 0.406500 -0.250500 -0.237300
v 0.407600 -0.250500 -0.238500
v 0.406600 -0.252600 -0.238900
v 0.412500 -0.242000 -0.238500
v 0.412500 -0.241500 -0.238000
v 0.410400 -0.244500 -0.238500
v 0.409200 -0.244900 -0.237500
v 0.412800 -0.241500 -0.238500
v 0.409500 -0.247500 -0.239400
v 0.410100 -0.250600 -0.241500
v 0.343500 -0.253500 -0.240400
v 0.346500 -0.256500 -0.240800
v 0.355300 -0.253500 -0.235400
v 0.358300 -0.256800 -0.235300
v 0.361200 -0.260400 -0.235500
v 0.349500 -0.256500 -0.239500
v 0.352500 -0.256500 -0.238000
v 0.352500 -0.253500 -0.236700
v 0.356200 -0.258700 -0.237000
v 0.355600 -0.262500 -0.238900
v 0.358600 -0.265000 -0.238700
v 0.350200 -0.258700 -0.240100
v 0.353800 -0.263800 -0.240600
v 0.364400 -0.256100 -0.232500
v 0.364500 -0.253500 -0.231600
v 0.367400 -0.252100 -0.230400
v 0.370500 -0.256500 -0.231400
v 0.369900 -0.259700 -0.232800
v 0.362000 -0.256800 -0.233600
v 0.367500 -0.259500 -0.233200
v 0.367700 -0.265200 -0.235600
v 0.373700 -0.253900 -0.230100
v 0.376500 -0.256500 -0.230700
v 0.379500 -0.256500 -0.230700
v 0.384600 -0.256900 -0.231400
v 0.384900 -0.253500 -0.230100
v 0.376500 -0.259500 -0.231700
v 0.373500 -0.259500 -0.232100
v 0.379500 -0.259500 -0.232000
v 0.382200 -0.259900 -0.232400
v 0.376600 -0.262100 -0.233100
v 0.373500 -0.262500 -0.233600
v 0.379500 -0.262500 -0.233400
v 0.382900 -0.262500 -0.233600
v 0.388500 -0.256500 -0.231900
v 0.388500 -0.253500 -0.230500
v 0.388700 -0.257500 -0.232500
v 0.391500 -0.253500 -0.231500
v 0.385500 -0.259200 -0.232700
v 0.391500 -0.256500 -0.233100
v 0.394500 -0.256500 -0.234100
v 0.388500 -0.259500 -0.233600
v 0.391500 -0.259500 -0.234400
v 0.394400 -0.259400 -0.235500
v 0.388800 -0.262700 -0.235100
v 0.391500 -0.261600 -0.235500
v 0.387600 -0.265200 -0.235600
v 0.391500 -0.262500 -0.235800
v 0.394500 -0.262500 -0.237000
v 0.397500 -0.262500 -0.238600
v 0.393400 -0.265500 -0.238500
v 0.397500 -0.253500 -0.233200
v 0.398300 -0.256500 -0.235500
v 0.397400 -0.257100 -0.235200
v 0.400500 -0.256500 -0.236500
v 0.403500 -0.256500 -0.237600
v 0.403500 -0.253500 -0.236800
v 0.405200 -0.253500 -0.238500
v 0.404200 -0.256500 -0.238500
v 0.397500 -0.259500 -0.236400
v 0.400400 -0.259500 -0.238600
v 0.403500 -0.257600 -0.238500
v 0.403500 -0.259500 -0.240800
v 0.400500 -0.262500 -0.239600
v 0.358000 -0.268300 -0.240900
v 0.370500 -0.265900 -0.235300
v 0.362600 -0.268300 -0.238800
v 0.364500 -0.269100 -0.238400
v 0.363600 -0.265600 -0.237000
v 0.370200 -0.269900 -0.237300
v 0.367700 -0.271800 -0.238700
v 0.373500 -0.274500 -0.238500
v 0.370500 -0.274500 -0.239200
v 0.364700 -0.272400 -0.239900
v 0.361200 -0.272900 -0.241400
v 0.373300 -0.267300 -0.235400
v 0.377300 -0.265100 -0.234300
v 0.379200 -0.268200 -0.235800
v 0.382400 -0.266400 -0.235200
v 0.374600 -0.271300 -0.237100
v 0.379500 -0.271500 -0.237000
v 0.383000 -0.272700 -0.238400
v 0.376500 -0.274500 -0.238400
v 0.379500 -0.274300 -0.238500
v 0.376400 -0.277400 -0.240000
v 0.382500 -0.274500 -0.239100
v 0.385700 -0.265900 -0.235400
v 0.388300 -0.269500 -0.238100
v 0.391200 -0.267800 -0.238700
v 0.391500 -0.265500 -0.237200
v 0.385500 -0.271500 -0.238200
v 0.394500 -0.265500 -0.238900
v 0.394500 -0.268500 -0.240200
v 0.388500 -0.271500 -0.239100
v 0.391200 -0.272100 -0.241100
v 0.385500 -0.274500 -0.240000
v 0.388600 -0.274500 -0.241100
v 0.400500 -0.265500 -0.241100
v 0.397500 -0.268500 -0.240300
v 0.397500 -0.265500 -0.238600
v 0.367300 -0.277500 -0.241000
v 0.370500 -0.277500 -0.240500
v 0.373500 -0.277500 -0.239900
v 0.376500 -0.279900 -0.241500
v 0.382500 -0.277600 -0.240800
v 0.346100 -0.157400 -0.241500
v 0.352500 -0.155900 -0.244500
v 0.349500 -0.156100 -0.241500
v 0.352500 -0.155600 -0.241500
v 0.349500 -0.156900 -0.244500
v 0.355500 -0.156400 -0.244500
v 0.355500 -0.156200 -0.241500
v 0.337400 -0.166400 -0.241600
v 0.342800 -0.160500 -0.241500
v 0.345900 -0.160400 -0.244500
v 0.348600 -0.157500 -0.244500
v 0.340300 -0.163200 -0.241600
v 0.343500 -0.163400 -0.244600
v 0.340500 -0.166400 -0.244500
v 0.346500 -0.160500 -0.245000
v 0.346600 -0.166100 -0.246200
v 0.343500 -0.166500 -0.245700
v 0.358500 -0.158600 -0.244500
v 0.357400 -0.157500 -0.244500
v 0.358500 -0.157500 -0.241500
v 0.360000 -0.160500 -0.244500
v 0.359000 -0.166500 -0.244500
v 0.358500 -0.169500 -0.244400
v 0.352500 -0.160500 -0.246900
v 0.349500 -0.157500 -0.245100
v 0.352500 -0.157500 -0.246300
v 0.349500 -0.160500 -0.246200
v 0.355500 -0.160500 -0.246900
v 0.355500 -0.157500 -0.245800
v 0.358500 -0.160500 -0.245700
v 0.352500 -0.163500 -0.247000
v 0.349500 -0.163500 -0.246300
v 0.355500 -0.163500 -0.246600
v 0.358500 -0.163500 -0.245500
v 0.352500 -0.166500 -0.247100
v 0.349500 -0.166500 -0.246900
v 0.355500 -0.166500 -0.246500
v 0.358500 -0.166500 -0.244900
v 0.361600 -0.160500 -0.241500
v 0.362600 -0.163500 -0.241500
v 0.361500 -0.163500 -0.242700
v 0.362100 -0.166500 -0.241500
v 0.361500 -0.166500 -0.242300
v 0.334500 -0.172500 -0.243000
v 0.333600 -0.172500 -0.241500
v 0.334500 -0.170700 -0.241500
v 0.336000 -0.172500 -0.244500
v 0.335300 -0.169500 -0.241500
v 0.334400 -0.175400 -0.244500
v 0.332300 -0.175500 -0.241500
v 0.334500 -0.178500 -0.245800
v 0.337400 -0.178300 -0.247900
v 0.337600 -0.169700 -0.244400
v 0.340300 -0.172400 -0.247100
v 0.337500 -0.172500 -0.245700
v 0.343300 -0.169900 -0.247100
v 0.346500 -0.169500 -0.247100
v 0.346500 -0.170500 -0.247500
v 0.337500 -0.175600 -0.247300
v 0.343500 -0.172500 -0.247800
v 0.346500 -0.172500 -0.248200
v 0.340500 -0.175500 -0.248200
v 0.346500 -0.175600 -0.249100
v 0.340500 -0.178500 -0.249300
v 0.343500 -0.178500 -0.249600
v 0.346500 -0.178700 -0.250000
v 0.343400 -0.181200 -0.250600
v 0.358400 -0.172600 -0.243800
v 0.360700 -0.172500 -0.241500
v 0.358400 -0.175600 -0.243500
v 0.357700 -0.179000 -0.243900
v 0.360200 -0.178500 -0.241500
v 0.349500 -0.169600 -0.247500
v 0.352500 -0.169500 -0.247400
v 0.352500 -0.172500 -0.247500
v 0.355500 -0.172500 -0.246000
v 0.355500 -0.169500 -0.246200
v 0.355500 -0.175900 -0.246000
v 0.353000 -0.175500 -0.247500
v 0.352700 -0.178300 -0.247900
v 0.349500 -0.172500 -0.248100
v 0.352500 -0.175500 -0.247800
v 0.349500 -0.175500 -0.248800
v 0.349500 -0.178500 -0.249300
v 0.361500 -0.169500 -0.241500
v 0.372400 -0.178500 -0.241500
v 0.370500 -0.179700 -0.241500
v 0.376500 -0.177300 -0.241500
v 0.376500 -0.178500 -0.242000
v 0.373500 -0.177800 -0.241500
v 0.373500 -0.178500 -0.242000
v 0.379500 -0.178600 -0.241900
v 0.331600 -0.184300 -0.243900
v 0.330800 -0.184500 -0.241500
v 0.331100 -0.181500 -0.241500
v 0.332500 -0.181500 -0.244500
v 0.331300 -0.187500 -0.244500
v 0.330500 -0.189400 -0.241500
v 0.330700 -0.190500 -0.244500
v 0.334300 -0.184300 -0.247900
v 0.334600 -0.181800 -0.247000
v 0.331500 -0.187500 -0.245100
v 0.332900 -0.187500 -0.247500
v 0.331500 -0.190600 -0.247500
v 0.334500 -0.187500 -0.249400
v 0.335900 -0.187500 -0.250500
v 0.334400 -0.189800 -0.250700
v 0.340500 -0.181700 -0.250300
v 0.337500 -0.184500 -0.250300
v 0.337500 -0.181500 -0.249000
v 0.346600 -0.181400 -0.250600
v 0.349500 -0.184500 -0.250400
v 0.340500 -0.184500 -0.251200
v 0.343500 -0.184500 -0.251600
v 0.346500 -0.184500 -0.251500
v 0.337500 -0.187500 -0.251500
v 0.343500 -0.189700 -0.254100
v 0.346500 -0.187500 -0.252800
v 0.337500 -0.190700 -0.253300
v 0.356700 -0.184200 -0.244600
v 0.359600 -0.182400 -0.241500
v 0.358500 -0.184500 -0.242400
v 0.359500 -0.184500 -0.241500
v 0.358500 -0.187500 -0.242300
v 0.355900 -0.187600 -0.244900
v 0.360600 -0.187500 -0.241500
v 0.358500 -0.190500 -0.243400
v 0.357300 -0.190500 -0.244500
v 0.358500 -0.193100 -0.244500
v 0.352600 -0.181500 -0.248300
v 0.355500 -0.181500 -0.245900
v 0.355500 -0.184500 -0.245800
v 0.352800 -0.184300 -0.248000
v 0.352500 -0.187200 -0.248700
v 0.355500 -0.190500 -0.245800
v 0.354100 -0.190500 -0.247500
v 0.349500 -0.181500 -0.249800
v 0.350300 -0.187500 -0.250500
v 0.352500 -0.190500 -0.249500
v 0.352500 -0.193400 -0.250600
v 0.349500 -0.187500 -0.251100
v 0.349500 -0.190500 -0.252500
v 0.367500 -0.184500 -0.243600
v 0.365800 -0.184500 -0.241500
v 0.367500 -0.182600 -0.241500
v 0.370400 -0.184400 -0.244600
v 0.368600 -0.181500 -0.241500
v 0.370500 -0.181500 -0.242900
v 0.364900 -0.187800 -0.244500
v 0.361500 -0.187900 -0.241400
v 0.364500 -0.185900 -0.241500
v 0.367500 -0.185800 -0.244500
v 0.362700 -0.190500 -0.244500
v 0.361500 -0.190500 -0.243400
v 0.361500 -0.192100 -0.244500
v 0.367500 -0.187500 -0.245500
v 0.370500 -0.187500 -0.246300
v 0.364500 -0.190500 -0.246100
v 0.370600 -0.190200 -0.247600
v 0.364500 -0.193500 -0.247500
v 0.373600 -0.184300 -0.244800
v 0.373500 -0.181500 -0.243600
v 0.376500 -0.181600 -0.243700
v 0.379500 -0.184500 -0.244000
v 0.377900 -0.184500 -0.244500
v 0.379500 -0.181500 -0.243200
v 0.382500 -0.184500 -0.242300
v 0.382600 -0.181400 -0.241900
v 0.379500 -0.187600 -0.244500
v 0.382500 -0.187500 -0.242900
v 0.382500 -0.190500 -0.243300
v 0.380500 -0.190500 -0.244500
v 0.376500 -0.184500 -0.244900
v 0.376500 -0.187500 -0.245800
v 0.373400 -0.187700 -0.246500
v 0.376500 -0.190500 -0.247000
v 0.379500 -0.190500 -0.245100
v 0.373500 -0.190500 -0.248000
v 0.388300 -0.193300 -0.242400
v 0.391500 -0.193600 -0.242300
v 0.329700 -0.193500 -0.244500
v 0.328800 -0.196500 -0.241500
v 0.329800 -0.193500 -0.241500
v 0.328500 -0.196600 -0.244500
v 0.327400 -0.199500 -0.244500
v 0.328500 -0.197700 -0.241500
v 0.328100 -0.199500 -0.241500
v 0.327300 -0.202500 -0.241500
v 0.326200 -0.202500 -0.244500
v 0.325500 -0.204700 -0.244400
v 0.330600 -0.193500 -0.247500
v 0.329300 -0.196500 -0.247500
v 0.328500 -0.197800 -0.247500
v 0.327600 -0.199500 -0.247500
v 0.325700 -0.202900 -0.247500
v 0.331100 -0.196400 -0.250900
v 0.331500 -0.193500 -0.249200
v 0.332400 -0.193500 -0.250500
v 0.328500 -0.199700 -0.250500
v 0.326800 -0.202500 -0.250500
v 0.325500 -0.204400 -0.250500
v 0.334700 -0.193700 -0.253200
v 0.355400 -0.193700 -0.247200
v 0.358500 -0.196500 -0.246500
v 0.358500 -0.197800 -0.247500
v 0.355500 -0.196500 -0.249000
v 0.355500 -0.198300 -0.250600
v 0.358500 -0.199500 -0.249000
v 0.358500 -0.200900 -0.250500
v 0.352500 -0.196500 -0.252600
v 0.358500 -0.203400 -0.253400
v 0.361500 -0.193500 -0.245600
v 0.361500 -0.196500 -0.247200
v 0.364500 -0.196500 -0.249000
v 0.367500 -0.196500 -0.250100
v 0.367500 -0.193500 -0.248600
v 0.370500 -0.193500 -0.249100
v 0.370500 -0.196500 -0.250500
v 0.364400 -0.199400 -0.250700
v 0.361500 -0.199500 -0.249300
v 0.367500 -0.197300 -0.250500
v 0.373500 -0.199800 -0.250500
v 0.361600 -0.202500 -0.251500
v 0.367500 -0.199500 -0.251400
v 0.370500 -0.199500 -0.251500
v 0.364500 -0.202500 -0.252100
v 0.367500 -0.202500 -0.252600
v 0.370500 -0.202500 -0.252400
v 0.381300 -0.193500 -0.244500
v 0.382500 -0.193500 -0.243700
v 0.382500 -0.196600 -0.244400
v 0.376500 -0.193500 -0.247800
v 0.379500 -0.193500 -0.245800
v 0.379500 -0.196500 -0.246200
v 0.376600 -0.197500 -0.248300
v 0.379500 -0.199500 -0.246800
v 0.382500 -0.199500 -0.245700
v 0.382500 -0.202500 -0.247000
v 0.379500 -0.202500 -0.247500
v 0.382500 -0.203500 -0.247500
v 0.373500 -0.193500 -0.249100
v 0.373500 -0.196500 -0.249900
v 0.376500 -0.202500 -0.249200
v 0.374600 -0.202500 -0.250500
v 0.388500 -0.196900 -0.244400
v 0.385500 -0.193500 -0.242500
v 0.385400 -0.196600 -0.244200
v 0.391500 -0.196500 -0.243800
v 0.394500 -0.196200 -0.241800
v 0.391500 -0.199400 -0.244700
v 0.394500 -0.199500 -0.243200
v 0.394500 -0.202700 -0.243600
v 0.388500 -0.199500 -0.245600
v 0.385500 -0.199500 -0.245800
v 0.388500 -0.202500 -0.246800
v 0.385500 -0.202600 -0.247400
v 0.391500 -0.202500 -0.245600
v 0.388500 -0.205500 -0.247600
v 0.397500 -0.205400 -0.241800
v 0.324700 -0.211500 -0.241500
v 0.322600 -0.214700 -0.244600
v 0.323300 -0.217100 -0.241600
v 0.324600 -0.205500 -0.247500
v 0.323600 -0.208500 -0.247500
v 0.322800 -0.211500 -0.247500
v 0.322500 -0.212500 -0.247500
v 0.321700 -0.216700 -0.247600
v 0.324900 -0.205500 -0.250500
v 0.323600 -0.208500 -0.250500
v 0.322500 -0.211500 -0.250500
v 0.321500 -0.217100 -0.250400
v 0.325600 -0.208200 -0.241600
v 0.325500 -0.205800 -0.253400
v 0.370500 -0.205600 -0.253400
v 0.376500 -0.205600 -0.250400
v 0.379500 -0.208600 -0.250500
v 0.379500 -0.205500 -0.248900
v 0.382500 -0.208500 -0.249700
v 0.382500 -0.205500 -0.248400
v 0.382700 -0.211500 -0.250700
v 0.385500 -0.214900 -0.250200
v 0.376500 -0.208500 -0.251900
v 0.373500 -0.205500 -0.252000
v 0.379500 -0.211500 -0.252200
v 0.382500 -0.214500 -0.251900
v 0.394500 -0.205500 -0.244300
v 0.394500 -0.208500 -0.244700
v 0.391500 -0.205500 -0.246200
v 0.391100 -0.208200 -0.246800
v 0.391500 -0.211500 -0.246800
v 0.394500 -0.211500 -0.245300
v 0.391600 -0.214800 -0.247200
v 0.389500 -0.214400 -0.248100
v 0.394500 -0.214500 -0.246600
v 0.394500 -0.217400 -0.248100
v 0.388500 -0.208500 -0.248100
v 0.385500 -0.205500 -0.248300
v 0.385500 -0.208500 -0.249100
v 0.388500 -0.211500 -0.248300
v 0.385500 -0.211500 -0.249600
v 0.400500 -0.207300 -0.241500
v 0.400500 -0.208500 -0.242500
v 0.397500 -0.208500 -0.242900
v 0.403500 -0.207600 -0.241500
v 0.403500 -0.208500 -0.242200
v 0.397500 -0.211500 -0.244700
v 0.400500 -0.211500 -0.244800
v 0.403500 -0.211500 -0.244600
v 0.406500 -0.211500 -0.243100
v 0.408300 -0.211500 -0.241500
v 0.406500 -0.214500 -0.244400
v 0.400500 -0.214600 -0.246900
v 0.397700 -0.214800 -0.247200
v 0.403500 -0.214500 -0.246000
v 0.322100 -0.218700 -0.244200
v 0.322800 -0.220400 -0.241900
v 0.322700 -0.223400 -0.242000
v 0.321700 -0.223500 -0.244500
v 0.323000 -0.226500 -0.242300
v 0.321900 -0.226500 -0.244500
v 0.321200 -0.220500 -0.247500
v 0.321000 -0.223500 -0.247500
v 0.321000 -0.226500 -0.247500
v 0.321000 -0.220500 -0.250500
v 0.320500 -0.223500 -0.250500
v 0.320400 -0.226500 -0.250500
v 0.388500 -0.220300 -0.250900
v 0.385500 -0.217500 -0.251400
v 0.388500 -0.217500 -0.249300
v 0.391400 -0.217700 -0.248300
v 0.394500 -0.220500 -0.249700
v 0.391500 -0.221800 -0.250500
v 0.394800 -0.223500 -0.250700
v 0.397100 -0.226800 -0.250000
v 0.385400 -0.221000 -0.253500
v 0.388400 -0.224100 -0.253300
v 0.391500 -0.223500 -0.251300
v 0.391500 -0.226500 -0.252700
v 0.394500 -0.226500 -0.251200
v 0.406500 -0.217500 -0.244700
v 0.406500 -0.220500 -0.244500
v 0.406500 -0.223500 -0.244300
v 0.406500 -0.226500 -0.244900
v 0.403400 -0.217400 -0.246800
v 0.403500 -0.220400 -0.247000
v 0.403500 -0.223500 -0.246700
v 0.401800 -0.226400 -0.247500
v 0.403500 -0.226500 -0.246500
v 0.400500 -0.220500 -0.248700
v 0.397500 -0.217500 -0.248500
v 0.400500 -0.217500 -0.248100
v 0.397500 -0.220500 -0.249500
v 0.400500 -0.223500 -0.248600
v 0.397500 -0.223500 -0.249900
v 0.400500 -0.226500 -0.248300
v 0.409500 -0.223500 -0.242200
v 0.409500 -0.221500 -0.241500
v 0.412500 -0.226500 -0.242600
v 0.409500 -0.226500 -0.243900
v 0.413600 -0.226500 -0.241500
v 0.322300 -0.229600 -0.244500
v 0.324100 -0.229500 -0.241600
v 0.323900 -0.235500 -0.244500
v 0.325300 -0.238700 -0.244300
v 0.321300 -0.232500 -0.247500
v 0.321100 -0.229500 -0.247500
v 0.322000 -0.235400 -0.247400
v 0.322600 -0.238500 -0.247600
v 0.320200 -0.229500 -0.250500
v 0.320100 -0.232500 -0.250500
v 0.320300 -0.235500 -0.250500
v 0.320900 -0.238500 -0.250500
v 0.319500 -0.232500 -0.252400
v 0.319200 -0.235600 -0.253400
v 0.319400 -0.238900 -0.253400
v 0.394600 -0.229500 -0.251800
v 0.393900 -0.232500 -0.253500
v 0.403500 -0.229500 -0.246800
v 0.400500 -0.229500 -0.247900
v 0.406500 -0.232500 -0.247500
v 0.406500 -0.229500 -0.246100
v 0.400500 -0.232500 -0.248700
v 0.397800 -0.232500 -0.250600
v 0.397500 -0.229500 -0.250000
v 0.403500 -0.232500 -0.248000
v 0.400500 -0.235500 -0.250600
v 0.403500 -0.235500 -0.249300
v 0.406500 -0.235500 -0.248700
v 0.403600 -0.238500 -0.250900
v 0.406500 -0.238500 -0.249800
v 0.406500 -0.241400 -0.250900
v 0.397600 -0.235500 -0.252800
v 0.400600 -0.238600 -0.252800
v 0.412500 -0.232400 -0.244600
v 0.409500 -0.229300 -0.245300
v 0.412500 -0.229500 -0.243700
v 0.415000 -0.232500 -0.241500
v 0.414300 -0.235500 -0.241500
v 0.412600 -0.235500 -0.245500
v 0.413800 -0.238500 -0.241500
v 0.412500 -0.238500 -0.244800
v 0.409500 -0.232500 -0.246700
v 0.409600 -0.235500 -0.247600
v 0.410400 -0.238500 -0.247500
v 0.409500 -0.238500 -0.248700
v 0.325000 -0.241500 -0.246400
v 0.320400 -0.241300 -0.252600
v 0.322700 -0.243900 -0.250600
v 0.322500 -0.241500 -0.249300
v 0.325500 -0.248200 -0.250400
v 0.322500 -0.247600 -0.253400
v 0.327400 -0.241900 -0.244200
v 0.331500 -0.247800 -0.244400
v 0.334600 -0.247400 -0.241500
v 0.334200 -0.250600 -0.244200
v 0.325700 -0.244200 -0.247600
v 0.330100 -0.249200 -0.246600
v 0.331600 -0.253100 -0.247800
v 0.328500 -0.250500 -0.249100
v 0.328800 -0.253400 -0.250600
v 0.337500 -0.250500 -0.241500
v 0.340800 -0.253500 -0.241700
v 0.408200 -0.244500 -0.250500
v 0.406900 -0.247500 -0.251400
v 0.408000 -0.250500 -0.250500
v 0.403500 -0.241500 -0.252500
v 0.406500 -0.244500 -0.251500
v 0.406500 -0.250500 -0.251700
v 0.412400 -0.241400 -0.244300
v 0.412400 -0.244300 -0.241500
v 0.411300 -0.244500 -0.244500
v 0.413200 -0.241500 -0.241500
v 0.411100 -0.247500 -0.241500
v 0.411400 -0.247500 -0.244500
v 0.410800 -0.250500 -0.244500
v 0.409500 -0.251900 -0.241500
v 0.410600 -0.241500 -0.247500
v 0.410500 -0.247200 -0.247300
v 0.410200 -0.250500 -0.247500
v 0.409500 -0.244500 -0.249600
v 0.409500 -0.241500 -0.249100
v 0.409500 -0.247500 -0.249200
v 0.409500 -0.250500 -0.249000
v 0.337200 -0.254400 -0.244400
v 0.334500 -0.256500 -0.247500
v 0.337500 -0.261100 -0.247700
v 0.331600 -0.257900 -0.250400
v 0.334600 -0.262300 -0.250500
v 0.327900 -0.256700 -0.253200
v 0.331400 -0.263000 -0.253400
v 0.339300 -0.256500 -0.244400
v 0.340500 -0.253500 -0.241900
v 0.343700 -0.256500 -0.242000
v 0.343700 -0.262300 -0.244900
v 0.346400 -0.262400 -0.243600
v 0.337500 -0.256500 -0.245500
v 0.339800 -0.263000 -0.247600
v 0.349500 -0.262500 -0.242200
v 0.405800 -0.256500 -0.241500
v 0.406500 -0.255400 -0.241500
v 0.408100 -0.256500 -0.244500
v 0.408400 -0.253500 -0.241500
v 0.406200 -0.259500 -0.244500
v 0.404200 -0.259500 -0.241500
v 0.403500 -0.262000 -0.244500
v 0.403500 -0.260600 -0.241500
v 0.402600 -0.262500 -0.241500
v 0.400500 -0.262500 -0.242500
v 0.408000 -0.256500 -0.247500
v 0.407300 -0.259500 -0.247500
v 0.403500 -0.262500 -0.245100
v 0.405500 -0.262500 -0.247500
v 0.406500 -0.261000 -0.247500
v 0.400500 -0.262500 -0.246100
v 0.407700 -0.253500 -0.250500
v 0.407100 -0.256500 -0.250500
v 0.406900 -0.259500 -0.250500
v 0.405500 -0.262500 -0.250500
v 0.406500 -0.260700 -0.250500
v 0.405900 -0.254200 -0.252700
v 0.406500 -0.256500 -0.252000
v 0.406500 -0.259500 -0.251900
v 0.409700 -0.253600 -0.244500
v 0.409500 -0.253900 -0.244500
v 0.409500 -0.253500 -0.247600
v 0.337400 -0.266000 -0.250500
v 0.333300 -0.265400 -0.253300
v 0.348900 -0.265400 -0.244000
v 0.344200 -0.265600 -0.246600
v 0.345600 -0.268600 -0.247500
v 0.347900 -0.271400 -0.247500
v 0.340100 -0.268500 -0.250300
v 0.343300 -0.271400 -0.249900
v 0.346700 -0.277700 -0.250500
v 0.337500 -0.268500 -0.251800
v 0.340500 -0.271500 -0.251400
v 0.337300 -0.271700 -0.253000
v 0.340500 -0.274500 -0.252700
v 0.350500 -0.268400 -0.244700
v 0.355500 -0.268500 -0.242200
v 0.354200 -0.271500 -0.244300
v 0.357600 -0.274900 -0.243800
v 0.349800 -0.274400 -0.247500
v 0.364800 -0.277500 -0.241700
v 0.397300 -0.265500 -0.244500
v 0.392700 -0.271500 -0.241500
v 0.394500 -0.270300 -0.241500
v 0.391500 -0.274500 -0.242600
v 0.394200 -0.274500 -0.244500
v 0.394500 -0.274100 -0.244500
v 0.384800 -0.277500 -0.241700
v 0.391500 -0.276700 -0.244500
v 0.394300 -0.274500 -0.247500
v 0.398100 -0.268500 -0.241500
v 0.399000 -0.268500 -0.244500
v 0.400500 -0.265700 -0.241500
v 0.397500 -0.265500 -0.244200
v 0.400500 -0.265500 -0.241900
v 0.397500 -0.271500 -0.244200
v 0.397600 -0.271500 -0.244500
v 0.397500 -0.269500 -0.241500
v 0.397500 -0.271700 -0.244500
v 0.397500 -0.268500 -0.245500
v 0.403500 -0.266400 -0.247500
v 0.403500 -0.265500 -0.246300
v 0.400500 -0.269700 -0.247500
v 0.400500 -0.268500 -0.246300
v 0.400500 -0.265500 -0.245800
v 0.404400 -0.265500 -0.247500
v 0.397500 -0.271500 -0.246100
v 0.399700 -0.268500 -0.247500
v 0.401600 -0.268500 -0.250500
v 0.403600 -0.265600 -0.250700
v 0.397500 -0.268500 -0.249200
v 0.397500 -0.271500 -0.247800
v 0.400500 -0.269400 -0.250500
v 0.398300 -0.271500 -0.250500
v 0.397500 -0.272500 -0.250500
v 0.397500 -0.274500 -0.252200
v 0.349500 -0.281400 -0.250300
v 0.341000 -0.277500 -0.253600
v 0.343500 -0.280900 -0.253300
v 0.346500 -0.283500 -0.252600
v 0.358400 -0.278500 -0.244700
v 0.361500 -0.281000 -0.244300
v 0.352400 -0.277500 -0.247400
v 0.353600 -0.280500 -0.247700
v 0.356400 -0.283500 -0.247500
v 0.358500 -0.283500 -0.246500
v 0.358500 -0.286500 -0.247500
v 0.350500 -0.283500 -0.250500
v 0.352500 -0.283500 -0.249600
v 0.354600 -0.284600 -0.248800
v 0.352500 -0.286800 -0.250400
v 0.349500 -0.286500 -0.252100
v 0.361500 -0.277500 -0.243000
v 0.364500 -0.280500 -0.243200
v 0.367500 -0.280500 -0.242500
v 0.370100 -0.282100 -0.242800
v 0.364400 -0.283800 -0.244300
v 0.367600 -0.284300 -0.244000
v 0.370500 -0.286200 -0.244700
v 0.361500 -0.283500 -0.245200
v 0.361600 -0.289000 -0.247300
v 0.376500 -0.280500 -0.241900
v 0.373500 -0.280400 -0.241500
v 0.379400 -0.279500 -0.241500
v 0.382500 -0.280500 -0.243100
v 0.385600 -0.280300 -0.244700
v 0.376400 -0.285200 -0.244300
v 0.379500 -0.283500 -0.244100
v 0.380300 -0.283500 -0.244500
v 0.373500 -0.286400 -0.244500
v 0.379500 -0.284100 -0.244500
v 0.382500 -0.283500 -0.245900
v 0.376500 -0.286500 -0.245500
v 0.379600 -0.286500 -0.247500
v 0.382500 -0.284900 -0.247500
v 0.382500 -0.289000 -0.250500
v 0.388500 -0.277500 -0.243100
v 0.388500 -0.278700 -0.244500
v 0.390300 -0.277500 -0.244500
v 0.388500 -0.280500 -0.245900
v 0.391500 -0.280500 -0.247500
v 0.393800 -0.277500 -0.247500
v 0.388500 -0.282900 -0.247500
v 0.386400 -0.283500 -0.247500
v 0.385500 -0.283700 -0.247400
v 0.391500 -0.280500 -0.247800
v 0.388500 -0.280500 -0.250200
v 0.388500 -0.281100 -0.250500
v 0.388500 -0.283500 -0.248700
v 0.389500 -0.283500 -0.250500
v 0.385500 -0.288200 -0.250500
v 0.386800 -0.286500 -0.250500
v 0.388500 -0.284400 -0.250500
v 0.394500 -0.277500 -0.252100
v 0.358500 -0.292300 -0.249200
v 0.355500 -0.292500 -0.250400
v 0.358500 -0.289500 -0.248500
v 0.358400 -0.295800 -0.250300
v 0.349500 -0.289500 -0.252700
v 0.352000 -0.294200 -0.252600
v 0.349400 -0.291600 -0.253200
v 0.355500 -0.295500 -0.251300
v 0.351100 -0.297000 -0.253500
v 0.355500 -0.298500 -0.252200
v 0.358500 -0.298500 -0.251300
v 0.364500 -0.289500 -0.246700
v 0.364500 -0.292000 -0.247700
v 0.367700 -0.289900 -0.246500
v 0.367500 -0.292200 -0.247700
v 0.370400 -0.291900 -0.247600
v 0.361500 -0.292500 -0.248400
v 0.364500 -0.295500 -0.249200
v 0.361500 -0.295500 -0.249500
v 0.367500 -0.295500 -0.249100
v 0.370500 -0.295500 -0.249700
v 0.373400 -0.295400 -0.250500
v 0.361400 -0.298300 -0.250800
v 0.364400 -0.298400 -0.250800
v 0.367500 -0.298000 -0.250600
v 0.370500 -0.300000 -0.253000
v 0.373500 -0.289500 -0.246200
v 0.373500 -0.291400 -0.247500
v 0.376700 -0.289600 -0.247300
v 0.376300 -0.293800 -0.250500
v 0.373500 -0.292500 -0.248400
v 0.379000 -0.291600 -0.250400
v 0.379500 -0.289500 -0.248900
v 0.381800 -0.289500 -0.250500
v 0.382500 -0.289500 -0.250900
v 0.382500 -0.292900 -0.253200
v 0.376500 -0.295500 -0.251700
v 0.379500 -0.295600 -0.253100
v 0.373300 -0.299100 -0.253100
v 0.385500 -0.289500 -0.251500
v 0.355500 -0.301500 -0.252700
v 0.355500 -0.304500 -0.253500
v 0.358500 -0.304500 -0.253200
v 0.358500 -0.301500 -0.252100
v 0.364500 -0.301500 -0.252100
v 0.361500 -0.304900 -0.253300
v 0.361500 -0.301500 -0.251800
v 0.367600 -0.301600 -0.252900
v 0.340400 -0.190400 -0.254200
v 0.346500 -0.193000 -0.255500
v 0.349400 -0.193200 -0.253800
v 0.334200 -0.196600 -0.254800
v 0.337400 -0.196500 -0.256800
v 0.330900 -0.199500 -0.253700
v 0.334300 -0.199400 -0.257100
v 0.328400 -0.202100 -0.253500
v 0.331100 -0.202000 -0.256600
v 0.328000 -0.205000 -0.256600
v 0.334400 -0.202400 -0.259700
v 0.331500 -0.205900 -0.261300
v 0.334400 -0.205200 -0.262500
v 0.340600 -0.194000 -0.256300
v 0.343500 -0.195000 -0.257100
v 0.346500 -0.195200 -0.256800
v 0.340500 -0.199400 -0.259800
v 0.337500 -0.199700 -0.259200
v 0.343500 -0.199500 -0.260000
v 0.346600 -0.199500 -0.259800
v 0.337500 -0.202600 -0.261500
v 0.340500 -0.202500 -0.262200
v 0.343500 -0.202500 -0.262500
v 0.340500 -0.202800 -0.262500
v 0.346500 -0.202700 -0.262500
v 0.351500 -0.196500 -0.253500
v 0.349500 -0.196500 -0.255800
v 0.353000 -0.200100 -0.255200
v 0.349500 -0.197400 -0.256500
v 0.352500 -0.197600 -0.253500
v 0.355300 -0.202900 -0.255600
v 0.355500 -0.201100 -0.253500
v 0.349500 -0.200000 -0.258400
v 0.352300 -0.203200 -0.259000
v 0.349500 -0.202500 -0.260800
v 0.349500 -0.204000 -0.262500
v 0.364300 -0.205100 -0.253700
v 0.361500 -0.205200 -0.253800
v 0.325400 -0.208400 -0.256600
v 0.324200 -0.208500 -0.253500
v 0.323100 -0.211500 -0.253500
v 0.323900 -0.211500 -0.256300
v 0.322400 -0.214200 -0.253500
v 0.322400 -0.217100 -0.256500
v 0.325400 -0.211400 -0.259600
v 0.327200 -0.208500 -0.259500
v 0.328400 -0.208100 -0.260700
v 0.330900 -0.208300 -0.263200
v 0.327500 -0.211500 -0.262500
v 0.328500 -0.210000 -0.262500
v 0.325600 -0.214200 -0.261600
v 0.337500 -0.205500 -0.264000
v 0.340400 -0.205600 -0.265100
v 0.343500 -0.205700 -0.265500
v 0.346500 -0.205600 -0.265200
v 0.358500 -0.205800 -0.256400
v 0.355000 -0.205700 -0.259400
v 0.358500 -0.208400 -0.259600
v 0.352400 -0.205700 -0.262400
v 0.356600 -0.209200 -0.263300
v 0.361500 -0.212000 -0.262100
v 0.349600 -0.206400 -0.265100
v 0.358500 -0.211600 -0.265500
v 0.364500 -0.208600 -0.256500
v 0.361500 -0.207800 -0.256500
v 0.367400 -0.208800 -0.256100
v 0.367500 -0.205500 -0.254000
v 0.370500 -0.208500 -0.255300
v 0.370500 -0.211400 -0.257000
v 0.361500 -0.208500 -0.257300
v 0.364400 -0.211700 -0.259400
v 0.361500 -0.210400 -0.259500
v 0.367500 -0.211500 -0.258000
v 0.367500 -0.213200 -0.259500
v 0.370500 -0.214800 -0.259300
v 0.364500 -0.214200 -0.262600
v 0.367500 -0.214500 -0.260700
v 0.367500 -0.216100 -0.262500
v 0.373500 -0.207800 -0.253600
v 0.376500 -0.211200 -0.254000
v 0.373300 -0.213000 -0.256800
v 0.376500 -0.216700 -0.256900
v 0.382200 -0.216800 -0.253600
v 0.321100 -0.220100 -0.253500
v 0.321600 -0.220500 -0.256500
v 0.320400 -0.223500 -0.253500
v 0.320700 -0.223500 -0.256500
v 0.319900 -0.226500 -0.253500
v 0.319900 -0.226500 -0.256500
v 0.319500 -0.228300 -0.256500
v 0.322500 -0.220500 -0.259600
v 0.323500 -0.217500 -0.259500
v 0.321400 -0.223500 -0.259500
v 0.320200 -0.226500 -0.259500
v 0.319400 -0.229100 -0.259500
v 0.323800 -0.220500 -0.262500
v 0.325400 -0.217500 -0.263100
v 0.322500 -0.223500 -0.262500
v 0.373600 -0.217600 -0.259400
v 0.370500 -0.218500 -0.262500
v 0.370500 -0.217500 -0.261400
v 0.373300 -0.221000 -0.262200
v 0.367400 -0.217600 -0.264900
v 0.370500 -0.220600 -0.265400
v 0.379800 -0.223100 -0.258100
v 0.383100 -0.223500 -0.256300
v 0.385500 -0.226700 -0.256500
v 0.376500 -0.221000 -0.259300
v 0.379200 -0.225000 -0.259600
v 0.382500 -0.228300 -0.259500
v 0.376500 -0.224900 -0.262500
v 0.379600 -0.228600 -0.262600
v 0.379500 -0.226500 -0.260500
v 0.373500 -0.223500 -0.265100
v 0.376200 -0.226500 -0.265100
v 0.319500 -0.229500 -0.253500
v 0.319300 -0.229500 -0.256500
v 0.319200 -0.232500 -0.253500
v 0.318800 -0.232500 -0.256500
v 0.318500 -0.235500 -0.256500
v 0.318600 -0.238500 -0.256500
v 0.318700 -0.232500 -0.259500
v 0.318300 -0.235500 -0.259500
v 0.318100 -0.238500 -0.259500
v 0.319800 -0.229700 -0.262300
v 0.319000 -0.232500 -0.262500
v 0.318300 -0.235500 -0.262500
v 0.317900 -0.238500 -0.262500
v 0.319500 -0.232900 -0.265500
v 0.383100 -0.229500 -0.259900
v 0.382700 -0.231900 -0.262700
v 0.388500 -0.229800 -0.256400
v 0.391500 -0.232500 -0.255600
v 0.391400 -0.233700 -0.256500
v 0.391800 -0.229300 -0.253900
v 0.394400 -0.235700 -0.255600
v 0.396900 -0.238700 -0.256000
v 0.385400 -0.231400 -0.259500
v 0.385500 -0.229500 -0.258100
v 0.388400 -0.234700 -0.259600
v 0.391500 -0.235500 -0.257600
v 0.391500 -0.238400 -0.259900
v 0.394600 -0.241500 -0.259600
v 0.385500 -0.235100 -0.262600
v 0.388500 -0.238500 -0.262400
v 0.318800 -0.241500 -0.256500
v 0.319400 -0.244500 -0.256400
v 0.321100 -0.244500 -0.253500
v 0.319800 -0.247300 -0.257200
v 0.322800 -0.249500 -0.254300
v 0.322800 -0.253400 -0.257100
v 0.318000 -0.241500 -0.259500
v 0.318300 -0.244500 -0.259500
v 0.318800 -0.247500 -0.259500
v 0.319600 -0.250500 -0.260200
v 0.317700 -0.241500 -0.262500
v 0.317600 -0.244500 -0.262500
v 0.317900 -0.247500 -0.262500
v 0.318600 -0.250500 -0.262500
v 0.326100 -0.253500 -0.253500
v 0.397300 -0.245100 -0.259300
v 0.391400 -0.241500 -0.262300
v 0.394500 -0.244500 -0.261400
v 0.394600 -0.246700 -0.262600
v 0.396500 -0.250500 -0.262500
v 0.388500 -0.241500 -0.265500
v 0.391700 -0.246100 -0.265100
v 0.394200 -0.250600 -0.265400
v 0.398300 -0.241500 -0.256800
v 0.400500 -0.244500 -0.256300
v 0.403600 -0.244500 -0.253600
v 0.402300 -0.241500 -0.253500
v 0.403500 -0.247500 -0.254400
v 0.401100 -0.247400 -0.256800
v 0.404400 -0.247500 -0.253500
v 0.403500 -0.250400 -0.254900
v 0.401800 -0.250500 -0.256500
v 0.398200 -0.247400 -0.259600
v 0.400000 -0.250100 -0.258400
v 0.397500 -0.250500 -0.261400
v 0.325400 -0.256500 -0.255800
v 0.321300 -0.253500 -0.259500
v 0.322300 -0.256500 -0.259600
v 0.323500 -0.259500 -0.259500
v 0.319500 -0.253500 -0.262500
v 0.321800 -0.258900 -0.261300
v 0.322500 -0.263500 -0.262400
v 0.319500 -0.256500 -0.264300
v 0.319400 -0.259500 -0.265500
v 0.325800 -0.259400 -0.256600
v 0.328800 -0.259100 -0.253600
v 0.328400 -0.263000 -0.256100
v 0.325500 -0.264100 -0.259400
v 0.397500 -0.253500 -0.262500
v 0.402300 -0.253300 -0.256400
v 0.403600 -0.257500 -0.254500
v 0.402100 -0.258000 -0.256300
v 0.404900 -0.256500 -0.253500
v 0.405000 -0.259500 -0.253500
v 0.403800 -0.262500 -0.254000
v 0.401700 -0.262500 -0.256500
v 0.399700 -0.253500 -0.259500
v 0.400400 -0.256500 -0.258900
v 0.399900 -0.259700 -0.259000
v 0.399800 -0.262700 -0.258800
v 0.397900 -0.256500 -0.262500
v 0.397700 -0.259500 -0.262800
v 0.397700 -0.265200 -0.262700
v 0.397500 -0.256500 -0.263000
v 0.325500 -0.271600 -0.262400
v 0.322500 -0.268500 -0.264500
v 0.329300 -0.265000 -0.256300
v 0.331200 -0.268400 -0.256200
v 0.334700 -0.268200 -0.253500
v 0.332200 -0.271400 -0.256600
v 0.334500 -0.271500 -0.255100
v 0.334500 -0.274700 -0.256500
v 0.328500 -0.268500 -0.258400
v 0.326800 -0.268300 -0.259900
v 0.328500 -0.271500 -0.259500
v 0.329200 -0.274400 -0.260300
v 0.331500 -0.277200 -0.259500
v 0.326100 -0.274300 -0.262800
v 0.337700 -0.274500 -0.254300
v 0.400400 -0.268500 -0.256400
v 0.401000 -0.265500 -0.256500
v 0.401200 -0.268500 -0.253500
v 0.402300 -0.265500 -0.253500
v 0.400500 -0.270400 -0.253500
v 0.400100 -0.271500 -0.253500
v 0.399400 -0.271500 -0.256500
v 0.398600 -0.274500 -0.253500
v 0.398900 -0.274500 -0.256500
v 0.397500 -0.275600 -0.253500
v 0.397500 -0.277200 -0.257200
v 0.400500 -0.265500 -0.257300
v 0.398800 -0.268500 -0.259500
v 0.399000 -0.271500 -0.259500
v 0.398400 -0.274500 -0.259500
v 0.397500 -0.268500 -0.262500
v 0.397600 -0.271500 -0.262800
v 0.397500 -0.274500 -0.262900
v 0.336600 -0.277500 -0.256500
v 0.334500 -0.277500 -0.258000
v 0.334100 -0.280500 -0.259200
v 0.334600 -0.283500 -0.259800
v 0.335700 -0.288900 -0.259800
v 0.328600 -0.280300 -0.262700
v 0.328500 -0.277500 -0.262000
v 0.331500 -0.280500 -0.261100
v 0.329300 -0.283700 -0.263000
v 0.331100 -0.286500 -0.262300
v 0.325400 -0.277700 -0.264600
v 0.325300 -0.280400 -0.265000
v 0.325500 -0.285500 -0.265500
v 0.338800 -0.281000 -0.256500
v 0.340000 -0.283300 -0.256400
v 0.343500 -0.283500 -0.254400
v 0.344900 -0.283500 -0.253500
v 0.340800 -0.285400 -0.256500
v 0.346700 -0.287100 -0.253600
v 0.337500 -0.283500 -0.258200
v 0.394500 -0.280500 -0.255100
v 0.396200 -0.280500 -0.256500
v 0.394500 -0.278200 -0.253500
v 0.395300 -0.277500 -0.253500
v 0.397000 -0.277500 -0.256500
v 0.394500 -0.282100 -0.256500
v 0.396000 -0.280500 -0.259500
v 0.394500 -0.283500 -0.259300
v 0.394700 -0.283500 -0.259500
v 0.392100 -0.286500 -0.259500
v 0.391500 -0.286500 -0.258900
v 0.391500 -0.283500 -0.258100
v 0.391500 -0.287100 -0.259500
v 0.396400 -0.277500 -0.262500
v 0.395600 -0.280500 -0.262500
v 0.395300 -0.283500 -0.262500
v 0.392700 -0.286500 -0.262500
v 0.394500 -0.284400 -0.262500
v 0.397500 -0.277900 -0.259500
v 0.397800 -0.277500 -0.259500
v 0.397500 -0.277500 -0.260400
v 0.336600 -0.292600 -0.259800
v 0.331300 -0.289700 -0.262400
v 0.331700 -0.292500 -0.262600
v 0.334500 -0.295500 -0.261200
v 0.331800 -0.295500 -0.262600
v 0.331300 -0.298500 -0.262400
v 0.327300 -0.289800 -0.265100
v 0.326700 -0.295100 -0.265400
v 0.328500 -0.298500 -0.264000
v 0.342000 -0.289800 -0.256800
v 0.343300 -0.292500 -0.256400
v 0.349500 -0.295500 -0.253900
v 0.344500 -0.295700 -0.256300
v 0.346500 -0.298500 -0.255600
v 0.344200 -0.298500 -0.256500
v 0.340700 -0.294200 -0.257900
v 0.337700 -0.298100 -0.259500
v 0.340500 -0.298500 -0.258300
v 0.349300 -0.301100 -0.254800
v 0.383800 -0.292500 -0.253500
v 0.384000 -0.292500 -0.256500
v 0.382500 -0.297000 -0.256500
v 0.383500 -0.295500 -0.256500
v 0.375100 -0.298400 -0.253500
v 0.379500 -0.298500 -0.255300
v 0.381100 -0.298500 -0.256500
v 0.376500 -0.301200 -0.256500
v 0.379500 -0.300000 -0.256500
v 0.382500 -0.295500 -0.258700
v 0.382500 -0.292500 -0.257200
v 0.382500 -0.297600 -0.259500
v 0.382700 -0.298500 -0.259500
v 0.388500 -0.289500 -0.261200
v 0.388500 -0.290800 -0.262500
v 0.391500 -0.289500 -0.262100
v 0.391500 -0.289900 -0.262500
v 0.391900 -0.289500 -0.262500
v 0.388500 -0.292500 -0.264200
v 0.322700 -0.310900 -0.262700
v 0.322500 -0.307500 -0.264500
v 0.319500 -0.310500 -0.264200
v 0.337500 -0.301500 -0.259500
v 0.337500 -0.310500 -0.259300
v 0.334500 -0.313500 -0.259500
v 0.331100 -0.301400 -0.262500
v 0.331200 -0.304400 -0.262300
v 0.334500 -0.304500 -0.261000
v 0.334500 -0.301500 -0.260900
v 0.328400 -0.307400 -0.262500
v 0.331600 -0.307800 -0.261600
v 0.328400 -0.312100 -0.261000
v 0.334500 -0.310500 -0.260100
v 0.325200 -0.301500 -0.265400
v 0.328500 -0.304500 -0.263400
v 0.328500 -0.301500 -0.263900
v 0.325500 -0.304500 -0.264600
v 0.325500 -0.307500 -0.263300
v 0.344600 -0.301500 -0.256400
v 0.347100 -0.307600 -0.256500
v 0.349500 -0.313500 -0.256500
v 0.340800 -0.303000 -0.258200
v 0.343500 -0.304500 -0.257300
v 0.337500 -0.307600 -0.259500
v 0.340500 -0.307500 -0.258400
v 0.346100 -0.309700 -0.257000
v 0.343100 -0.313000 -0.257700
v 0.343500 -0.310500 -0.257500
v 0.352500 -0.304500 -0.254400
v 0.352800 -0.301500 -0.253500
v 0.349500 -0.307100 -0.255700
v 0.352500 -0.307500 -0.255100
v 0.355500 -0.307500 -0.254500
v 0.358500 -0.307500 -0.254300
v 0.358500 -0.305200 -0.253500
v 0.352500 -0.310500 -0.255900
v 0.349500 -0.310500 -0.256300
v 0.355500 -0.310500 -0.255600
v 0.358500 -0.310500 -0.255600
v 0.355500 -0.313500 -0.256500
v 0.358500 -0.313400 -0.256800
v 0.364300 -0.304400 -0.253600
v 0.367500 -0.304500 -0.254600
v 0.370500 -0.301500 -0.254300
v 0.370800 -0.304800 -0.256300
v 0.361500 -0.307500 -0.254500
v 0.364500 -0.307500 -0.255500
v 0.367500 -0.307500 -0.256700
v 0.362700 -0.310500 -0.256500
v 0.361600 -0.311000 -0.256300
v 0.370500 -0.307500 -0.258300
v 0.364500 -0.310500 -0.257200
v 0.367500 -0.311300 -0.259400
v 0.370500 -0.309100 -0.259500
v 0.364400 -0.313500 -0.259500
v 0.370500 -0.310500 -0.260500
v 0.373500 -0.301500 -0.254900
v 0.373400 -0.304300 -0.256900
v 0.376100 -0.301500 -0.256500
v 0.376500 -0.301500 -0.256800
v 0.376500 -0.304500 -0.258100
v 0.379200 -0.303500 -0.259500
v 0.379500 -0.301500 -0.258300
v 0.380300 -0.301500 -0.259500
v 0.376500 -0.306400 -0.259500
v 0.374900 -0.307500 -0.259500
v 0.373500 -0.307500 -0.258600
v 0.376500 -0.304500 -0.261000
v 0.379500 -0.301500 -0.260000
v 0.376500 -0.306800 -0.262500
v 0.376500 -0.307500 -0.261400
v 0.377000 -0.307500 -0.262500
v 0.373500 -0.310500 -0.261200
v 0.374700 -0.310500 -0.262500
v 0.376500 -0.308100 -0.262500
v 0.373500 -0.312100 -0.262500
v 0.376500 -0.307500 -0.262800
v 0.322000 -0.313000 -0.262200
v 0.318400 -0.316700 -0.262600
v 0.325600 -0.316400 -0.260500
v 0.317300 -0.319700 -0.262600
v 0.325200 -0.319600 -0.260200
v 0.319500 -0.322500 -0.261700
v 0.316600 -0.322500 -0.262500
v 0.312900 -0.316300 -0.265300
v 0.314200 -0.313500 -0.265500
v 0.313500 -0.319600 -0.264300
v 0.330200 -0.316600 -0.259500
v 0.336900 -0.316100 -0.258700
v 0.328500 -0.319500 -0.259400
v 0.332800 -0.319700 -0.258700
v 0.328400 -0.322400 -0.259300
v 0.333100 -0.322500 -0.258500
v 0.331500 -0.313500 -0.260000
v 0.339100 -0.313600 -0.258600
v 0.340500 -0.316500 -0.258300
v 0.343500 -0.316500 -0.257800
v 0.346500 -0.316500 -0.257400
v 0.346500 -0.313500 -0.257100
v 0.340500 -0.319500 -0.258200
v 0.337500 -0.319500 -0.258300
v 0.343500 -0.319500 -0.258000
v 0.346500 -0.319500 -0.258000
v 0.340500 -0.322500 -0.258300
v 0.337500 -0.322500 -0.258200
v 0.343800 -0.322500 -0.258500
v 0.352500 -0.313500 -0.256500
v 0.352500 -0.316500 -0.257400
v 0.349600 -0.316700 -0.257200
v 0.355500 -0.319500 -0.258600
v 0.358500 -0.316500 -0.258200
v 0.358400 -0.319500 -0.259600
v 0.352500 -0.322500 -0.259000
v 0.349500 -0.322500 -0.258700
v 0.355600 -0.322200 -0.259600
v 0.352500 -0.325400 -0.259900
v 0.358500 -0.322500 -0.261500
v 0.359100 -0.323100 -0.262500
v 0.361500 -0.313500 -0.257500
v 0.361500 -0.316500 -0.259500
v 0.364500 -0.316500 -0.260900
v 0.367300 -0.316300 -0.262600
v 0.367500 -0.313500 -0.260700
v 0.370400 -0.313700 -0.262300
v 0.371100 -0.313500 -0.262500
v 0.361500 -0.319500 -0.261000
v 0.364300 -0.319200 -0.262500
v 0.361500 -0.321500 -0.262500
v 0.370500 -0.316500 -0.264100
v 0.367500 -0.319500 -0.264600
v 0.361500 -0.322500 -0.262900
v 0.364500 -0.322500 -0.264000
v 0.310500 -0.325500 -0.264600
v 0.309500 -0.329500 -0.264400
v 0.307500 -0.331500 -0.265100
v 0.307900 -0.333200 -0.264700
v 0.325300 -0.334600 -0.259400
v 0.316500 -0.325500 -0.262000
v 0.314900 -0.325500 -0.262500
v 0.316000 -0.330800 -0.261700
v 0.313600 -0.328400 -0.262600
v 0.319500 -0.328500 -0.260900
v 0.321000 -0.327000 -0.261000
v 0.322500 -0.325500 -0.260900
v 0.313600 -0.331500 -0.262500
v 0.319400 -0.334100 -0.260700
v 0.324500 -0.332300 -0.259700
v 0.316500 -0.334500 -0.261700
v 0.313500 -0.334500 -0.262600
v 0.313500 -0.325500 -0.263000
v 0.328200 -0.326300 -0.259400
v 0.326300 -0.328500 -0.259700
v 0.331300 -0.328100 -0.259000
v 0.334600 -0.327400 -0.258700
v 0.328200 -0.333800 -0.259000
v 0.331500 -0.331500 -0.258800
v 0.334500 -0.331500 -0.259100
v 0.331400 -0.335500 -0.258900
v 0.334500 -0.334500 -0.259100
v 0.337500 -0.334500 -0.259600
v 0.338400 -0.325300 -0.258400
v 0.340500 -0.328500 -0.259100
v 0.337500 -0.328500 -0.258900
v 0.343600 -0.328500 -0.259500
v 0.343500 -0.325500 -0.258700
v 0.346200 -0.326000 -0.259100
v 0.340500 -0.331500 -0.259700
v 0.337500 -0.331500 -0.259400
v 0.343500 -0.331500 -0.260400
v 0.346400 -0.334500 -0.261800
v 0.341300 -0.335000 -0.260400
v 0.346300 -0.337300 -0.262600
v 0.349600 -0.325600 -0.259100
v 0.349500 -0.328500 -0.260500
v 0.352800 -0.328300 -0.261300
v 0.356000 -0.326600 -0.262400
v 0.355500 -0.325500 -0.261500
v 0.352900 -0.330800 -0.263100
v 0.349500 -0.331500 -0.261400
v 0.349500 -0.334500 -0.263200
v 0.355500 -0.328500 -0.263200
v 0.358500 -0.325500 -0.263400
v 0.358500 -0.328700 -0.265400
v 0.355800 -0.331200 -0.264700
v 0.352500 -0.334500 -0.264600
v 0.361500 -0.325500 -0.262900
v 0.310300 -0.340500 -0.262400
v 0.312000 -0.337200 -0.262600
v 0.310300 -0.343500 -0.262200
v 0.310500 -0.346600 -0.262300
v 0.304200 -0.336800 -0.265300
v 0.304500 -0.340500 -0.264600
v 0.307500 -0.340500 -0.263400
v 0.307500 -0.337500 -0.263900
v 0.304800 -0.343300 -0.264400
v 0.301400 -0.346500 -0.265400
v 0.305800 -0.346600 -0.264100
v 0.322500 -0.337500 -0.260100
v 0.315700 -0.340500 -0.261100
v 0.318700 -0.338000 -0.260900
v 0.320700 -0.339900 -0.260500
v 0.314700 -0.343600 -0.261100
v 0.319100 -0.343800 -0.260500
v 0.322500 -0.343500 -0.260200
v 0.315100 -0.346700 -0.261200
v 0.323300 -0.348500 -0.260400
v 0.325500 -0.340500 -0.259500
v 0.328500 -0.340800 -0.259500
v 0.325500 -0.337500 -0.259300
v 0.328500 -0.337500 -0.259100
v 0.331500 -0.340600 -0.259500
v 0.334600 -0.337700 -0.259400
v 0.334500 -0.340500 -0.259900
v 0.328500 -0.343500 -0.259900
v 0.325500 -0.343500 -0.259900
v 0.331500 -0.343500 -0.260200
v 0.334500 -0.345200 -0.261000
v 0.329100 -0.346700 -0.260700
v 0.325600 -0.347800 -0.260300
v 0.331700 -0.347600 -0.261100
v 0.337500 -0.337500 -0.260200
v 0.340500 -0.340500 -0.261200
v 0.340500 -0.337500 -0.260400
v 0.337600 -0.340600 -0.260500
v 0.343500 -0.340500 -0.262400
v 0.343500 -0.337500 -0.261500
v 0.340500 -0.343500 -0.262400
v 0.337600 -0.346500 -0.262000
v 0.337300 -0.349500 -0.262900
v 0.346500 -0.340500 -0.264300
v 0.343500 -0.343500 -0.263700
v 0.346700 -0.343700 -0.265400
v 0.340500 -0.346500 -0.263300
v 0.343600 -0.346500 -0.265300
v 0.349500 -0.337500 -0.264100
v 0.298500 -0.352500 -0.265500
v 0.310000 -0.349800 -0.262400
v 0.310500 -0.352500 -0.262200
v 0.309600 -0.355500 -0.262400
v 0.301500 -0.349500 -0.264600
v 0.306900 -0.352600 -0.263000
v 0.304500 -0.349500 -0.263800
v 0.301500 -0.352500 -0.264300
v 0.307500 -0.349500 -0.263100
v 0.304500 -0.355500 -0.263700
v 0.301500 -0.355500 -0.264400
v 0.304500 -0.358500 -0.264100
v 0.301500 -0.358500 -0.265100
v 0.309000 -0.358300 -0.263300
v 0.314000 -0.349100 -0.261300
v 0.316500 -0.352500 -0.261200
v 0.313500 -0.352500 -0.261600
v 0.319500 -0.352400 -0.260500
v 0.323300 -0.352600 -0.260500
v 0.316500 -0.355500 -0.261400
v 0.313500 -0.355500 -0.261900
v 0.319700 -0.355600 -0.261400
v 0.315400 -0.358700 -0.262500
v 0.319700 -0.359400 -0.262400
v 0.322400 -0.358600 -0.262200
v 0.326000 -0.352500 -0.260700
v 0.331500 -0.352500 -0.261500
v 0.334600 -0.352500 -0.262400
v 0.334500 -0.349500 -0.261900
v 0.328500 -0.355500 -0.261600
v 0.331500 -0.355400 -0.262600
v 0.328500 -0.358000 -0.262500
v 0.325700 -0.358800 -0.262400
v 0.334500 -0.355500 -0.263600
v 0.328500 -0.358500 -0.262800
v 0.334500 -0.358500 -0.264900
v 0.340500 -0.352700 -0.265300
v 0.340500 -0.349500 -0.264200
v 0.337500 -0.352500 -0.263700
v 0.337600 -0.355500 -0.265400
v 0.304500 -0.361500 -0.264800
v 0.307500 -0.364500 -0.264700
v 0.310200 -0.361600 -0.264000
v 0.310900 -0.364400 -0.264300
v 0.313500 -0.361500 -0.263600
v 0.316500 -0.364500 -0.264100
v 0.316500 -0.361500 -0.263400
v 0.319500 -0.364500 -0.264300
v 0.319500 -0.361500 -0.263300
v 0.322500 -0.364500 -0.264400
v 0.322500 -0.361500 -0.263600
v 0.325900 -0.361500 -0.263700
v 0.328500 -0.364500 -0.265400
v 0.325500 -0.364500 -0.264800
v 0.331500 -0.361500 -0.265000
v 0.334400 -0.208400 -0.265700
v 0.331500 -0.211000 -0.265800
v 0.334500 -0.211500 -0.268300
v 0.328500 -0.214500 -0.265700
v 0.331500 -0.214500 -0.268500
v 0.334600 -0.214400 -0.270900
v 0.340500 -0.208800 -0.268100
v 0.337500 -0.208500 -0.266900
v 0.343500 -0.208700 -0.268500
v 0.346500 -0.208600 -0.268400
v 0.337200 -0.212200 -0.270200
v 0.340600 -0.213800 -0.273200
v 0.343500 -0.211500 -0.271700
v 0.346500 -0.211400 -0.271700
v 0.349500 -0.211700 -0.271400
v 0.343500 -0.214400 -0.274600
v 0.346500 -0.214100 -0.274600
v 0.337100 -0.217100 -0.274800
v 0.352500 -0.208400 -0.266200
v 0.349500 -0.208800 -0.268000
v 0.352500 -0.211500 -0.270000
v 0.355500 -0.211600 -0.268100
v 0.355500 -0.209800 -0.265500
v 0.358700 -0.213900 -0.269000
v 0.361400 -0.215300 -0.268400
v 0.355600 -0.214000 -0.271600
v 0.358500 -0.215600 -0.271500
v 0.349500 -0.214400 -0.274700
v 0.352500 -0.214800 -0.274300
v 0.355500 -0.216200 -0.274500
v 0.361800 -0.214000 -0.265400
v 0.364500 -0.215800 -0.265500
v 0.364500 -0.217400 -0.268700
v 0.324000 -0.223500 -0.265500
v 0.322400 -0.226400 -0.265500
v 0.324400 -0.226500 -0.268500
v 0.322500 -0.229500 -0.268500
v 0.325300 -0.220800 -0.265600
v 0.327000 -0.217500 -0.265500
v 0.328500 -0.217600 -0.267600
v 0.329300 -0.217500 -0.268500
v 0.325600 -0.224400 -0.268700
v 0.328800 -0.222600 -0.271800
v 0.330000 -0.220500 -0.271500
v 0.331500 -0.218300 -0.271500
v 0.332300 -0.217500 -0.271500
v 0.331600 -0.220700 -0.273700
v 0.334500 -0.217500 -0.273400
v 0.328400 -0.228100 -0.276500
v 0.340400 -0.217700 -0.277000
v 0.358500 -0.217500 -0.274500
v 0.355500 -0.217500 -0.276400
v 0.367500 -0.219800 -0.268500
v 0.370800 -0.223200 -0.269000
v 0.364500 -0.219200 -0.271500
v 0.366900 -0.220500 -0.270700
v 0.367500 -0.221800 -0.271500
v 0.369000 -0.223500 -0.271500
v 0.370500 -0.224700 -0.271500
v 0.373200 -0.227300 -0.271400
v 0.364200 -0.220600 -0.274100
v 0.361400 -0.217400 -0.272200
v 0.367500 -0.223500 -0.274500
v 0.370400 -0.226500 -0.274300
v 0.361500 -0.220700 -0.277400
v 0.373700 -0.226200 -0.268500
v 0.376500 -0.229300 -0.268500
v 0.321000 -0.232800 -0.268600
v 0.319400 -0.235400 -0.268500
v 0.318600 -0.235500 -0.265500
v 0.317800 -0.238500 -0.265500
v 0.318400 -0.238500 -0.268500
v 0.322400 -0.233300 -0.272300
v 0.324500 -0.229500 -0.271500
v 0.319300 -0.238100 -0.271400
v 0.319500 -0.240600 -0.274600
v 0.325600 -0.229600 -0.273600
v 0.373200 -0.229500 -0.274400
v 0.378500 -0.229500 -0.265500
v 0.379500 -0.230500 -0.265500
v 0.379400 -0.232500 -0.268500
v 0.382500 -0.235500 -0.267400
v 0.376800 -0.232200 -0.271600
v 0.379400 -0.235700 -0.271400
v 0.381700 -0.238500 -0.271200
v 0.375000 -0.232500 -0.274500
v 0.376900 -0.235200 -0.274800
v 0.379500 -0.238400 -0.274500
v 0.373200 -0.232500 -0.277500
v 0.385500 -0.238300 -0.266000
v 0.385800 -0.241500 -0.268600
v 0.317600 -0.241500 -0.268500
v 0.317200 -0.244500 -0.265500
v 0.317500 -0.241500 -0.265500
v 0.317000 -0.244500 -0.268500
v 0.317200 -0.247500 -0.265500
v 0.317000 -0.247500 -0.268500
v 0.317800 -0.250800 -0.265700
v 0.317200 -0.250500 -0.268500
v 0.318200 -0.241500 -0.271500
v 0.317300 -0.244500 -0.271500
v 0.317000 -0.247500 -0.271500
v 0.317100 -0.250500 -0.271500
v 0.319000 -0.241500 -0.274500
v 0.318100 -0.244500 -0.274500
v 0.317400 -0.247500 -0.274500
v 0.317000 -0.250500 -0.274500
v 0.382300 -0.241600 -0.274200
v 0.386000 -0.244500 -0.271800
v 0.388300 -0.244600 -0.268400
v 0.391400 -0.248200 -0.267300
v 0.392300 -0.247500 -0.265500
v 0.391800 -0.250500 -0.268500
v 0.388500 -0.247500 -0.271500
v 0.390100 -0.250500 -0.271500
v 0.385700 -0.247100 -0.275900
v 0.388400 -0.250500 -0.274800
v 0.317600 -0.253500 -0.268500
v 0.319000 -0.256500 -0.265500
v 0.318100 -0.256900 -0.268300
v 0.319600 -0.262700 -0.266200
v 0.318400 -0.262500 -0.268500
v 0.317200 -0.253500 -0.271500
v 0.317100 -0.256500 -0.271500
v 0.317200 -0.259500 -0.271500
v 0.317400 -0.262500 -0.271500
v 0.316800 -0.253500 -0.274500
v 0.316500 -0.256500 -0.274500
v 0.316300 -0.259500 -0.274500
v 0.316500 -0.259500 -0.273800
v 0.316400 -0.262500 -0.274500
v 0.392800 -0.253500 -0.268500
v 0.394400 -0.256500 -0.267200
v 0.395500 -0.256500 -0.265500
v 0.394300 -0.259500 -0.268000
v 0.395900 -0.259500 -0.265500
v 0.394400 -0.262600 -0.267700
v 0.395600 -0.262500 -0.265500
v 0.391200 -0.253700 -0.271700
v 0.392000 -0.256500 -0.271500
v 0.391400 -0.259700 -0.274000
v 0.392700 -0.262500 -0.271500
v 0.389900 -0.256500 -0.276300
v 0.391200 -0.262600 -0.274900
v 0.319100 -0.265500 -0.268300
v 0.319600 -0.269300 -0.268700
v 0.320900 -0.265500 -0.265500
v 0.322500 -0.271500 -0.265500
v 0.320700 -0.274500 -0.268600
v 0.322800 -0.274300 -0.266100
v 0.317700 -0.267900 -0.271600
v 0.318100 -0.271500 -0.271500
v 0.318600 -0.274200 -0.271400
v 0.316400 -0.266000 -0.274500
v 0.316600 -0.271400 -0.274700
v 0.316500 -0.274500 -0.274500
v 0.394600 -0.265400 -0.267200
v 0.394600 -0.268400 -0.266400
v 0.393300 -0.268500 -0.268500
v 0.394300 -0.273000 -0.267800
v 0.395600 -0.271500 -0.265500
v 0.396100 -0.274500 -0.265500
v 0.392300 -0.265500 -0.271500
v 0.392300 -0.268600 -0.271000
v 0.392400 -0.274500 -0.271500
v 0.391400 -0.265600 -0.274200
v 0.391400 -0.268600 -0.273200
v 0.390800 -0.271500 -0.274500
v 0.391000 -0.274300 -0.274200
v 0.321800 -0.277500 -0.267800
v 0.321900 -0.280500 -0.268000
v 0.321900 -0.283600 -0.268100
v 0.322400 -0.286500 -0.268200
v 0.318700 -0.277200 -0.271400
v 0.318500 -0.282700 -0.271600
v 0.318900 -0.286400 -0.271400
v 0.316500 -0.277500 -0.274500
v 0.316700 -0.281600 -0.274000
v 0.316300 -0.286500 -0.274400
v 0.394400 -0.277600 -0.268200
v 0.394700 -0.280500 -0.266000
v 0.393200 -0.280500 -0.268500
v 0.395500 -0.277500 -0.265500
v 0.394500 -0.283500 -0.267100
v 0.393800 -0.283500 -0.268500
v 0.394500 -0.283800 -0.265500
v 0.392700 -0.286500 -0.265500
v 0.392400 -0.286500 -0.268500
v 0.391500 -0.279900 -0.271500
v 0.391800 -0.277500 -0.271500
v 0.391500 -0.283500 -0.271100
v 0.391200 -0.283000 -0.271500
v 0.391500 -0.286500 -0.271000
v 0.391000 -0.286500 -0.271500
v 0.391500 -0.277500 -0.271900
v 0.389600 -0.283500 -0.274500
v 0.388600 -0.286500 -0.274600
v 0.313300 -0.298500 -0.274500
v 0.310400 -0.298300 -0.277400
v 0.322500 -0.289500 -0.268400
v 0.322400 -0.294500 -0.268200
v 0.321000 -0.298200 -0.268700
v 0.319000 -0.289200 -0.271400
v 0.318400 -0.292400 -0.271400
v 0.319500 -0.295500 -0.270300
v 0.316700 -0.295400 -0.272200
v 0.316600 -0.298500 -0.271700
v 0.316000 -0.289500 -0.274300
v 0.315700 -0.292200 -0.273900
v 0.313000 -0.292100 -0.276700
v 0.313500 -0.295500 -0.275300
v 0.327100 -0.292600 -0.265400
v 0.325700 -0.298500 -0.265600
v 0.389900 -0.292500 -0.268500
v 0.391500 -0.290400 -0.268500
v 0.391500 -0.290500 -0.265500
v 0.390100 -0.292500 -0.265500
v 0.392400 -0.289500 -0.265500
v 0.392300 -0.289500 -0.268500
v 0.388500 -0.294000 -0.265500
v 0.388500 -0.294700 -0.268500
v 0.390700 -0.289500 -0.271500
v 0.391500 -0.289500 -0.270600
v 0.388000 -0.295500 -0.271500
v 0.388500 -0.294600 -0.271500
v 0.387700 -0.295500 -0.268500
v 0.385500 -0.298500 -0.270100
v 0.386900 -0.298500 -0.271500
v 0.385500 -0.296600 -0.268500
v 0.385500 -0.299900 -0.271500
v 0.388500 -0.295500 -0.272600
v 0.389200 -0.295500 -0.274500
v 0.386800 -0.298500 -0.274500
v 0.388500 -0.296200 -0.274500
v 0.385500 -0.299800 -0.274500
v 0.388500 -0.289500 -0.275400
v 0.388500 -0.292500 -0.275600
v 0.389000 -0.292500 -0.274500
v 0.388600 -0.289500 -0.274500
v 0.388500 -0.295500 -0.276900
v 0.313000 -0.310200 -0.268200
v 0.310400 -0.313400 -0.268500
v 0.313400 -0.304400 -0.271400
v 0.310200 -0.308800 -0.271500
v 0.310500 -0.310500 -0.270100
v 0.307500 -0.313400 -0.271500
v 0.310200 -0.304500 -0.274400
v 0.311100 -0.301600 -0.275100
v 0.307600 -0.308400 -0.274800
v 0.307500 -0.304500 -0.277500
v 0.319600 -0.301500 -0.268600
v 0.316700 -0.304500 -0.269100
v 0.319500 -0.304500 -0.267500
v 0.322500 -0.301500 -0.267000
v 0.322800 -0.304600 -0.265900
v 0.314100 -0.307600 -0.269100
v 0.316500 -0.307500 -0.267500
v 0.319500 -0.307800 -0.265500
v 0.316600 -0.310600 -0.265500
v 0.314300 -0.301600 -0.272300
v 0.310500 -0.316500 -0.267000
v 0.308000 -0.316900 -0.268900
v 0.310700 -0.320500 -0.265600
v 0.307500 -0.322500 -0.267400
v 0.305000 -0.324700 -0.268600
v 0.304500 -0.319300 -0.271600
v 0.303400 -0.322500 -0.271500
v 0.304500 -0.315400 -0.274300
v 0.303900 -0.316500 -0.274500
v 0.301800 -0.321200 -0.274700
v 0.301300 -0.319000 -0.277500
v 0.371800 -0.316600 -0.265500
v 0.370500 -0.316500 -0.266400
v 0.372300 -0.313500 -0.265500
v 0.368400 -0.319500 -0.265500
v 0.367500 -0.319500 -0.266100
v 0.367200 -0.321000 -0.265500
v 0.364500 -0.322500 -0.267900
v 0.364500 -0.323500 -0.268500
v 0.364200 -0.322500 -0.268500
v 0.364000 -0.325500 -0.265500
v 0.300400 -0.334500 -0.268500
v 0.300500 -0.328500 -0.271500
v 0.298600 -0.331600 -0.271600
v 0.297200 -0.334500 -0.271500
v 0.299000 -0.337000 -0.268500
v 0.295500 -0.337500 -0.271500
v 0.298400 -0.328500 -0.274500
v 0.300100 -0.325500 -0.274500
v 0.295500 -0.334100 -0.274500
v 0.295500 -0.331300 -0.277500
v 0.301500 -0.331500 -0.268500
v 0.306100 -0.327300 -0.266900
v 0.307800 -0.328100 -0.265600
v 0.304500 -0.331500 -0.266600
v 0.306500 -0.331500 -0.265500
v 0.301700 -0.325700 -0.271600
v 0.361500 -0.328500 -0.265500
v 0.358500 -0.333800 -0.268500
v 0.360900 -0.331500 -0.268500
v 0.355500 -0.334500 -0.266600
v 0.358000 -0.334500 -0.268500
v 0.352000 -0.337300 -0.265800
v 0.358500 -0.334500 -0.269400
v 0.360200 -0.334500 -0.271500
v 0.358500 -0.336900 -0.271500
v 0.363700 -0.328500 -0.268500
v 0.364500 -0.327200 -0.268500
v 0.364500 -0.325500 -0.266400
v 0.365200 -0.325500 -0.268500
v 0.361500 -0.331100 -0.268500
v 0.361500 -0.328500 -0.269500
v 0.364500 -0.325500 -0.269100
v 0.361700 -0.331500 -0.271500
v 0.361500 -0.331300 -0.271500
v 0.361500 -0.331500 -0.270100
v 0.361500 -0.332200 -0.271500
v 0.361500 -0.331500 -0.271700
v 0.296800 -0.340500 -0.268500
v 0.298500 -0.340500 -0.267700
v 0.295400 -0.343600 -0.268500
v 0.301200 -0.343100 -0.266000
v 0.293500 -0.349400 -0.268600
v 0.298500 -0.346500 -0.266600
v 0.295500 -0.340500 -0.269500
v 0.293700 -0.340500 -0.271500
v 0.292500 -0.343500 -0.271500
v 0.292500 -0.346500 -0.270400
v 0.290400 -0.349300 -0.271600
v 0.292400 -0.339900 -0.274300
v 0.290700 -0.343500 -0.274500
v 0.289600 -0.346500 -0.274500
v 0.302200 -0.340500 -0.265700
v 0.301500 -0.337500 -0.266800
v 0.349500 -0.340500 -0.265700
v 0.347500 -0.346500 -0.268500
v 0.346500 -0.348300 -0.268500
v 0.352700 -0.340600 -0.267900
v 0.355500 -0.337500 -0.268300
v 0.349900 -0.343600 -0.268600
v 0.355500 -0.341200 -0.271500
v 0.356000 -0.340500 -0.271500
v 0.358300 -0.337500 -0.271500
v 0.352500 -0.344800 -0.271500
v 0.349800 -0.346500 -0.271500
v 0.349500 -0.346900 -0.271500
v 0.355500 -0.340500 -0.274100
v 0.353800 -0.343500 -0.274500
v 0.352500 -0.344400 -0.274500
v 0.349500 -0.343500 -0.272200
v 0.349500 -0.346500 -0.271600
v 0.352000 -0.343500 -0.274500
v 0.288800 -0.349500 -0.274500
v 0.288100 -0.352500 -0.274500
v 0.287900 -0.355500 -0.274500
v 0.288300 -0.358500 -0.274500
v 0.295500 -0.349500 -0.267400
v 0.295500 -0.352500 -0.267300
v 0.293300 -0.352400 -0.268600
v 0.298500 -0.349500 -0.265900
v 0.299300 -0.349500 -0.265500
v 0.295500 -0.357900 -0.267700
v 0.293300 -0.355200 -0.268800
v 0.298500 -0.355500 -0.266000
v 0.299300 -0.355500 -0.265500
v 0.295200 -0.361200 -0.268400
v 0.298800 -0.358300 -0.266100
v 0.289800 -0.352400 -0.271600
v 0.289800 -0.355400 -0.271900
v 0.290800 -0.358700 -0.271500
v 0.289500 -0.349500 -0.273100
v 0.289500 -0.358500 -0.272700
v 0.301900 -0.361500 -0.265600
v 0.335200 -0.358500 -0.265400
v 0.343500 -0.354200 -0.268300
v 0.342900 -0.348600 -0.265700
v 0.346000 -0.349500 -0.268500
v 0.344400 -0.352500 -0.268500
v 0.340500 -0.356400 -0.268100
v 0.342100 -0.355500 -0.268500
v 0.337500 -0.358500 -0.267300
v 0.339600 -0.358500 -0.268500
v 0.337300 -0.361400 -0.268700
v 0.347100 -0.352500 -0.271500
v 0.346700 -0.349400 -0.270300
v 0.343500 -0.355500 -0.269100
v 0.345200 -0.355500 -0.271500
v 0.346500 -0.353400 -0.271500
v 0.340500 -0.358500 -0.269100
v 0.343500 -0.358000 -0.271500
v 0.348800 -0.349500 -0.274500
v 0.346700 -0.352500 -0.274500
v 0.346500 -0.353000 -0.274500
v 0.342000 -0.358500 -0.274500
v 0.340500 -0.361400 -0.274500
v 0.289100 -0.361700 -0.274300
v 0.296800 -0.364500 -0.268500
v 0.298500 -0.364500 -0.267600
v 0.298500 -0.361500 -0.266900
v 0.291500 -0.361600 -0.271400
v 0.292600 -0.364500 -0.271500
v 0.295500 -0.364500 -0.269200
v 0.289700 -0.364400 -0.274500
v 0.288900 -0.364500 -0.277500
v 0.304200 -0.364500 -0.265400
v 0.331500 -0.364500 -0.266700
v 0.331500 -0.362600 -0.265500
v 0.334500 -0.361500 -0.267000
v 0.334500 -0.364500 -0.267500
v 0.335600 -0.364500 -0.268500
v 0.340800 -0.362200 -0.271500
v 0.340500 -0.361500 -0.270700
v 0.338400 -0.364500 -0.271500
v 0.337500 -0.364500 -0.270600
v 0.340500 -0.364500 -0.273300
v 0.340400 -0.361500 -0.274500
v 0.340500 -0.361500 -0.273900
v 0.341500 -0.364500 -0.274500
v 0.340500 -0.364500 -0.275600
v 0.343400 -0.217400 -0.277600
v 0.346500 -0.218400 -0.279100
v 0.352500 -0.217400 -0.277600
v 0.349500 -0.216900 -0.277500
v 0.337400 -0.220400 -0.278000
v 0.334400 -0.223100 -0.278400
v 0.332900 -0.223500 -0.277500
v 0.337200 -0.223300 -0.280700
v 0.331500 -0.226000 -0.278700
v 0.331500 -0.229400 -0.282200
v 0.337200 -0.225900 -0.283600
v 0.334400 -0.229200 -0.284900
v 0.340500 -0.220700 -0.279900
v 0.343500 -0.221200 -0.281400
v 0.340700 -0.223300 -0.282600
v 0.346500 -0.225100 -0.286300
v 0.341000 -0.226700 -0.286400
v 0.343500 -0.227400 -0.288200
v 0.337000 -0.229000 -0.286700
v 0.349500 -0.220100 -0.281000
v 0.352600 -0.220200 -0.280600
v 0.355400 -0.220800 -0.280500
v 0.355500 -0.218400 -0.277500
v 0.358400 -0.219800 -0.277800
v 0.349500 -0.223500 -0.284800
v 0.352400 -0.223000 -0.284000
v 0.355500 -0.223500 -0.283600
v 0.358500 -0.224000 -0.282900
v 0.349700 -0.226600 -0.288200
v 0.352400 -0.227000 -0.288600
v 0.355500 -0.226100 -0.286800
v 0.358300 -0.226700 -0.286300
v 0.361500 -0.223400 -0.280600
v 0.364600 -0.223300 -0.278000
v 0.364600 -0.226000 -0.281000
v 0.367500 -0.225900 -0.277500
v 0.367400 -0.229200 -0.282100
v 0.370600 -0.229000 -0.277500
v 0.361600 -0.225900 -0.283600
v 0.364500 -0.227900 -0.283500
v 0.361500 -0.228500 -0.286700
v 0.325800 -0.232800 -0.277200
v 0.325600 -0.236800 -0.282200
v 0.328400 -0.231700 -0.280700
v 0.330000 -0.229500 -0.280500
v 0.329400 -0.232500 -0.283500
v 0.331600 -0.232600 -0.286300
v 0.328500 -0.233500 -0.283500
v 0.327200 -0.235500 -0.283500
v 0.328600 -0.235700 -0.286500
v 0.325500 -0.241600 -0.289400
v 0.334500 -0.232700 -0.289500
v 0.340500 -0.229500 -0.289500
v 0.370900 -0.232500 -0.280900
v 0.374100 -0.235900 -0.279900
v 0.367400 -0.232600 -0.285800
v 0.371300 -0.235400 -0.283900
v 0.364300 -0.230400 -0.286400
v 0.369900 -0.236300 -0.286500
v 0.364000 -0.232600 -0.289300
v 0.361500 -0.229500 -0.287900
v 0.370500 -0.239100 -0.289500
v 0.377100 -0.238500 -0.278500
v 0.378700 -0.240900 -0.279600
v 0.373500 -0.237600 -0.283500
v 0.373500 -0.238500 -0.284800
v 0.376300 -0.241300 -0.284600
v 0.319100 -0.244000 -0.277700
v 0.320600 -0.244500 -0.282000
v 0.321600 -0.239500 -0.277700
v 0.319500 -0.247600 -0.283500
v 0.318600 -0.247500 -0.280500
v 0.317900 -0.247500 -0.277500
v 0.317200 -0.250500 -0.277500
v 0.317600 -0.250500 -0.280500
v 0.322900 -0.242600 -0.284800
v 0.318200 -0.250500 -0.283500
v 0.322600 -0.244800 -0.287500
v 0.319200 -0.249600 -0.285900
v 0.319500 -0.251000 -0.289500
v 0.382400 -0.244300 -0.278300
v 0.382700 -0.247300 -0.281600
v 0.385500 -0.250500 -0.280500
v 0.379500 -0.244500 -0.283500
v 0.382500 -0.250700 -0.285600
v 0.376500 -0.243700 -0.287300
v 0.379600 -0.247200 -0.286700
v 0.373300 -0.241900 -0.289400
v 0.388500 -0.253500 -0.277500
v 0.316300 -0.255400 -0.280600
v 0.316600 -0.253600 -0.277500
v 0.316200 -0.256500 -0.277500
v 0.316700 -0.253500 -0.280500
v 0.315900 -0.259500 -0.277500
v 0.315600 -0.259500 -0.280500
v 0.315700 -0.263200 -0.277500
v 0.315200 -0.264800 -0.280800
v 0.316500 -0.255400 -0.283500
v 0.316200 -0.256500 -0.283500
v 0.317100 -0.253500 -0.283500
v 0.315600 -0.259600 -0.284400
v 0.315100 -0.264000 -0.283300
v 0.316500 -0.256500 -0.286500
v 0.317900 -0.253300 -0.287600
v 0.315400 -0.262700 -0.286800
v 0.384500 -0.256500 -0.286500
v 0.382500 -0.253500 -0.287900
v 0.385600 -0.253600 -0.282900
v 0.388500 -0.256500 -0.279100
v 0.388700 -0.259600 -0.280000
v 0.388600 -0.262500 -0.281000
v 0.386200 -0.256500 -0.283500
v 0.387400 -0.262200 -0.283500
v 0.385500 -0.259400 -0.286400
v 0.386000 -0.262600 -0.286500
v 0.385500 -0.262500 -0.287300
v 0.313500 -0.271400 -0.283500
v 0.312900 -0.274500 -0.283500
v 0.313300 -0.270000 -0.286600
v 0.312100 -0.274500 -0.286500
v 0.315500 -0.268500 -0.277500
v 0.314800 -0.268500 -0.280500
v 0.315300 -0.273100 -0.277500
v 0.314300 -0.271500 -0.280500
v 0.313600 -0.275600 -0.280600
v 0.314200 -0.268500 -0.283500
v 0.314700 -0.265500 -0.286500
v 0.385300 -0.274600 -0.286400
v 0.389500 -0.268500 -0.277500
v 0.388700 -0.265500 -0.280500
v 0.389800 -0.265500 -0.277500
v 0.388300 -0.269000 -0.281000
v 0.389400 -0.271500 -0.277500
v 0.388500 -0.273900 -0.279400
v 0.386900 -0.271500 -0.283500
v 0.386500 -0.274500 -0.283500
v 0.385700 -0.265400 -0.287200
v 0.385300 -0.268100 -0.287700
v 0.385700 -0.271600 -0.286800
v 0.313000 -0.280400 -0.280400
v 0.312300 -0.284700 -0.280300
v 0.312000 -0.278500 -0.283500
v 0.310600 -0.284800 -0.283600
v 0.310700 -0.279200 -0.286600
v 0.309300 -0.285300 -0.286600
v 0.313900 -0.283300 -0.278100
v 0.314900 -0.277500 -0.277500
v 0.313300 -0.288600 -0.277600
v 0.385100 -0.277800 -0.286100
v 0.385400 -0.280800 -0.286000
v 0.385500 -0.283600 -0.285700
v 0.384500 -0.286500 -0.286500
v 0.387700 -0.277500 -0.280500
v 0.388700 -0.277600 -0.278500
v 0.388400 -0.280500 -0.278500
v 0.388700 -0.280500 -0.277500
v 0.388700 -0.283600 -0.277500
v 0.387400 -0.283500 -0.280500
v 0.387800 -0.286500 -0.277600
v 0.387000 -0.286500 -0.280500
v 0.386500 -0.277500 -0.283500
v 0.386200 -0.280500 -0.283500
v 0.386400 -0.283500 -0.283500
v 0.385900 -0.286700 -0.283800
v 0.310400 -0.291900 -0.280500
v 0.309900 -0.295300 -0.279700
v 0.311500 -0.295500 -0.277500
v 0.307500 -0.300800 -0.280300
v 0.309400 -0.289500 -0.283500
v 0.307700 -0.294500 -0.283600
v 0.305100 -0.297900 -0.286500
v 0.307700 -0.290900 -0.286100
v 0.385400 -0.298400 -0.280500
v 0.385100 -0.292500 -0.283500
v 0.384800 -0.295500 -0.283500
v 0.385000 -0.289500 -0.286500
v 0.384600 -0.292500 -0.286500
v 0.383800 -0.295500 -0.286500
v 0.382500 -0.298500 -0.287200
v 0.383200 -0.298500 -0.286500
v 0.387400 -0.292500 -0.277500
v 0.387100 -0.289500 -0.280500
v 0.388400 -0.289500 -0.277500
v 0.386400 -0.292500 -0.280500
v 0.388100 -0.295500 -0.277500
v 0.386300 -0.298500 -0.277500
v 0.385500 -0.299300 -0.277500
v 0.385600 -0.290000 -0.283500
v 0.385500 -0.292500 -0.282600
v 0.385500 -0.295500 -0.281900
v 0.385500 -0.289500 -0.284400
v 0.300900 -0.309200 -0.287900
v 0.305900 -0.304500 -0.280500
v 0.309100 -0.301500 -0.277500
v 0.304500 -0.307400 -0.280500
v 0.306200 -0.307500 -0.277500
v 0.304600 -0.311100 -0.277500
v 0.303300 -0.310500 -0.280500
v 0.304300 -0.301400 -0.285900
v 0.303800 -0.304600 -0.284400
v 0.302000 -0.310500 -0.283500
v 0.301300 -0.312800 -0.283400
v 0.301600 -0.304600 -0.289900
v 0.301400 -0.316400 -0.280200
v 0.299900 -0.319400 -0.281900
v 0.300100 -0.322500 -0.277500
v 0.298100 -0.324700 -0.280300
v 0.300300 -0.316500 -0.283500
v 0.298500 -0.322200 -0.283300
v 0.298600 -0.319700 -0.286700
v 0.297700 -0.322500 -0.287400
v 0.302400 -0.316100 -0.277900
v 0.298600 -0.325500 -0.277500
v 0.297000 -0.328500 -0.277500
v 0.296200 -0.328500 -0.280700
v 0.295400 -0.330100 -0.280600
v 0.294100 -0.334500 -0.277500
v 0.293500 -0.334500 -0.280500
v 0.292400 -0.336600 -0.280500
v 0.297200 -0.325100 -0.284400
v 0.295400 -0.329700 -0.283500
v 0.293200 -0.335000 -0.283500
v 0.296000 -0.328200 -0.287300
v 0.294800 -0.331800 -0.288300
v 0.293800 -0.334600 -0.287500
v 0.292400 -0.337300 -0.286600
v 0.289300 -0.343200 -0.280500
v 0.288600 -0.346500 -0.277500
v 0.287300 -0.348600 -0.283700
v 0.289500 -0.343500 -0.286500
v 0.287500 -0.348900 -0.286800
v 0.292400 -0.337700 -0.277500
v 0.289600 -0.343700 -0.277500
v 0.289400 -0.342900 -0.283300
v 0.291500 -0.340300 -0.288500
v 0.286400 -0.352200 -0.280500
v 0.286900 -0.352500 -0.277500
v 0.287700 -0.349500 -0.277500
v 0.286600 -0.355500 -0.277600
v 0.286200 -0.355500 -0.280500
v 0.286500 -0.358500 -0.280500
v 0.287000 -0.358500 -0.277500
v 0.286400 -0.352500 -0.283500
v 0.286100 -0.355500 -0.283500
v 0.286300 -0.358500 -0.283500
v 0.286500 -0.359100 -0.283500
v 0.286600 -0.352500 -0.286500
v 0.286500 -0.355500 -0.286500
v 0.286600 -0.358500 -0.286500
v 0.287200 -0.361500 -0.280500
v 0.287400 -0.361500 -0.277500
v 0.288400 -0.364500 -0.280500
v 0.287200 -0.361500 -0.283500
v 0.288300 -0.364500 -0.283500
v 0.287200 -0.361500 -0.286500
v 0.288600 -0.364500 -0.286500
v 0.340500 -0.365700 -0.277500
v 0.355500 -0.229500 -0.290800
v 0.358500 -0.229500 -0.289500
v 0.331400 -0.236400 -0.291100
v 0.334400 -0.235300 -0.292700
v 0.328300 -0.238100 -0.289500
v 0.334400 -0.238400 -0.297100
v 0.331500 -0.239500 -0.295500
v 0.337400 -0.238100 -0.298600
v 0.337400 -0.231900 -0.290600
v 0.340400 -0.233000 -0.293700
v 0.343500 -0.231100 -0.292500
v 0.346400 -0.232400 -0.294700
v 0.343500 -0.233000 -0.294900
v 0.337500 -0.235600 -0.295500
v 0.340600 -0.237000 -0.298500
v 0.343500 -0.235800 -0.298100
v 0.346500 -0.235500 -0.298200
v 0.343600 -0.238700 -0.301300
v 0.349700 -0.230900 -0.293300
v 0.352700 -0.231300 -0.293600
v 0.358500 -0.232300 -0.292700
v 0.355500 -0.232500 -0.294300
v 0.355500 -0.235600 -0.297400
v 0.358500 -0.235300 -0.295700
v 0.352500 -0.236300 -0.298800
v 0.349500 -0.235600 -0.298500
v 0.358400 -0.238400 -0.298900
v 0.355400 -0.240300 -0.302100
v 0.361400 -0.233400 -0.292200
v 0.361500 -0.230800 -0.289500
v 0.364500 -0.236000 -0.292400
v 0.367800 -0.236700 -0.289900
v 0.364500 -0.238600 -0.295200
v 0.361500 -0.236700 -0.295500
v 0.361400 -0.239000 -0.298100
v 0.325500 -0.243300 -0.292400
v 0.322400 -0.247500 -0.292400
v 0.321500 -0.247500 -0.289500
v 0.322700 -0.249800 -0.296600
v 0.325600 -0.245700 -0.296300
v 0.327200 -0.241500 -0.292500
v 0.328600 -0.241800 -0.295100
v 0.328500 -0.244300 -0.298600
v 0.331500 -0.241600 -0.298500
v 0.334500 -0.241700 -0.301500
v 0.370400 -0.241700 -0.292300
v 0.373600 -0.245100 -0.292400
v 0.367500 -0.241600 -0.295500
v 0.370400 -0.244800 -0.295500
v 0.373500 -0.247900 -0.295200
v 0.364500 -0.241700 -0.298400
v 0.364500 -0.244700 -0.301000
v 0.367500 -0.244700 -0.298300
v 0.370500 -0.248400 -0.298500
v 0.367500 -0.247500 -0.300900
v 0.370900 -0.251600 -0.300800
v 0.376400 -0.248000 -0.291700
v 0.376800 -0.250300 -0.293200
v 0.379600 -0.250400 -0.289600
v 0.373500 -0.250400 -0.297200
v 0.376500 -0.253400 -0.295500
v 0.373600 -0.253300 -0.299200
v 0.317000 -0.256500 -0.289500
v 0.318400 -0.256500 -0.295500
v 0.316400 -0.259700 -0.291300
v 0.315900 -0.262500 -0.292500
v 0.319300 -0.253400 -0.293200
v 0.317300 -0.259600 -0.295500
v 0.316200 -0.262500 -0.295500
v 0.319300 -0.256400 -0.298600
v 0.321000 -0.253500 -0.298500
v 0.316700 -0.262600 -0.298700
v 0.379600 -0.253700 -0.292000
v 0.379500 -0.256400 -0.293700
v 0.382500 -0.256400 -0.289500
v 0.382000 -0.259500 -0.291700
v 0.383200 -0.262700 -0.291100
v 0.382500 -0.265500 -0.292700
v 0.377800 -0.256800 -0.296100
v 0.379200 -0.262400 -0.296900
v 0.376600 -0.259400 -0.299300
v 0.373500 -0.256600 -0.301400
v 0.376500 -0.262800 -0.301100
v 0.312700 -0.271400 -0.293300
v 0.311900 -0.273500 -0.289900
v 0.310300 -0.277000 -0.292500
v 0.310300 -0.276800 -0.295600
v 0.310400 -0.276700 -0.298800
v 0.314900 -0.265500 -0.290400
v 0.313700 -0.268600 -0.289500
v 0.313700 -0.269100 -0.294000
v 0.314000 -0.268900 -0.298000
v 0.382600 -0.268500 -0.293000
v 0.384200 -0.271500 -0.289500
v 0.382600 -0.271300 -0.292800
v 0.383900 -0.274500 -0.289500
v 0.382500 -0.274100 -0.293300
v 0.380800 -0.265500 -0.295500
v 0.381100 -0.268500 -0.295500
v 0.382400 -0.277100 -0.293800
v 0.379500 -0.268500 -0.298600
v 0.378800 -0.265500 -0.298500
v 0.379500 -0.265500 -0.297500
v 0.379600 -0.271300 -0.298800
v 0.379500 -0.274500 -0.299400
v 0.310500 -0.277500 -0.289500
v 0.309700 -0.280500 -0.289500
v 0.308700 -0.281900 -0.292700
v 0.308600 -0.284600 -0.289400
v 0.307400 -0.285600 -0.292500
v 0.308000 -0.282600 -0.295700
v 0.305800 -0.288800 -0.295600
v 0.305900 -0.288000 -0.298500
v 0.382500 -0.280500 -0.292400
v 0.382900 -0.277500 -0.292500
v 0.383900 -0.278800 -0.289400
v 0.382300 -0.283600 -0.292400
v 0.383600 -0.283500 -0.289500
v 0.382500 -0.286500 -0.292600
v 0.383600 -0.286500 -0.289500
v 0.381100 -0.280500 -0.295500
v 0.381000 -0.283500 -0.295500
v 0.381300 -0.286500 -0.295500
v 0.379800 -0.277400 -0.298800
v 0.379600 -0.280000 -0.299500
v 0.380200 -0.283500 -0.298500
v 0.379700 -0.286400 -0.299300
v 0.379400 -0.283300 -0.300500
v 0.306100 -0.289500 -0.292500
v 0.306600 -0.290700 -0.289100
v 0.303900 -0.295400 -0.292400
v 0.304600 -0.295800 -0.289600
v 0.303700 -0.298500 -0.289500
v 0.304200 -0.293100 -0.295600
v 0.301400 -0.301000 -0.295400
v 0.304200 -0.292200 -0.298500
v 0.303200 -0.295500 -0.298500
v 0.301500 -0.300400 -0.298500
v 0.382400 -0.292500 -0.292500
v 0.382700 -0.289600 -0.292600
v 0.383100 -0.292500 -0.289500
v 0.383600 -0.289500 -0.289500
v 0.382500 -0.293500 -0.289500
v 0.381500 -0.295500 -0.289500
v 0.380900 -0.295500 -0.292500
v 0.379600 -0.298500 -0.289500
v 0.379700 -0.298500 -0.292500
v 0.381300 -0.289500 -0.295500
v 0.381400 -0.292500 -0.295500
v 0.381000 -0.295500 -0.295500
v 0.380100 -0.298500 -0.295500
v 0.379500 -0.298700 -0.292500
v 0.379500 -0.300100 -0.295500
v 0.380300 -0.289500 -0.298500
v 0.380000 -0.292500 -0.298500
v 0.380300 -0.295500 -0.298500
v 0.379500 -0.298500 -0.298500
v 0.379100 -0.289500 -0.301400
v 0.379100 -0.292800 -0.301100
v 0.379500 -0.295500 -0.300200
v 0.300100 -0.307200 -0.292600
v 0.299600 -0.306900 -0.295700
v 0.298800 -0.310500 -0.295500
v 0.298500 -0.310600 -0.298300
v 0.300000 -0.304600 -0.299500
v 0.299200 -0.307500 -0.298500
v 0.301600 -0.301900 -0.292500
v 0.377800 -0.304500 -0.298500
v 0.378400 -0.301500 -0.298500
v 0.379100 -0.301500 -0.295500
v 0.376500 -0.304500 -0.300600
v 0.376500 -0.305800 -0.298500
v 0.298600 -0.313700 -0.292600
v 0.298400 -0.316500 -0.291200
v 0.298000 -0.319500 -0.289500
v 0.296800 -0.325400 -0.289700
v 0.298200 -0.313500 -0.295500
v 0.297500 -0.318100 -0.296100
v 0.296900 -0.321600 -0.299000
v 0.297900 -0.313900 -0.300300
v 0.296700 -0.325500 -0.293100
v 0.296100 -0.328800 -0.293100
v 0.295400 -0.331500 -0.292500
v 0.295500 -0.330000 -0.289500
v 0.294800 -0.334500 -0.292500
v 0.295700 -0.331500 -0.295500
v 0.295200 -0.334500 -0.295500
v 0.296700 -0.324700 -0.300000
v 0.296100 -0.330000 -0.298500
v 0.295600 -0.334500 -0.298500
v 0.292600 -0.340600 -0.292700
v 0.292800 -0.337700 -0.289500
v 0.294000 -0.337600 -0.294000
v 0.289300 -0.345200 -0.289300
v 0.289700 -0.346600 -0.292500
v 0.293500 -0.340500 -0.295500
v 0.292300 -0.343500 -0.295500
v 0.294800 -0.337500 -0.298500
v 0.294200 -0.340500 -0.298500
v 0.293300 -0.343500 -0.298500
v 0.292100 -0.346300 -0.298400
v 0.288900 -0.349400 -0.293100
v 0.287300 -0.352700 -0.290300
v 0.287600 -0.349500 -0.289500
v 0.287000 -0.355500 -0.289500
v 0.288300 -0.355600 -0.293800
v 0.287100 -0.358500 -0.289500
v 0.287900 -0.358500 -0.292500
v 0.289600 -0.352600 -0.297100
v 0.289700 -0.355400 -0.298300
v 0.289600 -0.358400 -0.297400
v 0.288500 -0.361500 -0.292500
v 0.288800 -0.364500 -0.289500
v 0.287600 -0.361500 -0.289500
v 0.289400 -0.365400 -0.292500
v 0.289500 -0.361500 -0.295500
v 0.290500 -0.364500 -0.295500
v 0.290600 -0.361500 -0.298500
v 0.291300 -0.363900 -0.298900
v 0.292500 -0.364500 -0.300900
v 0.346500 -0.238500 -0.301500
v 0.340500 -0.239600 -0.301500
v 0.346500 -0.241300 -0.304600
v 0.349500 -0.238500 -0.301500
v 0.349500 -0.241500 -0.304500
v 0.352500 -0.238900 -0.301500
v 0.358500 -0.241500 -0.301600
v 0.322600 -0.252600 -0.301300
v 0.331600 -0.244200 -0.302100
v 0.334500 -0.244300 -0.304500
v 0.328700 -0.248000 -0.304400
v 0.325500 -0.250900 -0.304200
v 0.331600 -0.248500 -0.307800
v 0.334500 -0.246700 -0.307500
v 0.328500 -0.250600 -0.307500
v 0.325500 -0.253300 -0.307500
v 0.334500 -0.250700 -0.312000
v 0.331500 -0.250900 -0.310500
v 0.328400 -0.253100 -0.310900
v 0.337600 -0.243200 -0.304700
v 0.340800 -0.244300 -0.307100
v 0.343500 -0.242100 -0.305300
v 0.346500 -0.244300 -0.307700
v 0.337800 -0.246400 -0.308500
v 0.340500 -0.247400 -0.310600
v 0.343900 -0.248700 -0.312400
v 0.346500 -0.247200 -0.310800
v 0.337500 -0.250800 -0.313200
v 0.352500 -0.241700 -0.304400
v 0.358600 -0.244500 -0.304600
v 0.352500 -0.244500 -0.307400
v 0.349500 -0.244500 -0.307800
v 0.355600 -0.244800 -0.306700
v 0.358600 -0.247900 -0.307700
v 0.352400 -0.247600 -0.310400
v 0.349600 -0.247300 -0.310800
v 0.355800 -0.249600 -0.310800
v 0.358500 -0.250900 -0.310500
v 0.352200 -0.250800 -0.313200
v 0.361500 -0.245600 -0.304100
v 0.361500 -0.242800 -0.301500
v 0.364500 -0.249300 -0.304800
v 0.364500 -0.247500 -0.303400
v 0.367500 -0.248400 -0.301500
v 0.367900 -0.253000 -0.304700
v 0.361700 -0.250200 -0.307900
v 0.364700 -0.253100 -0.307800
v 0.361500 -0.253400 -0.310700
v 0.322500 -0.256800 -0.307600
v 0.320600 -0.259500 -0.307500
v 0.319500 -0.259500 -0.304500
v 0.318700 -0.259500 -0.301500
v 0.316900 -0.264400 -0.304000
v 0.316300 -0.264400 -0.300700
v 0.319400 -0.263200 -0.310700
v 0.325400 -0.257000 -0.313000
v 0.370500 -0.256500 -0.304500
v 0.367500 -0.256300 -0.307600
v 0.370500 -0.262000 -0.308000
v 0.364500 -0.256400 -0.310500
v 0.367500 -0.259500 -0.309600
v 0.368200 -0.262600 -0.310900
v 0.361500 -0.256800 -0.313400
v 0.364500 -0.259500 -0.312800
v 0.373200 -0.260700 -0.304000
v 0.313200 -0.271700 -0.302600
v 0.310300 -0.277300 -0.301600
v 0.313200 -0.272900 -0.307500
v 0.315500 -0.268400 -0.306500
v 0.316700 -0.267400 -0.309700
v 0.314700 -0.271500 -0.310500
v 0.313500 -0.273700 -0.310700
v 0.373500 -0.267900 -0.307300
v 0.370400 -0.266000 -0.310300
v 0.369900 -0.269900 -0.312700
v 0.373500 -0.271600 -0.308700
v 0.371000 -0.274600 -0.313300
v 0.367500 -0.265100 -0.313200
v 0.374800 -0.265500 -0.304500
v 0.376500 -0.265600 -0.302300
v 0.376700 -0.268100 -0.302700
v 0.376600 -0.273800 -0.304600
v 0.378100 -0.273000 -0.301600
v 0.373500 -0.265500 -0.306300
v 0.374100 -0.274400 -0.308800
v 0.373600 -0.277400 -0.310800
v 0.310200 -0.278100 -0.304200
v 0.307600 -0.283600 -0.301500
v 0.307100 -0.285000 -0.304900
v 0.305400 -0.289200 -0.304000
v 0.310000 -0.279600 -0.307500
v 0.312400 -0.275800 -0.311000
v 0.308100 -0.284300 -0.310600
v 0.310500 -0.280500 -0.313500
v 0.307000 -0.287600 -0.313000
v 0.376400 -0.280300 -0.305600
v 0.377400 -0.283500 -0.304500
v 0.378800 -0.286500 -0.301500
v 0.377800 -0.286500 -0.304500
v 0.376200 -0.277700 -0.305900
v 0.376500 -0.283500 -0.306400
v 0.376000 -0.283500 -0.307500
v 0.376500 -0.286500 -0.307500
v 0.373500 -0.279800 -0.311700
v 0.373500 -0.283700 -0.313100
v 0.375400 -0.286500 -0.310500
v 0.304300 -0.292400 -0.303900
v 0.302200 -0.298500 -0.301500
v 0.304000 -0.294000 -0.307400
v 0.301600 -0.300100 -0.303700
v 0.301100 -0.301100 -0.301300
v 0.305700 -0.289500 -0.309000
v 0.302500 -0.298500 -0.307500
v 0.301600 -0.300700 -0.309700
v 0.304400 -0.293000 -0.310000
v 0.377900 -0.289500 -0.304500
v 0.378000 -0.292500 -0.304500
v 0.378700 -0.295500 -0.301500
v 0.377900 -0.295800 -0.305100
v 0.378100 -0.298500 -0.301500
v 0.377800 -0.298500 -0.304500
v 0.376900 -0.289500 -0.307500
v 0.377400 -0.292500 -0.307500
v 0.377300 -0.298500 -0.307500
v 0.376200 -0.289900 -0.310000
v 0.376500 -0.292500 -0.309700
v 0.376100 -0.292500 -0.310500
v 0.376500 -0.295500 -0.310600
v 0.376200 -0.298500 -0.310500
v 0.376500 -0.298500 -0.310000
v 0.299600 -0.306200 -0.304900
v 0.299100 -0.307500 -0.301500
v 0.298500 -0.310400 -0.304500
v 0.298500 -0.310400 -0.301500
v 0.300000 -0.305900 -0.311200
v 0.298600 -0.311200 -0.309000
v 0.377400 -0.301500 -0.301500
v 0.376500 -0.303000 -0.301500
v 0.377700 -0.301500 -0.304500
v 0.376500 -0.303200 -0.304500
v 0.376500 -0.304500 -0.306600
v 0.376900 -0.304500 -0.307500
v 0.377300 -0.301500 -0.307500
v 0.376500 -0.305000 -0.307500
v 0.377200 -0.301500 -0.310500
v 0.376900 -0.304500 -0.310500
v 0.376500 -0.305000 -0.310500
v 0.376400 -0.301500 -0.313300
v 0.376500 -0.304500 -0.311800
v 0.373500 -0.305900 -0.310500
v 0.373500 -0.307500 -0.313000
v 0.297700 -0.316500 -0.307500
v 0.297400 -0.319500 -0.306000
v 0.296700 -0.326200 -0.303800
v 0.298000 -0.313500 -0.307500
v 0.297300 -0.322500 -0.307500
v 0.298000 -0.314400 -0.311000
v 0.297800 -0.316500 -0.313500
v 0.296900 -0.327000 -0.307500
v 0.296300 -0.331500 -0.303000
v 0.295900 -0.334900 -0.303300
v 0.296500 -0.331500 -0.307500
v 0.296400 -0.332000 -0.309600
v 0.297100 -0.325500 -0.313500
v 0.296000 -0.336600 -0.310300
v 0.294700 -0.339900 -0.301900
v 0.294300 -0.343800 -0.304600
v 0.293900 -0.343500 -0.301500
v 0.292900 -0.346500 -0.301500
v 0.295600 -0.337500 -0.307500
v 0.295200 -0.340500 -0.307500
v 0.294300 -0.345300 -0.307100
v 0.295500 -0.340500 -0.310500
v 0.294300 -0.348300 -0.310400
v 0.292500 -0.352500 -0.305200
v 0.291900 -0.349500 -0.301600
v 0.292900 -0.349500 -0.304500
v 0.290900 -0.355500 -0.301500
v 0.292600 -0.355400 -0.306400
v 0.291900 -0.358500 -0.304000
v 0.293200 -0.352500 -0.307500
v 0.293600 -0.349500 -0.307500
v 0.293500 -0.358500 -0.307500
v 0.294100 -0.352500 -0.310500
v 0.294200 -0.355500 -0.310500
v 0.295500 -0.361400 -0.310500
v 0.292400 -0.362500 -0.302100
v 0.293000 -0.364500 -0.301500
v 0.293200 -0.361500 -0.304500
v 0.294000 -0.364500 -0.304500
v 0.294200 -0.361500 -0.307500
v 0.295000 -0.364500 -0.307500
v 0.295500 -0.364500 -0.308400
v 0.297000 -0.364500 -0.310500
v 0.298500 -0.364500 -0.312900
v 0.331500 -0.253400 -0.313500
v 0.340400 -0.250300 -0.313600
v 0.346500 -0.249900 -0.313500
v 0.340400 -0.253200 -0.316700
v 0.346100 -0.253200 -0.316800
v 0.349600 -0.250300 -0.313700
v 0.349500 -0.253500 -0.316500
v 0.325500 -0.259400 -0.316500
v 0.322500 -0.262500 -0.316500
v 0.322500 -0.260700 -0.313500
v 0.321000 -0.262500 -0.313500
v 0.319400 -0.264500 -0.313000
v 0.324500 -0.262500 -0.319500
v 0.328600 -0.256700 -0.316200
v 0.331400 -0.256700 -0.318000
v 0.334500 -0.253500 -0.315200
v 0.334500 -0.255600 -0.317800
v 0.337500 -0.256500 -0.319800
v 0.328300 -0.260400 -0.320900
v 0.325500 -0.261500 -0.319400
v 0.331900 -0.259700 -0.322300
v 0.326900 -0.262500 -0.322500
v 0.325500 -0.264100 -0.323400
v 0.328500 -0.263000 -0.324700
v 0.337500 -0.253700 -0.316300
v 0.340500 -0.255900 -0.319700
v 0.343600 -0.255800 -0.319600
v 0.346500 -0.256300 -0.320100
v 0.337400 -0.260500 -0.325100
v 0.340500 -0.258800 -0.323400
v 0.343400 -0.259600 -0.324300
v 0.346200 -0.260500 -0.324900
v 0.352500 -0.254600 -0.316500
v 0.355000 -0.253200 -0.314300
v 0.355500 -0.256400 -0.316900
v 0.357800 -0.255100 -0.314300
v 0.359000 -0.259200 -0.316900
v 0.361600 -0.260300 -0.316000
v 0.349900 -0.256500 -0.319400
v 0.355600 -0.259400 -0.319700
v 0.358500 -0.262000 -0.319900
v 0.350000 -0.259500 -0.322600
v 0.352500 -0.260400 -0.322500
v 0.355500 -0.262500 -0.322700
v 0.358900 -0.265500 -0.322600
v 0.352500 -0.262500 -0.324800
v 0.361700 -0.261700 -0.317000
v 0.364500 -0.260600 -0.313500
v 0.361500 -0.265000 -0.319700
v 0.319500 -0.266500 -0.316600
v 0.316400 -0.271200 -0.316200
v 0.313300 -0.277700 -0.319200
v 0.319000 -0.270200 -0.321700
v 0.321600 -0.265500 -0.319500
v 0.316500 -0.272800 -0.319500
v 0.319500 -0.271600 -0.325200
v 0.322500 -0.266400 -0.322500
v 0.316400 -0.275600 -0.325400
v 0.361500 -0.268500 -0.322500
v 0.355500 -0.265500 -0.325500
v 0.367500 -0.268500 -0.315000
v 0.365000 -0.266100 -0.316700
v 0.367500 -0.270900 -0.316500
v 0.368900 -0.274500 -0.316500
v 0.364500 -0.268700 -0.319200
v 0.367300 -0.275000 -0.319300
v 0.364300 -0.271600 -0.321400
v 0.364500 -0.274400 -0.323100
v 0.361500 -0.271500 -0.324800
v 0.312700 -0.277500 -0.316500
v 0.310300 -0.282100 -0.317300
v 0.307900 -0.286900 -0.317600
v 0.310100 -0.283500 -0.321200
v 0.313000 -0.280100 -0.324400
v 0.306800 -0.289500 -0.322500
v 0.370900 -0.279700 -0.316100
v 0.372600 -0.286500 -0.316500
v 0.370500 -0.283700 -0.319100
v 0.368100 -0.277500 -0.319500
v 0.371300 -0.286800 -0.319300
v 0.367600 -0.280500 -0.322500
v 0.369900 -0.286500 -0.322500
v 0.371000 -0.289100 -0.322500
v 0.374000 -0.286500 -0.313500
v 0.373500 -0.286500 -0.314900
v 0.306400 -0.289500 -0.318000
v 0.304600 -0.293000 -0.314200
v 0.303600 -0.295500 -0.316500
v 0.303100 -0.297000 -0.313500
v 0.301400 -0.301200 -0.316900
v 0.304800 -0.293100 -0.319500
v 0.304100 -0.294900 -0.322000
v 0.305200 -0.292500 -0.322500
v 0.301300 -0.301300 -0.322300
v 0.373500 -0.289600 -0.316300
v 0.370500 -0.298500 -0.315400
v 0.372500 -0.298500 -0.313500
v 0.370500 -0.295900 -0.313500
v 0.370500 -0.299600 -0.316500
v 0.373000 -0.292500 -0.319500
v 0.367600 -0.295500 -0.322500
v 0.367500 -0.295500 -0.322400
v 0.367500 -0.295400 -0.322500
v 0.372400 -0.295500 -0.322500
v 0.372800 -0.298500 -0.322500
v 0.367500 -0.295500 -0.322600
v 0.374500 -0.289500 -0.313500
v 0.374400 -0.295300 -0.316600
v 0.375500 -0.295500 -0.313500
v 0.375400 -0.298500 -0.313500
v 0.374800 -0.298500 -0.316500
v 0.373500 -0.295200 -0.319600
v 0.374000 -0.298500 -0.319500
v 0.373500 -0.298500 -0.321000
v 0.373700 -0.301400 -0.322500
v 0.299800 -0.307600 -0.313400
v 0.298900 -0.311200 -0.313800
v 0.298200 -0.313300 -0.313500
v 0.300300 -0.304800 -0.322000
v 0.298500 -0.311000 -0.321200
v 0.299400 -0.307500 -0.322500
v 0.373000 -0.307500 -0.313500
v 0.372500 -0.301500 -0.316500
v 0.370500 -0.301500 -0.318700
v 0.370500 -0.302300 -0.319500
v 0.372800 -0.304500 -0.319500
v 0.372700 -0.304500 -0.316500
v 0.370500 -0.303300 -0.322500
v 0.370500 -0.304500 -0.324000
v 0.370500 -0.307500 -0.325000
v 0.375000 -0.304500 -0.315900
v 0.374400 -0.301300 -0.319400
v 0.374300 -0.307500 -0.313500
v 0.373900 -0.307500 -0.316500
v 0.373500 -0.308200 -0.313500
v 0.373500 -0.307900 -0.316500
v 0.374400 -0.304500 -0.319500
v 0.373500 -0.305700 -0.319500
v 0.373500 -0.307500 -0.317200
v 0.373500 -0.304500 -0.322700
v 0.373500 -0.301500 -0.324400
v 0.298100 -0.313600 -0.316800
v 0.297500 -0.319500 -0.313500
v 0.297300 -0.319500 -0.319500
v 0.297900 -0.313500 -0.320400
v 0.297600 -0.316500 -0.321000
v 0.297200 -0.319500 -0.322500
v 0.296900 -0.324700 -0.321800
v 0.297100 -0.326500 -0.315300
v 0.296800 -0.328500 -0.316500
v 0.296400 -0.333000 -0.313500
v 0.296700 -0.330000 -0.319900
v 0.296500 -0.334200 -0.319000
v 0.296700 -0.328600 -0.322600
v 0.296600 -0.337600 -0.320800
v 0.295800 -0.338700 -0.315000
v 0.295700 -0.340500 -0.313500
v 0.296100 -0.340600 -0.318400
v 0.295600 -0.343500 -0.316500
v 0.295100 -0.343500 -0.313500
v 0.294800 -0.346700 -0.313900
v 0.296200 -0.344500 -0.321000
v 0.295500 -0.346500 -0.317900
v 0.295900 -0.346500 -0.319500
v 0.297200 -0.340100 -0.324300
v 0.297400 -0.344600 -0.324600
v 0.295600 -0.355000 -0.314200
v 0.295000 -0.352500 -0.313500
v 0.295300 -0.349500 -0.316600
v 0.294800 -0.349500 -0.313500
v 0.296600 -0.353400 -0.318500
v 0.296500 -0.355500 -0.316500
v 0.296200 -0.358500 -0.313500
v 0.297400 -0.358500 -0.316500
v 0.298500 -0.360600 -0.316500
v 0.296300 -0.349500 -0.319500
v 0.297500 -0.355500 -0.319500
v 0.298500 -0.358500 -0.318500
v 0.297100 -0.349500 -0.322500
v 0.298400 -0.353000 -0.322900
v 0.298500 -0.355500 -0.321600
v 0.299100 -0.355500 -0.322500
v 0.301500 -0.358600 -0.322500
v 0.301500 -0.358500 -0.322500
v 0.301500 -0.358200 -0.319500
v 0.303000 -0.355500 -0.322500
v 0.298500 -0.361500 -0.315700
v 0.297100 -0.361500 -0.313500
v 0.301500 -0.364500 -0.313800
v 0.304500 -0.364500 -0.315500
v 0.301500 -0.361500 -0.315500
v 0.331600 -0.262300 -0.325500
v 0.331600 -0.265800 -0.330600
v 0.334500 -0.263600 -0.328500
v 0.334500 -0.265500 -0.331600
v 0.340500 -0.262600 -0.328300
v 0.337500 -0.262800 -0.328300
v 0.343500 -0.262900 -0.328500
v 0.346500 -0.263000 -0.328000
v 0.340500 -0.265800 -0.332900
v 0.343500 -0.265200 -0.331700
v 0.349600 -0.262500 -0.326200
v 0.349800 -0.264900 -0.328800
v 0.352500 -0.263300 -0.325500
v 0.322500 -0.268400 -0.325500
v 0.325500 -0.267800 -0.328700
v 0.322500 -0.270200 -0.328500
v 0.321200 -0.271500 -0.328500
v 0.319500 -0.273200 -0.328500
v 0.318300 -0.274500 -0.328500
v 0.316400 -0.276500 -0.328100
v 0.322500 -0.271600 -0.331500
v 0.319800 -0.274300 -0.332200
v 0.325200 -0.270700 -0.333700
v 0.322600 -0.273200 -0.335400
v 0.328500 -0.265700 -0.328500
v 0.328300 -0.267900 -0.331700
v 0.331500 -0.268300 -0.334500
v 0.334700 -0.267900 -0.335500
v 0.328500 -0.270400 -0.336600
v 0.325600 -0.271900 -0.337000
v 0.346500 -0.265500 -0.331200
v 0.337300 -0.266700 -0.334100
v 0.343500 -0.268200 -0.336100
v 0.346600 -0.267900 -0.334700
v 0.349400 -0.268600 -0.334300
v 0.340500 -0.268600 -0.337400
v 0.337200 -0.269700 -0.339100
v 0.352500 -0.266300 -0.328500
v 0.352500 -0.265500 -0.327600
v 0.355200 -0.268500 -0.328500
v 0.355500 -0.268600 -0.328300
v 0.358500 -0.268500 -0.325700
v 0.358500 -0.271600 -0.328300
v 0.360700 -0.274500 -0.328500
v 0.349500 -0.266900 -0.331500
v 0.352500 -0.268500 -0.331500
v 0.355600 -0.271500 -0.331800
v 0.358500 -0.274400 -0.331500
v 0.352500 -0.270700 -0.334500
v 0.352200 -0.272400 -0.337400
v 0.356000 -0.273900 -0.334400
v 0.358500 -0.277000 -0.335000
v 0.361800 -0.274500 -0.327100
v 0.361500 -0.272300 -0.325500
v 0.361500 -0.275600 -0.328500
v 0.364500 -0.277400 -0.325600
v 0.310500 -0.283900 -0.325400
v 0.308900 -0.286500 -0.327000
v 0.307500 -0.288900 -0.326400
v 0.310700 -0.284900 -0.332500
v 0.311000 -0.286000 -0.338800
v 0.313600 -0.280400 -0.329600
v 0.316500 -0.278300 -0.334500
v 0.313500 -0.281800 -0.334500
v 0.317300 -0.277500 -0.334500
v 0.364500 -0.280400 -0.328500
v 0.361400 -0.277400 -0.330800
v 0.367500 -0.282200 -0.324400
v 0.367400 -0.286400 -0.328600
v 0.368700 -0.286500 -0.325500
v 0.364300 -0.282900 -0.332000
v 0.366400 -0.286500 -0.331500
v 0.367500 -0.288500 -0.331500
v 0.361500 -0.280200 -0.334500
v 0.363700 -0.283500 -0.334500
v 0.364500 -0.284600 -0.334500
v 0.365600 -0.286500 -0.334500
v 0.361500 -0.289400 -0.334500
v 0.364500 -0.286500 -0.337500
v 0.305500 -0.292500 -0.328500
v 0.303900 -0.295700 -0.327900
v 0.304000 -0.295100 -0.325400
v 0.301400 -0.301300 -0.328600
v 0.301400 -0.301300 -0.325500
v 0.307500 -0.289500 -0.331500
v 0.305800 -0.292500 -0.331500
v 0.303800 -0.296400 -0.332000
v 0.307300 -0.290500 -0.334600
v 0.304600 -0.295600 -0.334500
v 0.370700 -0.292100 -0.325600
v 0.369100 -0.290100 -0.328500
v 0.370600 -0.294900 -0.329200
v 0.372100 -0.298300 -0.325200
v 0.367500 -0.298500 -0.328000
v 0.369600 -0.298500 -0.325500
v 0.367500 -0.296500 -0.325500
v 0.371700 -0.298500 -0.328500
v 0.367000 -0.298500 -0.328500
v 0.367500 -0.299000 -0.328500
v 0.368000 -0.289500 -0.331500
v 0.368300 -0.292400 -0.334600
v 0.366500 -0.295500 -0.328500
v 0.364500 -0.293200 -0.328500
v 0.364500 -0.293500 -0.331500
v 0.366500 -0.295500 -0.331500
v 0.370100 -0.295500 -0.331500
v 0.367100 -0.298500 -0.331500
v 0.371000 -0.298500 -0.331500
v 0.367500 -0.298900 -0.331500
v 0.367500 -0.289500 -0.334200
v 0.364500 -0.293400 -0.334500
v 0.366700 -0.295500 -0.334500
v 0.369300 -0.295500 -0.334500
v 0.366700 -0.298500 -0.334500
v 0.370200 -0.298500 -0.334500
v 0.370500 -0.298900 -0.334500
v 0.361800 -0.292500 -0.334500
v 0.300300 -0.304500 -0.328500
v 0.298500 -0.310800 -0.328100
v 0.300400 -0.304900 -0.333000
v 0.298500 -0.311100 -0.332200
v 0.299900 -0.307500 -0.336000
v 0.301700 -0.301700 -0.334600
v 0.372600 -0.304500 -0.325500
v 0.372900 -0.301500 -0.328500
v 0.373300 -0.301500 -0.325500
v 0.372900 -0.304500 -0.328500
v 0.370500 -0.306600 -0.328500
v 0.370500 -0.307500 -0.327100
v 0.371600 -0.307500 -0.325500
v 0.370500 -0.308000 -0.325500
v 0.372500 -0.301600 -0.331800
v 0.372400 -0.304500 -0.331500
v 0.370500 -0.306400 -0.331500
v 0.371500 -0.304500 -0.334500
v 0.369700 -0.304500 -0.331500
v 0.370500 -0.305500 -0.334500
v 0.297800 -0.313500 -0.328500
v 0.297300 -0.316500 -0.328700
v 0.298000 -0.313500 -0.325500
v 0.297000 -0.319500 -0.328500
v 0.296900 -0.319500 -0.331200
v 0.297400 -0.316500 -0.333600
v 0.297100 -0.320000 -0.334000
v 0.296800 -0.322200 -0.334900
v 0.296700 -0.325700 -0.330600
v 0.296900 -0.328500 -0.325500
v 0.296600 -0.325500 -0.325500
v 0.296800 -0.328600 -0.329800
v 0.297000 -0.332400 -0.325000
v 0.297300 -0.331200 -0.330500
v 0.297400 -0.336400 -0.326400
v 0.298000 -0.335000 -0.331500
v 0.296900 -0.325500 -0.336000
v 0.297100 -0.328200 -0.336200
v 0.298100 -0.334500 -0.334500
v 0.298600 -0.337300 -0.334600
v 0.298200 -0.340500 -0.328500
v 0.298400 -0.343600 -0.328500
v 0.298400 -0.346200 -0.327800
v 0.298600 -0.340400 -0.331100
v 0.299700 -0.345800 -0.331900
v 0.299500 -0.340500 -0.334500
v 0.300400 -0.343200 -0.336400
v 0.300600 -0.346500 -0.334500
v 0.301500 -0.349500 -0.334100
v 0.307500 -0.346500 -0.336500
v 0.307500 -0.347900 -0.334500
v 0.298100 -0.349600 -0.325600
v 0.299200 -0.352500 -0.325500
v 0.299500 -0.349500 -0.328500
v 0.300400 -0.352500 -0.328500
v 0.300600 -0.355500 -0.325500
v 0.301200 -0.355500 -0.328500
v 0.300700 -0.349500 -0.331500
v 0.302600 -0.355500 -0.325500
v 0.304500 -0.355500 -0.327900
v 0.304500 -0.354200 -0.325500
v 0.304700 -0.355500 -0.328500
v 0.301500 -0.357100 -0.325500
v 0.304500 -0.355800 -0.328500
v 0.301500 -0.355900 -0.328500
v 0.304500 -0.352500 -0.331500
v 0.301500 -0.352500 -0.330500
v 0.301500 -0.351300 -0.331500
v 0.304500 -0.355500 -0.328900
v 0.301500 -0.355500 -0.328900
v 0.304500 -0.351500 -0.334500
v 0.305000 -0.349500 -0.334500
v 0.305500 -0.349500 -0.331500
v 0.322600 -0.275200 -0.340500
v 0.319500 -0.277500 -0.340400
v 0.322200 -0.277300 -0.344300
v 0.328600 -0.271900 -0.340200
v 0.331200 -0.271300 -0.340700
v 0.331500 -0.269700 -0.337500
v 0.334400 -0.271300 -0.341900
v 0.325500 -0.274100 -0.341800
v 0.328600 -0.274600 -0.345400
v 0.331400 -0.274800 -0.347500
v 0.334500 -0.274700 -0.348400
v 0.325500 -0.276500 -0.346500
v 0.340600 -0.270800 -0.341300
v 0.343500 -0.270800 -0.340500
v 0.346400 -0.272100 -0.341600
v 0.346500 -0.269800 -0.337500
v 0.337500 -0.271800 -0.343500
v 0.343500 -0.271500 -0.341900
v 0.343500 -0.272300 -0.343500
v 0.340600 -0.274300 -0.348300
v 0.337500 -0.274400 -0.348800
v 0.343600 -0.274900 -0.348800
v 0.346500 -0.274500 -0.346600
v 0.349400 -0.272800 -0.340800
v 0.349500 -0.270900 -0.337500
v 0.355400 -0.275100 -0.337400
v 0.355500 -0.277000 -0.340600
v 0.352500 -0.274500 -0.341100
v 0.352500 -0.275800 -0.343500
v 0.349500 -0.274500 -0.344400
v 0.349500 -0.275500 -0.346500
v 0.352600 -0.277200 -0.346600
v 0.313500 -0.283400 -0.340500
v 0.310500 -0.287100 -0.340500
v 0.311500 -0.286500 -0.343500
v 0.310500 -0.288200 -0.346500
v 0.311900 -0.286500 -0.346500
v 0.316100 -0.281100 -0.341800
v 0.316500 -0.279200 -0.337500
v 0.313500 -0.282500 -0.337700
v 0.318300 -0.277500 -0.337500
v 0.319300 -0.279600 -0.345100
v 0.313500 -0.284100 -0.343500
v 0.316500 -0.282400 -0.346500
v 0.314000 -0.284400 -0.346200
v 0.319500 -0.281300 -0.349400
v 0.325600 -0.277700 -0.349200
v 0.358200 -0.278400 -0.337800
v 0.361500 -0.283500 -0.340500
v 0.357700 -0.286500 -0.337500
v 0.358500 -0.287600 -0.340500
v 0.358500 -0.287300 -0.337500
v 0.355400 -0.278100 -0.343400
v 0.358300 -0.280000 -0.341000
v 0.361300 -0.284300 -0.343400
v 0.358500 -0.287700 -0.343500
v 0.355500 -0.279600 -0.346500
v 0.358800 -0.282600 -0.346500
v 0.358500 -0.288200 -0.346500
v 0.355500 -0.280500 -0.349500
v 0.362000 -0.282700 -0.337400
v 0.363600 -0.286500 -0.340500
v 0.364500 -0.287600 -0.340500
v 0.364500 -0.288100 -0.343300
v 0.361900 -0.286000 -0.346400
v 0.364500 -0.289500 -0.347200
v 0.307200 -0.292100 -0.340500
v 0.307500 -0.291100 -0.337700
v 0.304200 -0.298100 -0.340800
v 0.307500 -0.292500 -0.346200
v 0.309200 -0.289500 -0.343500
v 0.304500 -0.298500 -0.346100
v 0.360600 -0.289700 -0.343200
v 0.360500 -0.289500 -0.337500
v 0.359600 -0.289500 -0.346500
v 0.363600 -0.292500 -0.337500
v 0.361500 -0.290500 -0.337500
v 0.363400 -0.292500 -0.340500
v 0.367600 -0.292500 -0.340600
v 0.365900 -0.289500 -0.340500
v 0.366400 -0.289500 -0.337500
v 0.367700 -0.292200 -0.337500
v 0.364500 -0.295400 -0.340600
v 0.364500 -0.293800 -0.337500
v 0.366300 -0.295500 -0.337500
v 0.364700 -0.295500 -0.340500
v 0.368800 -0.295500 -0.337500
v 0.368800 -0.295500 -0.340500
v 0.367300 -0.298500 -0.337500
v 0.366700 -0.298500 -0.340500
v 0.368300 -0.298500 -0.337500
v 0.369200 -0.298500 -0.340600
v 0.367500 -0.300200 -0.340500
v 0.367500 -0.299000 -0.337500
v 0.370500 -0.300900 -0.340400
v 0.370500 -0.300200 -0.337500
v 0.363400 -0.292500 -0.343500
v 0.367300 -0.292500 -0.343300
v 0.364400 -0.295500 -0.343500
v 0.368300 -0.295500 -0.343500
v 0.366900 -0.298500 -0.343500
v 0.367500 -0.300200 -0.343500
v 0.361500 -0.291400 -0.346500
v 0.362800 -0.292500 -0.346500
v 0.366600 -0.292500 -0.346500
v 0.367500 -0.293900 -0.346500
v 0.368300 -0.295500 -0.346500
v 0.364500 -0.295800 -0.346500
v 0.366900 -0.298500 -0.346500
v 0.369100 -0.298500 -0.346500
v 0.367500 -0.299800 -0.346500
v 0.370500 -0.300200 -0.346500
v 0.364500 -0.295500 -0.349500
v 0.301600 -0.304900 -0.342800
v 0.301200 -0.304500 -0.337500
v 0.298500 -0.313200 -0.338200
v 0.300900 -0.307500 -0.343500
v 0.299800 -0.312000 -0.343500
v 0.299800 -0.313800 -0.346200
v 0.302300 -0.301400 -0.338000
v 0.302700 -0.301500 -0.340500
v 0.303300 -0.301500 -0.346500
v 0.301500 -0.306900 -0.346400
v 0.370500 -0.304500 -0.339300
v 0.370000 -0.304500 -0.337500
v 0.370500 -0.302500 -0.340500
v 0.370000 -0.301500 -0.340500
v 0.369600 -0.301500 -0.337500
v 0.370700 -0.301500 -0.340500
v 0.371100 -0.304500 -0.337500
v 0.371000 -0.301500 -0.337500
v 0.370500 -0.305100 -0.337500
v 0.369600 -0.301500 -0.343500
v 0.370500 -0.302800 -0.343500
v 0.370800 -0.301500 -0.343500
v 0.370500 -0.304500 -0.345300
v 0.370300 -0.304500 -0.346500
v 0.369500 -0.301500 -0.346500
v 0.370800 -0.304500 -0.346500
v 0.371100 -0.301500 -0.346500
v 0.370500 -0.307000 -0.346500
v 0.367500 -0.301500 -0.348900
v 0.298600 -0.313600 -0.340400
v 0.298200 -0.316500 -0.340500
v 0.297600 -0.317000 -0.337400
v 0.297400 -0.321700 -0.340600
v 0.298300 -0.319100 -0.343600
v 0.298800 -0.316500 -0.343500
v 0.297800 -0.325500 -0.343200
v 0.299300 -0.319500 -0.346500
v 0.298600 -0.322400 -0.345700
v 0.297200 -0.325500 -0.340500
v 0.297500 -0.328500 -0.340500
v 0.297600 -0.331500 -0.337500
v 0.298000 -0.331500 -0.340500
v 0.298500 -0.334500 -0.340500
v 0.298500 -0.334600 -0.337500
v 0.298300 -0.328600 -0.344500
v 0.298400 -0.331500 -0.343600
v 0.299100 -0.334500 -0.343500
v 0.298600 -0.325600 -0.346100
v 0.299100 -0.331500 -0.346700
v 0.299900 -0.334800 -0.347500
v 0.299500 -0.337500 -0.340500
v 0.299900 -0.340500 -0.337500
v 0.299400 -0.337500 -0.337500
v 0.300300 -0.340500 -0.340500
v 0.301500 -0.343700 -0.340500
v 0.301500 -0.346600 -0.337500
v 0.299800 -0.337500 -0.343500
v 0.301500 -0.340500 -0.346500
v 0.300300 -0.337500 -0.346500
v 0.304200 -0.346500 -0.340500
v 0.305600 -0.346500 -0.337500
v 0.307500 -0.346500 -0.338800
v 0.307500 -0.345400 -0.337500
v 0.304500 -0.347200 -0.340500
v 0.307500 -0.348400 -0.340500
v 0.301500 -0.340500 -0.343500
v 0.301500 -0.340500 -0.343500
v 0.301500 -0.340500 -0.343500
v 0.302900 -0.343500 -0.343500
v 0.304500 -0.346000 -0.343500
v 0.304500 -0.346500 -0.341600
v 0.304800 -0.346500 -0.343500
v 0.307500 -0.348600 -0.343500
v 0.303300 -0.343500 -0.346500
v 0.304700 -0.346500 -0.346600
v 0.307500 -0.348500 -0.346500
v 0.301900 -0.340500 -0.349300
v 0.304500 -0.349500 -0.339200
v 0.304500 -0.350300 -0.337500
v 0.303700 -0.349500 -0.337500
v 0.305000 -0.349500 -0.337500
v 0.328600 -0.277300 -0.350600
v 0.334500 -0.276900 -0.352900
v 0.340600 -0.276400 -0.352600
v 0.337500 -0.276400 -0.352500
v 0.346500 -0.275900 -0.349500
v 0.340500 -0.277500 -0.355600
v 0.349500 -0.276900 -0.349500
v 0.313200 -0.286100 -0.349600
v 0.310300 -0.289000 -0.349300
v 0.322800 -0.280700 -0.352100
v 0.322300 -0.279700 -0.349500
v 0.316500 -0.283400 -0.349500
v 0.319500 -0.282800 -0.352500
v 0.313600 -0.286900 -0.352500
v 0.316500 -0.284700 -0.352500
v 0.319500 -0.284600 -0.356200
v 0.324600 -0.282700 -0.357300
v 0.316400 -0.286500 -0.356500
v 0.313400 -0.289300 -0.357800
v 0.316100 -0.288100 -0.359300
v 0.320800 -0.286400 -0.361400
v 0.325400 -0.280400 -0.353800
v 0.329200 -0.280000 -0.355900
v 0.336500 -0.277700 -0.355200
v 0.331300 -0.280600 -0.358600
v 0.335100 -0.279300 -0.358400
v 0.334400 -0.280700 -0.361400
v 0.349300 -0.277600 -0.352000
v 0.343400 -0.278300 -0.357200
v 0.346400 -0.277000 -0.352600
v 0.346500 -0.278100 -0.355500
v 0.340500 -0.278700 -0.358500
v 0.346400 -0.279500 -0.359900
v 0.352500 -0.278300 -0.349500
v 0.353100 -0.279600 -0.352500
v 0.355500 -0.281100 -0.352500
v 0.358200 -0.283700 -0.352600
v 0.358900 -0.283200 -0.349500
v 0.360700 -0.286500 -0.354000
v 0.349600 -0.279600 -0.357000
v 0.355400 -0.282300 -0.356300
v 0.352600 -0.280400 -0.356100
v 0.358500 -0.285400 -0.358500
v 0.349400 -0.280600 -0.361300
v 0.355400 -0.283600 -0.361500
v 0.361500 -0.286300 -0.349500
v 0.361500 -0.288100 -0.357200
v 0.310500 -0.289700 -0.352400
v 0.307900 -0.293200 -0.352700
v 0.306400 -0.295400 -0.351800
v 0.304700 -0.298900 -0.351600
v 0.310500 -0.290900 -0.355500
v 0.309100 -0.292500 -0.355500
v 0.312000 -0.289500 -0.355500
v 0.307200 -0.295100 -0.355600
v 0.304700 -0.299500 -0.355300
v 0.310400 -0.292300 -0.358500
v 0.307600 -0.295700 -0.358400
v 0.306000 -0.298500 -0.358500
v 0.358500 -0.290500 -0.352500
v 0.358500 -0.290500 -0.355500
v 0.361400 -0.293400 -0.355400
v 0.358500 -0.290700 -0.358500
v 0.361500 -0.293700 -0.358500
v 0.358500 -0.292500 -0.361100
v 0.361500 -0.292500 -0.349700
v 0.363500 -0.289500 -0.352500
v 0.363900 -0.289500 -0.349500
v 0.361500 -0.292300 -0.349500
v 0.364500 -0.290800 -0.352500
v 0.364500 -0.290300 -0.349500
v 0.361800 -0.292500 -0.349500
v 0.366000 -0.292500 -0.349500
v 0.361500 -0.293500 -0.352500
v 0.364500 -0.295900 -0.352300
v 0.364500 -0.295500 -0.349500
v 0.367500 -0.295800 -0.352500
v 0.364600 -0.295500 -0.349500
v 0.367500 -0.295000 -0.349500
v 0.367100 -0.295500 -0.352500
v 0.367800 -0.295500 -0.349500
v 0.367000 -0.298500 -0.352500
v 0.366200 -0.298500 -0.349500
v 0.368400 -0.298500 -0.352500
v 0.368700 -0.298500 -0.349500
v 0.370500 -0.301200 -0.352500
v 0.370500 -0.300500 -0.349500
v 0.364600 -0.291500 -0.355900
v 0.362500 -0.289500 -0.358500
v 0.365300 -0.292500 -0.355500
v 0.363800 -0.295500 -0.355500
v 0.366700 -0.295500 -0.355700
v 0.364500 -0.296400 -0.355500
v 0.367500 -0.297700 -0.355500
v 0.367300 -0.298500 -0.355500
v 0.367700 -0.298500 -0.355500
v 0.367500 -0.298700 -0.355500
v 0.370500 -0.301200 -0.355500
v 0.364800 -0.292500 -0.358500
v 0.363500 -0.295500 -0.358500
v 0.364500 -0.296300 -0.359500
v 0.367500 -0.298500 -0.356600
v 0.370500 -0.301200 -0.358500
v 0.364500 -0.292500 -0.360500
v 0.367500 -0.298500 -0.360500
v 0.301600 -0.309600 -0.351600
v 0.300500 -0.313300 -0.349700
v 0.303600 -0.301400 -0.350000
v 0.303000 -0.304300 -0.354600
v 0.301800 -0.307500 -0.349500
v 0.302100 -0.307500 -0.352500
v 0.302300 -0.307500 -0.355500
v 0.301700 -0.310500 -0.355500
v 0.301500 -0.313000 -0.358600
v 0.304500 -0.301700 -0.358500
v 0.303400 -0.304500 -0.358500
v 0.302700 -0.307600 -0.359300
v 0.367400 -0.301600 -0.352500
v 0.367300 -0.301500 -0.349500
v 0.367500 -0.301700 -0.349500
v 0.370500 -0.302300 -0.352500
v 0.370500 -0.304500 -0.351200
v 0.370000 -0.304500 -0.349500
v 0.370700 -0.301500 -0.352500
v 0.371200 -0.304500 -0.349500
v 0.371100 -0.301500 -0.349500
v 0.370500 -0.305500 -0.349500
v 0.367500 -0.301500 -0.352700
v 0.370300 -0.301500 -0.355500
v 0.370500 -0.303000 -0.355500
v 0.370700 -0.301500 -0.357700
v 0.370200 -0.301500 -0.358500
v 0.370500 -0.302300 -0.358500
v 0.370500 -0.301500 -0.361100
v 0.300300 -0.316500 -0.350000
v 0.300000 -0.319500 -0.349500
v 0.300500 -0.320300 -0.352400
v 0.299700 -0.322500 -0.349500
v 0.301200 -0.313500 -0.355500
v 0.300900 -0.318400 -0.355200
v 0.300800 -0.324800 -0.355500
v 0.300900 -0.322200 -0.358600
v 0.300000 -0.326000 -0.351100
v 0.300600 -0.330700 -0.352300
v 0.301000 -0.334500 -0.352500
v 0.301500 -0.331400 -0.358500
v 0.301400 -0.334600 -0.355700
v 0.301400 -0.325100 -0.360300
v 0.301300 -0.328500 -0.358500
v 0.302000 -0.334500 -0.358500
v 0.301400 -0.337500 -0.352800
v 0.301200 -0.337500 -0.349500
v 0.302600 -0.340500 -0.352500
v 0.304400 -0.344200 -0.349400
v 0.304400 -0.344100 -0.352600
v 0.306100 -0.346500 -0.349500
v 0.307500 -0.346500 -0.354500
v 0.307500 -0.346700 -0.352500
v 0.307500 -0.347200 -0.349500
v 0.310500 -0.347900 -0.352500
v 0.301900 -0.337500 -0.355500
v 0.303000 -0.340500 -0.355500
v 0.304000 -0.343500 -0.355500
v 0.304500 -0.344200 -0.355500
v 0.307500 -0.346400 -0.355500
v 0.310500 -0.346500 -0.355200
v 0.310500 -0.345100 -0.352500
v 0.302300 -0.337500 -0.358500
v 0.303500 -0.340500 -0.358500
v 0.304600 -0.343500 -0.357500
v 0.305000 -0.343500 -0.358500
v 0.307500 -0.345100 -0.358500
v 0.310500 -0.346500 -0.356400
v 0.308900 -0.346500 -0.358500
v 0.310500 -0.347200 -0.358500
v 0.322900 -0.286700 -0.364500
v 0.325100 -0.286200 -0.366100
v 0.322500 -0.288000 -0.367500
v 0.322400 -0.289600 -0.371500
v 0.331300 -0.283400 -0.365600
v 0.327600 -0.283500 -0.361800
v 0.334400 -0.282100 -0.365100
v 0.334500 -0.283600 -0.370400
v 0.328500 -0.286100 -0.370500
v 0.331500 -0.285600 -0.373500
v 0.325600 -0.287600 -0.370800
v 0.328500 -0.286700 -0.373400
v 0.337100 -0.280300 -0.362100
v 0.340400 -0.280200 -0.363700
v 0.343500 -0.280500 -0.364700
v 0.346400 -0.280600 -0.364100
v 0.340600 -0.282100 -0.369400
v 0.337500 -0.282600 -0.369300
v 0.343500 -0.282000 -0.369900
v 0.346500 -0.282000 -0.369000
v 0.337600 -0.283600 -0.373100
v 0.352800 -0.282600 -0.364400
v 0.352500 -0.281900 -0.361500
v 0.349800 -0.282900 -0.370200
v 0.358600 -0.286200 -0.363100
v 0.352600 -0.283200 -0.367500
v 0.355500 -0.284900 -0.368100
v 0.358100 -0.286600 -0.368500
v 0.352500 -0.283700 -0.370400
v 0.349500 -0.283600 -0.373400
v 0.361700 -0.289400 -0.364400
v 0.313600 -0.292600 -0.364200
v 0.310500 -0.295600 -0.364400
v 0.309100 -0.295500 -0.361500
v 0.307200 -0.298100 -0.361700
v 0.307600 -0.300400 -0.365900
v 0.313200 -0.295400 -0.368000
v 0.310100 -0.298300 -0.367700
v 0.311700 -0.298500 -0.370500
v 0.317000 -0.290100 -0.364500
v 0.316400 -0.292300 -0.367800
v 0.319800 -0.289600 -0.367500
v 0.319500 -0.291100 -0.370500
v 0.358500 -0.292800 -0.361500
v 0.358500 -0.293600 -0.364500
v 0.357400 -0.292500 -0.364500
v 0.355500 -0.290800 -0.364500
v 0.355500 -0.290700 -0.367500
v 0.357500 -0.292500 -0.367500
v 0.361400 -0.289600 -0.367500
v 0.358500 -0.293500 -0.367500
v 0.355500 -0.292500 -0.369400
v 0.361500 -0.289800 -0.371700
v 0.358500 -0.293600 -0.370500
v 0.361500 -0.295600 -0.370500
v 0.364300 -0.292500 -0.361500
v 0.363900 -0.292500 -0.364500
v 0.364500 -0.293200 -0.364500
v 0.363500 -0.295500 -0.361500
v 0.362800 -0.295500 -0.364500
v 0.361500 -0.293700 -0.361500
v 0.361500 -0.294400 -0.364500
v 0.366100 -0.295500 -0.361500
v 0.366000 -0.295500 -0.364500
v 0.364500 -0.296500 -0.364500
v 0.367500 -0.297500 -0.364500
v 0.367400 -0.298500 -0.361500
v 0.366900 -0.298500 -0.364500
v 0.368100 -0.298500 -0.364500
v 0.367500 -0.299700 -0.364500
v 0.367500 -0.299000 -0.361500
v 0.364300 -0.292500 -0.367500
v 0.364500 -0.292800 -0.367500
v 0.361700 -0.295500 -0.367500
v 0.361500 -0.295300 -0.367500
v 0.366300 -0.295500 -0.367500
v 0.364500 -0.297100 -0.367500
v 0.367500 -0.297500 -0.367500
v 0.366600 -0.298500 -0.367500
v 0.368000 -0.298500 -0.367500
v 0.367500 -0.299200 -0.367500
v 0.370500 -0.301200 -0.367500
v 0.364200 -0.292500 -0.370500
v 0.361500 -0.295500 -0.369200
v 0.364500 -0.292800 -0.370500
v 0.366400 -0.295500 -0.370500
v 0.364500 -0.296700 -0.370500
v 0.367500 -0.297200 -0.370500
v 0.366800 -0.298500 -0.370500
v 0.368400 -0.298500 -0.370500
v 0.367500 -0.299600 -0.370500
v 0.370500 -0.301500 -0.370500
v 0.304300 -0.304000 -0.361800
v 0.306200 -0.303000 -0.366000
v 0.304500 -0.307500 -0.367400
v 0.303700 -0.307500 -0.364500
v 0.301900 -0.312400 -0.360400
v 0.303300 -0.310300 -0.367000
v 0.307200 -0.304100 -0.370500
v 0.309200 -0.301500 -0.370500
v 0.305300 -0.307500 -0.370500
v 0.304200 -0.310200 -0.370900
v 0.307500 -0.305000 -0.373200
v 0.311700 -0.300300 -0.373700
v 0.370100 -0.301500 -0.367500
v 0.370500 -0.302600 -0.367500
v 0.370500 -0.301500 -0.366100
v 0.370700 -0.301500 -0.367500
v 0.370500 -0.301500 -0.370500
v 0.370500 -0.301700 -0.370500
v 0.367500 -0.301500 -0.372900
v 0.301400 -0.322500 -0.361500
v 0.301600 -0.316400 -0.363800
v 0.301600 -0.318900 -0.363400
v 0.301900 -0.322500 -0.364500
v 0.301400 -0.325500 -0.364700
v 0.303000 -0.313400 -0.369600
v 0.302600 -0.316600 -0.369600
v 0.302100 -0.319500 -0.367500
v 0.302400 -0.319700 -0.370500
v 0.301300 -0.328500 -0.361500
v 0.301700 -0.328500 -0.364500
v 0.301900 -0.331500 -0.361500
v 0.301500 -0.329600 -0.361500
v 0.301800 -0.331500 -0.364500
v 0.302100 -0.334500 -0.361500
v 0.302600 -0.334500 -0.364500
v 0.301900 -0.325500 -0.367500
v 0.302000 -0.326900 -0.369600
v 0.301900 -0.331500 -0.367500
v 0.302900 -0.334500 -0.367500
v 0.301900 -0.328400 -0.370600
v 0.302500 -0.331500 -0.370500
v 0.303000 -0.334500 -0.370500
v 0.303300 -0.337700 -0.366900
v 0.304300 -0.340900 -0.361900
v 0.303100 -0.337500 -0.361500
v 0.304200 -0.340500 -0.364500
v 0.304500 -0.340900 -0.364500
v 0.305500 -0.343500 -0.361500
v 0.307100 -0.343500 -0.364500
v 0.307500 -0.344000 -0.364500
v 0.307500 -0.345600 -0.361500
v 0.307900 -0.346500 -0.361500
v 0.308500 -0.346500 -0.364500
v 0.310500 -0.347900 -0.364500
v 0.310500 -0.348000 -0.361500
v 0.304600 -0.340400 -0.367400
v 0.307500 -0.343500 -0.367500
v 0.310500 -0.345100 -0.367500
v 0.310500 -0.346500 -0.366500
v 0.304000 -0.337600 -0.370400
v 0.305500 -0.340500 -0.370500
v 0.307500 -0.342500 -0.370500
v 0.308300 -0.343500 -0.370500
v 0.310500 -0.345400 -0.370500
v 0.304600 -0.337300 -0.373500
v 0.307300 -0.343600 -0.373600
v 0.331500 -0.286800 -0.378100
v 0.334500 -0.285400 -0.376500
v 0.328500 -0.287600 -0.376500
v 0.334500 -0.286700 -0.381400
v 0.328500 -0.288500 -0.379500
v 0.328400 -0.289400 -0.382600
v 0.331600 -0.288800 -0.385500
v 0.340500 -0.283400 -0.374400
v 0.343500 -0.283600 -0.376200
v 0.346600 -0.283500 -0.375100
v 0.337600 -0.285600 -0.379600
v 0.340500 -0.284900 -0.379500
v 0.343200 -0.284800 -0.380000
v 0.346500 -0.284800 -0.380500
v 0.340500 -0.285800 -0.382500
v 0.352500 -0.284700 -0.375000
v 0.349500 -0.285100 -0.380100
v 0.355600 -0.285700 -0.373400
v 0.358400 -0.287700 -0.375600
v 0.352300 -0.285700 -0.380200
v 0.355500 -0.286400 -0.377700
v 0.358600 -0.288300 -0.380300
v 0.355500 -0.287000 -0.382300
v 0.352500 -0.286600 -0.385400
v 0.313300 -0.298400 -0.373700
v 0.319600 -0.292400 -0.373600
v 0.322900 -0.292500 -0.380600
v 0.317100 -0.295700 -0.375900
v 0.313500 -0.299700 -0.376500
v 0.319800 -0.295900 -0.382500
v 0.316800 -0.298600 -0.382100
v 0.325400 -0.289400 -0.377200
v 0.325500 -0.291200 -0.382500
v 0.361000 -0.289700 -0.376900
v 0.360700 -0.295500 -0.373500
v 0.358500 -0.293700 -0.373500
v 0.358500 -0.293700 -0.376500
v 0.360400 -0.295500 -0.376500
v 0.360800 -0.289900 -0.380200
v 0.355500 -0.293800 -0.376500
v 0.358500 -0.295500 -0.379500
v 0.359800 -0.289500 -0.382500
v 0.364300 -0.292700 -0.373400
v 0.364300 -0.293100 -0.376400
v 0.366500 -0.295500 -0.373500
v 0.366200 -0.295500 -0.376500
v 0.361500 -0.296600 -0.376500
v 0.364500 -0.298700 -0.376400
v 0.364500 -0.298500 -0.374900
v 0.364500 -0.297800 -0.373500
v 0.361500 -0.296300 -0.373500
v 0.367500 -0.297000 -0.376500
v 0.367500 -0.296900 -0.373500
v 0.365500 -0.298500 -0.373500
v 0.368400 -0.298500 -0.373500
v 0.370500 -0.301300 -0.373500
v 0.364500 -0.293500 -0.379300
v 0.366100 -0.295500 -0.381000
v 0.361500 -0.296600 -0.379500
v 0.364000 -0.298500 -0.379600
v 0.367800 -0.297600 -0.380900
v 0.364000 -0.293300 -0.382800
v 0.361500 -0.297400 -0.382500
v 0.363000 -0.298500 -0.382500
v 0.368300 -0.298500 -0.382500
v 0.364500 -0.299200 -0.382500
v 0.370500 -0.301300 -0.382500
v 0.310500 -0.304300 -0.379000
v 0.307400 -0.307500 -0.376900
v 0.304800 -0.310600 -0.373100
v 0.308500 -0.307500 -0.379500
v 0.307500 -0.309300 -0.379500
v 0.306900 -0.310500 -0.379500
v 0.310500 -0.305900 -0.382200
v 0.307500 -0.310600 -0.382400
v 0.313700 -0.301300 -0.380400
v 0.367000 -0.301500 -0.376500
v 0.367500 -0.302100 -0.376500
v 0.367400 -0.301700 -0.373500
v 0.370500 -0.302100 -0.376500
v 0.370400 -0.304500 -0.376500
v 0.370500 -0.304500 -0.375100
v 0.370500 -0.301500 -0.376000
v 0.370500 -0.302900 -0.373500
v 0.370600 -0.301500 -0.373500
v 0.370700 -0.304500 -0.376500
v 0.370500 -0.304600 -0.376500
v 0.367500 -0.301900 -0.379400
v 0.370500 -0.301600 -0.379500
v 0.369900 -0.304500 -0.379500
v 0.370300 -0.301500 -0.379500
v 0.371500 -0.304500 -0.379500
v 0.370500 -0.305100 -0.379500
v 0.366800 -0.301500 -0.382500
v 0.367500 -0.302500 -0.382500
v 0.370500 -0.301500 -0.380100
v 0.369900 -0.304500 -0.382500
v 0.370700 -0.301500 -0.382500
v 0.371300 -0.304500 -0.382500
v 0.370500 -0.304900 -0.382500
v 0.370500 -0.301500 -0.384600
v 0.304600 -0.313900 -0.376400
v 0.303900 -0.316500 -0.376500
v 0.304000 -0.313500 -0.373500
v 0.303200 -0.320400 -0.375600
v 0.303200 -0.322500 -0.378000
v 0.304700 -0.317100 -0.379500
v 0.304000 -0.319500 -0.379500
v 0.307000 -0.313200 -0.384700
v 0.304500 -0.319500 -0.382400
v 0.304500 -0.322400 -0.384700
v 0.303200 -0.325500 -0.379500
v 0.302300 -0.328500 -0.373500
v 0.302700 -0.328700 -0.377000
v 0.302600 -0.331600 -0.374500
v 0.303200 -0.334500 -0.373500
v 0.303900 -0.334500 -0.377500
v 0.303500 -0.331300 -0.380300
v 0.304500 -0.337500 -0.376600
v 0.303600 -0.325500 -0.382500
v 0.303800 -0.328500 -0.383200
v 0.304200 -0.334500 -0.382500
v 0.304800 -0.337400 -0.382400
v 0.306500 -0.340500 -0.376500
v 0.306800 -0.340500 -0.373500
v 0.307500 -0.343500 -0.376500
v 0.309600 -0.346500 -0.376500
v 0.310500 -0.346500 -0.374100
v 0.310500 -0.346300 -0.373500
v 0.310500 -0.347100 -0.376500
v 0.304600 -0.337500 -0.379500
v 0.306300 -0.340500 -0.379500
v 0.307500 -0.342700 -0.379500
v 0.307900 -0.343500 -0.379500
v 0.310500 -0.346100 -0.379500
v 0.310500 -0.346500 -0.378500
v 0.306100 -0.340500 -0.382500
v 0.307800 -0.343500 -0.382600
v 0.310500 -0.346100 -0.382500
v 0.334500 -0.288200 -0.387500
v 0.334700 -0.289900 -0.393800
v 0.343600 -0.286400 -0.387100
v 0.346500 -0.286300 -0.387300
v 0.343500 -0.287400 -0.391500
v 0.337500 -0.287000 -0.385500
v 0.337900 -0.288300 -0.391300
v 0.346700 -0.287700 -0.394000
v 0.340500 -0.288500 -0.394500
v 0.337100 -0.289300 -0.394800
v 0.343600 -0.288000 -0.395100
v 0.349500 -0.286200 -0.386300
v 0.352400 -0.287700 -0.391500
v 0.355500 -0.288200 -0.388500
v 0.358500 -0.289400 -0.387700
v 0.349400 -0.287600 -0.393100
v 0.355400 -0.289200 -0.394000
v 0.352600 -0.289100 -0.396800
v 0.325500 -0.292400 -0.385500
v 0.322700 -0.295400 -0.388200
v 0.321400 -0.295500 -0.385500
v 0.319400 -0.298700 -0.388400
v 0.324700 -0.295000 -0.391700
v 0.325700 -0.295500 -0.395400
v 0.322400 -0.298500 -0.395500
v 0.319100 -0.301600 -0.395600
v 0.328400 -0.292500 -0.392500
v 0.328500 -0.290400 -0.385500
v 0.331500 -0.289500 -0.388400
v 0.331500 -0.290500 -0.391500
v 0.331400 -0.292200 -0.396700
v 0.358500 -0.290000 -0.391500
v 0.358500 -0.290400 -0.394500
v 0.361500 -0.291200 -0.385500
v 0.361800 -0.291700 -0.388200
v 0.364600 -0.294000 -0.385300
v 0.364500 -0.294400 -0.390800
v 0.363500 -0.298500 -0.385500
v 0.361500 -0.296600 -0.385500
v 0.361500 -0.298400 -0.388500
v 0.361600 -0.298500 -0.388500
v 0.367600 -0.297700 -0.388800
v 0.367700 -0.297400 -0.385500
v 0.364500 -0.299500 -0.388500
v 0.364500 -0.299500 -0.385500
v 0.361600 -0.292100 -0.391500
v 0.361500 -0.298500 -0.388800
v 0.367700 -0.297900 -0.396200
v 0.364500 -0.300400 -0.391500
v 0.361500 -0.292300 -0.396000
v 0.364400 -0.294600 -0.394800
v 0.364500 -0.299600 -0.394500
v 0.313700 -0.304600 -0.388900
v 0.310400 -0.307600 -0.386000
v 0.309300 -0.310500 -0.388500
v 0.308600 -0.310500 -0.385500
v 0.312900 -0.306900 -0.392000
v 0.310700 -0.310900 -0.393900
v 0.316600 -0.301300 -0.387900
v 0.316300 -0.304100 -0.394400
v 0.317600 -0.301500 -0.391500
v 0.316600 -0.304700 -0.397400
v 0.366500 -0.301500 -0.388500
v 0.367500 -0.302500 -0.388500
v 0.367500 -0.302200 -0.385500
v 0.370500 -0.301800 -0.391500
v 0.370200 -0.304500 -0.385500
v 0.370200 -0.304500 -0.388500
v 0.370400 -0.301500 -0.388700
v 0.370400 -0.301500 -0.385500
v 0.371000 -0.304500 -0.385500
v 0.371100 -0.304500 -0.388500
v 0.370500 -0.304800 -0.388500
v 0.370500 -0.304800 -0.385500
v 0.365600 -0.301500 -0.391500
v 0.367500 -0.302600 -0.391500
v 0.370000 -0.304500 -0.391500
v 0.371400 -0.304500 -0.391500
v 0.370500 -0.305400 -0.391500
v 0.366500 -0.301500 -0.394500
v 0.367500 -0.302500 -0.394500
v 0.370500 -0.302300 -0.394500
v 0.370300 -0.304500 -0.394500
v 0.370300 -0.301500 -0.394500
v 0.371100 -0.304500 -0.394500
v 0.370500 -0.304700 -0.394600
v 0.370500 -0.301500 -0.395700
v 0.307700 -0.313600 -0.388000
v 0.306400 -0.316500 -0.387000
v 0.305600 -0.319500 -0.387000
v 0.304600 -0.325500 -0.388100
v 0.307700 -0.316600 -0.393200
v 0.309100 -0.313500 -0.393000
v 0.306700 -0.320500 -0.393800
v 0.307500 -0.319600 -0.397300
v 0.304400 -0.328500 -0.389000
v 0.304200 -0.325500 -0.385500
v 0.304500 -0.334500 -0.385500
v 0.304200 -0.331500 -0.385500
v 0.304700 -0.331500 -0.388500
v 0.305100 -0.334500 -0.388500
v 0.304900 -0.328500 -0.391500
v 0.305300 -0.325500 -0.391500
v 0.305000 -0.331500 -0.392700
v 0.305600 -0.334500 -0.394200
v 0.305600 -0.328700 -0.395300
v 0.305200 -0.337500 -0.388500
v 0.306000 -0.340500 -0.385500
v 0.305200 -0.337500 -0.385500
v 0.306700 -0.340500 -0.388500
v 0.307500 -0.343500 -0.386400
v 0.307400 -0.343600 -0.385500
v 0.307500 -0.342400 -0.388500
v 0.308100 -0.343500 -0.388500
v 0.310500 -0.345600 -0.388500
v 0.310500 -0.346100 -0.385500
v 0.311000 -0.346500 -0.388500
v 0.305600 -0.337500 -0.391500
v 0.306600 -0.340500 -0.391500
v 0.308000 -0.343200 -0.391300
v 0.310600 -0.345200 -0.394100
v 0.311200 -0.346500 -0.391500
v 0.306100 -0.337500 -0.394500
v 0.307500 -0.340500 -0.394500
v 0.308900 -0.343500 -0.394500
v 0.311400 -0.346500 -0.394500
v 0.340500 -0.289400 -0.399500
v 0.343500 -0.289800 -0.403000
v 0.346400 -0.289100 -0.400000
v 0.349400 -0.289400 -0.400600
v 0.325000 -0.298300 -0.400700
v 0.322500 -0.300600 -0.400500
v 0.334700 -0.291500 -0.400100
v 0.329200 -0.295500 -0.402700
v 0.328500 -0.294200 -0.397500
v 0.331600 -0.293300 -0.401200
v 0.334400 -0.292400 -0.404000
v 0.325600 -0.299000 -0.403600
v 0.328500 -0.297300 -0.406500
v 0.325500 -0.299900 -0.406500
v 0.337700 -0.290600 -0.401800
v 0.340900 -0.290900 -0.406600
v 0.346500 -0.289800 -0.403500
v 0.337500 -0.291800 -0.406500
v 0.343300 -0.290600 -0.407200
v 0.347400 -0.290200 -0.406900
v 0.352500 -0.289600 -0.400500
v 0.355500 -0.289900 -0.397500
v 0.355100 -0.290300 -0.402400
v 0.358700 -0.291100 -0.399000
v 0.351300 -0.289900 -0.402700
v 0.358500 -0.291400 -0.403500
v 0.361500 -0.292500 -0.403500
v 0.352000 -0.290300 -0.406600
v 0.355500 -0.290700 -0.406500
v 0.358400 -0.291300 -0.407900
v 0.361500 -0.292600 -0.406500
v 0.361500 -0.292500 -0.400500
v 0.364500 -0.294700 -0.400400
v 0.367900 -0.297900 -0.400500
v 0.364500 -0.300100 -0.397500
v 0.364500 -0.299600 -0.400500
v 0.370700 -0.301500 -0.400500
v 0.370700 -0.301500 -0.397400
v 0.361500 -0.292500 -0.403500
v 0.364800 -0.294800 -0.403500
v 0.367400 -0.297500 -0.403800
v 0.364500 -0.300200 -0.403500
v 0.370800 -0.301400 -0.403600
v 0.364700 -0.294900 -0.406500
v 0.368200 -0.298500 -0.406500
v 0.364500 -0.299600 -0.406500
v 0.370900 -0.301500 -0.406500
v 0.313400 -0.310600 -0.403900
v 0.312000 -0.310500 -0.397500
v 0.310300 -0.313400 -0.398200
v 0.319100 -0.304100 -0.402900
v 0.316700 -0.306200 -0.402100
v 0.321300 -0.301500 -0.400500
v 0.313800 -0.307900 -0.397500
v 0.322500 -0.301500 -0.403500
v 0.315900 -0.307500 -0.403500
v 0.319900 -0.304700 -0.407700
v 0.323900 -0.301400 -0.408100
v 0.316600 -0.307500 -0.406600
v 0.313200 -0.312400 -0.408800
v 0.367300 -0.302300 -0.400900
v 0.366400 -0.301500 -0.397500
v 0.367500 -0.302200 -0.397500
v 0.370200 -0.304500 -0.397500
v 0.370500 -0.305000 -0.400100
v 0.371400 -0.304500 -0.397500
v 0.371900 -0.304500 -0.400500
v 0.366000 -0.301500 -0.403500
v 0.367500 -0.302500 -0.403500
v 0.369700 -0.304500 -0.403500
v 0.372600 -0.304500 -0.403500
v 0.370500 -0.305600 -0.403500
v 0.373200 -0.307500 -0.403500
v 0.366600 -0.301500 -0.406500
v 0.367500 -0.302700 -0.406500
v 0.369500 -0.304500 -0.406500
v 0.372000 -0.304500 -0.406500
v 0.370500 -0.306300 -0.406500
v 0.373000 -0.307500 -0.406500
v 0.373200 -0.310500 -0.406500
v 0.370500 -0.301500 -0.408900
v 0.373500 -0.307500 -0.402600
v 0.373800 -0.307500 -0.403500
v 0.373500 -0.306700 -0.403500
v 0.373500 -0.307700 -0.403500
v 0.373500 -0.307200 -0.406400
v 0.373500 -0.310500 -0.406100
v 0.374200 -0.310500 -0.406500
v 0.373500 -0.311200 -0.406500
v 0.373500 -0.310500 -0.407700
v 0.310300 -0.314600 -0.400600
v 0.308400 -0.319500 -0.400500
v 0.307400 -0.322400 -0.400600
v 0.306900 -0.322500 -0.397500
v 0.310200 -0.316100 -0.403500
v 0.311900 -0.313400 -0.404500
v 0.307500 -0.324200 -0.404200
v 0.310500 -0.316500 -0.406600
v 0.308500 -0.322200 -0.406700
v 0.306400 -0.325500 -0.397500
v 0.306400 -0.328500 -0.400500
v 0.305800 -0.331500 -0.397500
v 0.306200 -0.331400 -0.402500
v 0.306000 -0.334300 -0.399200
v 0.306500 -0.328500 -0.403500
v 0.306200 -0.334500 -0.403500
v 0.307100 -0.328400 -0.408500
v 0.306600 -0.331500 -0.406500
v 0.306500 -0.334500 -0.406500
v 0.306500 -0.337600 -0.403000
v 0.307500 -0.340000 -0.400500
v 0.306600 -0.337500 -0.397500
v 0.307600 -0.340500 -0.397500
v 0.307700 -0.340500 -0.400500
v 0.309400 -0.343500 -0.397500
v 0.308800 -0.343500 -0.400500
v 0.310900 -0.346500 -0.400400
v 0.310500 -0.344800 -0.397500
v 0.311500 -0.346500 -0.397500
v 0.307500 -0.340500 -0.403500
v 0.308800 -0.343500 -0.403500
v 0.310600 -0.346500 -0.403500
v 0.306600 -0.337500 -0.406500
v 0.307500 -0.339800 -0.406500
v 0.307900 -0.340500 -0.406500
v 0.309100 -0.343100 -0.408300
v 0.310500 -0.345800 -0.406500
v 0.310800 -0.346500 -0.406500
v 0.313500 -0.348300 -0.400500
v 0.313500 -0.348300 -0.403500
v 0.313500 -0.348200 -0.406500
v 0.314400 -0.349500 -0.400500
v 0.316500 -0.351000 -0.400500
v 0.316500 -0.349500 -0.399000
v 0.315200 -0.349500 -0.403500
v 0.316500 -0.350200 -0.403500
v 0.314600 -0.349500 -0.406500
v 0.316500 -0.351000 -0.406500
v 0.316500 -0.349500 -0.408200
v 0.337400 -0.292600 -0.409800
v 0.334500 -0.294800 -0.414500
v 0.331700 -0.295600 -0.409300
v 0.334500 -0.293800 -0.409500
v 0.328400 -0.298600 -0.411900
v 0.330500 -0.298300 -0.418000
v 0.324200 -0.302100 -0.414100
v 0.328600 -0.299500 -0.417500
v 0.334700 -0.295900 -0.419400
v 0.337500 -0.294300 -0.418500
v 0.342900 -0.291500 -0.413000
v 0.340500 -0.291500 -0.409500
v 0.346500 -0.290700 -0.411000
v 0.340700 -0.292800 -0.418100
v 0.346800 -0.291700 -0.420300
v 0.337500 -0.293500 -0.415500
v 0.343500 -0.292000 -0.418500
v 0.352500 -0.290600 -0.411000
v 0.349500 -0.290800 -0.415500
v 0.355600 -0.290900 -0.411700
v 0.361500 -0.292500 -0.409500
v 0.361400 -0.292600 -0.412500
v 0.352400 -0.290900 -0.417700
v 0.355500 -0.291100 -0.416500
v 0.358600 -0.291700 -0.416200
v 0.349500 -0.291400 -0.420000
v 0.364800 -0.294900 -0.410200
v 0.368200 -0.298500 -0.412600
v 0.368300 -0.298500 -0.409600
v 0.364500 -0.299500 -0.409500
v 0.364500 -0.300400 -0.412500
v 0.370500 -0.301500 -0.412500
v 0.364600 -0.295200 -0.415600
v 0.364600 -0.295300 -0.418700
v 0.361500 -0.293500 -0.420200
v 0.367600 -0.298400 -0.418500
v 0.321000 -0.304400 -0.412000
v 0.319500 -0.306200 -0.415500
v 0.317900 -0.307300 -0.412900
v 0.316600 -0.308700 -0.412700
v 0.315100 -0.310500 -0.412500
v 0.313200 -0.313100 -0.412600
v 0.316100 -0.309700 -0.417200
v 0.313300 -0.313400 -0.416800
v 0.322200 -0.304200 -0.418600
v 0.319600 -0.306400 -0.420500
v 0.325800 -0.301700 -0.418500
v 0.365700 -0.301500 -0.412500
v 0.367500 -0.302500 -0.412500
v 0.366500 -0.301500 -0.409500
v 0.367500 -0.302500 -0.409500
v 0.370500 -0.301500 -0.411900
v 0.369700 -0.304500 -0.412500
v 0.369800 -0.304500 -0.409500
v 0.370500 -0.301700 -0.409500
v 0.370400 -0.301500 -0.409500
v 0.372100 -0.304500 -0.409500
v 0.372300 -0.304500 -0.412500
v 0.370500 -0.305600 -0.409500
v 0.372800 -0.307500 -0.409500
v 0.372200 -0.307500 -0.412500
v 0.373500 -0.310500 -0.412500
v 0.370500 -0.301500 -0.413700
v 0.367500 -0.302400 -0.415500
v 0.370400 -0.301500 -0.415500
v 0.369800 -0.304500 -0.415500
v 0.370500 -0.301600 -0.415500
v 0.372300 -0.304500 -0.415500
v 0.370500 -0.307500 -0.415000
v 0.372600 -0.310500 -0.415500
v 0.364500 -0.302500 -0.418500
v 0.367500 -0.304500 -0.418400
v 0.370100 -0.301500 -0.418500
v 0.370500 -0.301900 -0.418500
v 0.371900 -0.304100 -0.420400
v 0.369700 -0.307500 -0.418500
v 0.370500 -0.308300 -0.418500
v 0.372700 -0.310500 -0.418500
v 0.373500 -0.306400 -0.409500
v 0.374000 -0.307500 -0.409500
v 0.373500 -0.306500 -0.412500
v 0.374000 -0.307500 -0.412500
v 0.373500 -0.310500 -0.412500
v 0.373500 -0.310500 -0.412500
v 0.373500 -0.308800 -0.409500
v 0.373500 -0.305900 -0.415500
v 0.374200 -0.307500 -0.415500
v 0.375000 -0.310500 -0.415500
v 0.373500 -0.306600 -0.418500
v 0.374700 -0.310500 -0.418500
v 0.376500 -0.313300 -0.418500
v 0.311000 -0.316500 -0.409500
v 0.310400 -0.318200 -0.412200
v 0.310000 -0.318800 -0.410700
v 0.309600 -0.319500 -0.409500
v 0.307500 -0.325800 -0.408200
v 0.309100 -0.322600 -0.414900
v 0.312100 -0.315700 -0.418000
v 0.310500 -0.319400 -0.418400
v 0.309200 -0.322500 -0.418500
v 0.313500 -0.313600 -0.421400
v 0.376500 -0.313500 -0.417900
v 0.376500 -0.314600 -0.418500
v 0.376500 -0.313500 -0.419000
v 0.373500 -0.314500 -0.418500
v 0.307200 -0.327800 -0.411000
v 0.306700 -0.331800 -0.411100
v 0.306500 -0.334500 -0.409500
v 0.306900 -0.334500 -0.412500
v 0.307500 -0.328500 -0.415700
v 0.308200 -0.325500 -0.415500
v 0.307300 -0.331700 -0.417400
v 0.307000 -0.334400 -0.417000
v 0.307800 -0.328500 -0.418500
v 0.308400 -0.325600 -0.421100
v 0.307000 -0.337500 -0.412500
v 0.307900 -0.340400 -0.412300
v 0.307000 -0.337500 -0.409500
v 0.307700 -0.339900 -0.409600
v 0.309400 -0.343500 -0.412500
v 0.310500 -0.345100 -0.412500
v 0.310500 -0.345600 -0.409500
v 0.311300 -0.346500 -0.409500
v 0.311100 -0.346500 -0.412500
v 0.307300 -0.337700 -0.415700
v 0.308200 -0.340500 -0.415500
v 0.309300 -0.343500 -0.415500
v 0.310900 -0.346500 -0.415600
v 0.307200 -0.337600 -0.419000
v 0.308600 -0.340500 -0.418500
v 0.310400 -0.343800 -0.418400
v 0.313500 -0.346400 -0.421000
v 0.313500 -0.349000 -0.412500
v 0.316500 -0.348100 -0.409500
v 0.313500 -0.348800 -0.409500
v 0.313500 -0.348600 -0.415500
v 0.313500 -0.347300 -0.418500
v 0.313900 -0.349500 -0.412500
v 0.316500 -0.351100 -0.412500
v 0.316500 -0.349500 -0.410700
v 0.314200 -0.349500 -0.415500
v 0.316500 -0.351000 -0.415500
v 0.314600 -0.349500 -0.418500
v 0.316500 -0.351000 -0.418500
v 0.337400 -0.295200 -0.423200
v 0.331900 -0.298300 -0.423000
v 0.333700 -0.297800 -0.426000
v 0.326400 -0.301800 -0.425100
v 0.326900 -0.301200 -0.421800
v 0.343500 -0.292500 -0.421500
v 0.346400 -0.292300 -0.424900
v 0.352500 -0.291700 -0.423800
v 0.349500 -0.291900 -0.425300
v 0.355500 -0.292000 -0.424500
v 0.358600 -0.292400 -0.422200
v 0.364400 -0.295700 -0.421500
v 0.367500 -0.298400 -0.421600
v 0.322400 -0.304500 -0.424500
v 0.322100 -0.304300 -0.421400
v 0.319300 -0.307200 -0.427500
v 0.318500 -0.307500 -0.421500
v 0.316200 -0.310100 -0.423700
v 0.325500 -0.302700 -0.427500
v 0.322500 -0.304700 -0.427500
v 0.316200 -0.310300 -0.427200
v 0.322600 -0.304800 -0.430700
v 0.319300 -0.307300 -0.430700
v 0.316500 -0.310400 -0.432200
v 0.364500 -0.304500 -0.421500
v 0.370400 -0.302100 -0.421600
v 0.367500 -0.305500 -0.421500
v 0.369700 -0.307500 -0.421500
v 0.372800 -0.310500 -0.421500
v 0.312100 -0.316500 -0.425400
v 0.311900 -0.316500 -0.421500
v 0.310500 -0.319400 -0.421500
v 0.310600 -0.319900 -0.424600
v 0.309500 -0.322500 -0.424500
v 0.310500 -0.319900 -0.427500
v 0.309500 -0.322400 -0.428400
v 0.312500 -0.316100 -0.432000
v 0.310400 -0.320300 -0.432700
v 0.313600 -0.313900 -0.424500
v 0.313600 -0.313900 -0.427500
v 0.313700 -0.313800 -0.430400
v 0.372900 -0.313500 -0.421500
v 0.373500 -0.314100 -0.421500
v 0.308700 -0.325500 -0.424500
v 0.307900 -0.329600 -0.421400
v 0.308000 -0.328600 -0.425000
v 0.307500 -0.331500 -0.424500
v 0.307300 -0.334300 -0.422000
v 0.307600 -0.331500 -0.427500
v 0.307400 -0.334400 -0.427700
v 0.308200 -0.328700 -0.431200
v 0.307700 -0.334500 -0.430800
v 0.307500 -0.337500 -0.424600
v 0.307500 -0.337900 -0.421500
v 0.309100 -0.340500 -0.421500
v 0.308700 -0.340500 -0.424500
v 0.310400 -0.343900 -0.421300
v 0.309800 -0.343500 -0.424500
v 0.310500 -0.344700 -0.424500
v 0.312000 -0.346500 -0.424500
v 0.307800 -0.337600 -0.428200
v 0.308600 -0.340500 -0.427500
v 0.309700 -0.343500 -0.427500
v 0.310500 -0.344700 -0.427500
v 0.311700 -0.346500 -0.427500
v 0.308800 -0.340500 -0.430500
v 0.310300 -0.343500 -0.430500
v 0.312100 -0.346500 -0.430500
v 0.313500 -0.346100 -0.421500
v 0.313800 -0.346500 -0.421500
v 0.313500 -0.347600 -0.424500
v 0.313500 -0.348300 -0.427500
v 0.316500 -0.346500 -0.430300
v 0.313500 -0.347900 -0.430500
v 0.316100 -0.346500 -0.430500
v 0.316500 -0.346500 -0.430900
v 0.314600 -0.349500 -0.424400
v 0.316500 -0.351000 -0.424500
v 0.316500 -0.351000 -0.421500
v 0.314300 -0.349500 -0.427500
v 0.316500 -0.351100 -0.427500
v 0.316500 -0.349500 -0.430300
v 0.316500 -0.349500 -0.432300
v 0.309800 -0.322300 -0.436700
v 0.309500 -0.322500 -0.433500
v 0.308500 -0.325600 -0.438900
v 0.308900 -0.325500 -0.433500
v 0.308000 -0.328400 -0.437200
v 0.307800 -0.331500 -0.435000
v 0.307600 -0.335200 -0.436100
v 0.307400 -0.337500 -0.436300
v 0.307700 -0.337500 -0.433500
v 0.308200 -0.340500 -0.436500
v 0.308800 -0.340500 -0.433500
v 0.310300 -0.343600 -0.433500
v 0.310400 -0.343800 -0.436600
v 0.312400 -0.346500 -0.433500
v 0.311600 -0.346500 -0.436500
v 0.313500 -0.347400 -0.433500
v 0.313500 -0.348400 -0.436500
v 0.316500 -0.348600 -0.439500
v 0.313500 -0.348200 -0.439500
v 0.314800 -0.349500 -0.436500
v 0.316500 -0.350500 -0.436500
v 0.316500 -0.349700 -0.433500
v 0.316500 -0.349500 -0.438100
v 0.343900 -0.178600 -0.228900
v 0.341300 -0.178500 -0.229800
v 0.343500 -0.181500 -0.229500
v 0.358500 -0.178500 -0.229400
v 0.355500 -0.181500 -0.228600
v 0.346500 -0.181500 -0.228800
v 0.349500 -0.181500 -0.228200
v 0.349500 -0.184900 -0.229300
v 0.352500 -0.184600 -0.229200
v 0.346100 -0.221700 -0.228300
v 0.351000 -0.225000 -0.228000
v 0.349500 -0.226500 -0.228700
v 0.352500 -0.231200 -0.228800
v 0.356100 -0.232900 -0.228200
v 0.358500 -0.232500 -0.227400
v 0.360600 -0.235100 -0.227500
v 0.364500 -0.228000 -0.226000
v 0.367500 -0.229500 -0.225600
v 0.368900 -0.231700 -0.225800
v 0.367400 -0.235500 -0.226500
v 0.362800 -0.232100 -0.226500
v 0.370200 -0.237200 -0.226600
v 0.366000 -0.238500 -0.227500
v 0.367500 -0.241500 -0.227900
v 0.373500 -0.238900 -0.226500
v 0.373500 -0.241500 -0.227000
v 0.377800 -0.236400 -0.226100
v 0.382200 -0.238100 -0.226700
v 0.381000 -0.234800 -0.226000
v 0.376600 -0.238600 -0.226400
v 0.381300 -0.240900 -0.227400
v 0.359100 -0.241400 -0.229800
v 0.363600 -0.241800 -0.228700
v 0.370100 -0.242600 -0.227700
v 0.375200 -0.245500 -0.228100
v 0.367500 -0.247500 -0.229000
v 0.364400 -0.247500 -0.229500
v 0.370400 -0.250600 -0.229300
v 0.379500 -0.244500 -0.228100
v 0.380100 -0.249700 -0.229100
v 0.376500 -0.250500 -0.229000
v 0.373500 -0.250700 -0.229000
v 0.349500 -0.156100 -0.241500
v 0.346400 -0.157400 -0.238300
v 0.335800 -0.169500 -0.235500
v 0.337300 -0.166400 -0.235500
v 0.343100 -0.160300 -0.235400
v 0.340500 -0.163500 -0.234500
v 0.343500 -0.160500 -0.234900
v 0.343400 -0.163400 -0.232400
v 0.340400 -0.166400 -0.232400
v 0.337500 -0.169500 -0.233200
v 0.343500 -0.159300 -0.238500
v 0.342000 -0.160500 -0.238500
v 0.340000 -0.162500 -0.238500
v 0.340300 -0.163200 -0.241600
v 0.363000 -0.166500 -0.232500
v 0.361500 -0.165100 -0.232500
v 0.362800 -0.163500 -0.235500
v 0.364400 -0.169600 -0.232500
v 0.364500 -0.165800 -0.238500
v 0.363700 -0.163500 -0.238500
v 0.361600 -0.160500 -0.241500
v 0.337700 -0.170900 -0.232500
v 0.334400 -0.172300 -0.235400
v 0.333500 -0.175500 -0.235500
v 0.332100 -0.175500 -0.238500
v 0.332100 -0.175500 -0.238500
v 0.333600 -0.172500 -0.241500
v 0.331400 -0.178300 -0.238500
v 0.331500 -0.178700 -0.241500
v 0.331400 -0.178300 -0.238500
v 0.330900 -0.181500 -0.238500
v 0.337300 -0.172300 -0.232400
v 0.336700 -0.175500 -0.232300
v 0.336700 -0.178600 -0.232100
v 0.337000 -0.181500 -0.231900
v 0.340700 -0.181900 -0.230600
v 0.361500 -0.175500 -0.230600
v 0.359900 -0.175500 -0.229500
v 0.361500 -0.178500 -0.231200
v 0.361500 -0.169500 -0.241500
v 0.364600 -0.172500 -0.232400
v 0.364600 -0.172500 -0.232400
v 0.365200 -0.175500 -0.235500
v 0.373500 -0.178500 -0.232700
v 0.370500 -0.179800 -0.235500
v 0.370500 -0.181500 -0.234300
v 0.371400 -0.178500 -0.235500
v 0.364400 -0.178500 -0.235500
v 0.362700 -0.178600 -0.238500
v 0.364100 -0.181500 -0.235500
v 0.361500 -0.181500 -0.238300
v 0.361500 -0.172500 -0.240700
v 0.361200 -0.175500 -0.241100
v 0.370700 -0.178600 -0.238500
v 0.368600 -0.181500 -0.241500
v 0.372400 -0.178500 -0.241500
v 0.373900 -0.178500 -0.232500
v 0.373500 -0.181500 -0.232000
v 0.376500 -0.173700 -0.235500
v 0.379500 -0.172800 -0.235500
v 0.376500 -0.174000 -0.238500
v 0.382500 -0.173500 -0.238500
v 0.379500 -0.172900 -0.238500
v 0.379500 -0.172800 -0.235500
v 0.385500 -0.174900 -0.235500
v 0.376500 -0.174000 -0.238500
v 0.379500 -0.175500 -0.240500
v 0.376500 -0.175500 -0.240400
v 0.373500 -0.175600 -0.238500
v 0.376500 -0.175500 -0.240400
v 0.373500 -0.177800 -0.241500
v 0.376500 -0.177300 -0.241500
v 0.382400 -0.178600 -0.241000
v 0.385500 -0.178500 -0.239800
v 0.385300 -0.175600 -0.232500
v 0.387700 -0.178500 -0.232500
v 0.388500 -0.179400 -0.232500
v 0.389600 -0.181500 -0.232500
v 0.385500 -0.181500 -0.240400
v 0.334600 -0.187700 -0.234400
v 0.334500 -0.193500 -0.234800
v 0.337200 -0.196400 -0.233800
v 0.331000 -0.184500 -0.238500
v 0.331200 -0.187800 -0.238300
v 0.331200 -0.187800 -0.238300
v 0.330800 -0.184500 -0.241500
v 0.330500 -0.189400 -0.241500
v 0.337500 -0.184500 -0.232100
v 0.337500 -0.187300 -0.232600
v 0.340600 -0.187500 -0.231700
v 0.343500 -0.187500 -0.231000
v 0.346400 -0.190100 -0.231100
v 0.346500 -0.193500 -0.231700
v 0.340300 -0.192700 -0.232400
v 0.337500 -0.190500 -0.233200
v 0.352500 -0.187500 -0.230500
v 0.352500 -0.187500 -0.230500
v 0.358500 -0.184600 -0.231600
v 0.355600 -0.183800 -0.229800
v 0.355600 -0.187700 -0.231700
v 0.352500 -0.190500 -0.232000
v 0.349500 -0.187700 -0.230400
v 0.349500 -0.193500 -0.232100
v 0.352500 -0.190500 -0.232000
v 0.358500 -0.187500 -0.233500
v 0.355500 -0.190500 -0.233400
v 0.358800 -0.191300 -0.235100
v 0.349500 -0.193500 -0.232100
v 0.358800 -0.191300 -0.235100
v 0.355500 -0.190500 -0.233400
v 0.356300 -0.193600 -0.235200
v 0.361500 -0.190500 -0.236600
v 0.358500 -0.193500 -0.236300
v 0.370500 -0.184500 -0.233600
v 0.367700 -0.184500 -0.235500
v 0.367500 -0.187500 -0.235500
v 0.370500 -0.190500 -0.234400
v 0.373500 -0.190500 -0.233500
v 0.370500 -0.187500 -0.234100
v 0.373500 -0.193500 -0.234000
v 0.363600 -0.184500 -0.235500
v 0.364500 -0.184300 -0.238500
v 0.364500 -0.184500 -0.238200
v 0.364500 -0.184500 -0.238200
v 0.367500 -0.182000 -0.238500
v 0.364500 -0.184300 -0.238500
v 0.364500 -0.184500 -0.238200
v 0.364500 -0.187500 -0.236100
v 0.367500 -0.184500 -0.235600
v 0.364500 -0.190500 -0.236300
v 0.361500 -0.182200 -0.238500
v 0.364500 -0.184500 -0.238700
v 0.364500 -0.184500 -0.238700
v 0.365800 -0.184500 -0.241500
v 0.376500 -0.181500 -0.230900
v 0.376500 -0.184500 -0.230600
v 0.379500 -0.184500 -0.230400
v 0.379500 -0.187500 -0.231000
v 0.382500 -0.187500 -0.231100
v 0.385500 -0.190500 -0.231400
v 0.376500 -0.193500 -0.234000
v 0.385500 -0.187500 -0.231100
v 0.388500 -0.190500 -0.230600
v 0.388500 -0.193500 -0.230500
v 0.391500 -0.183000 -0.235500
v 0.396600 -0.187500 -0.232500
v 0.394500 -0.186300 -0.232500
v 0.394500 -0.185500 -0.235500
v 0.397500 -0.188200 -0.232500
v 0.393100 -0.184500 -0.235500
v 0.388500 -0.184500 -0.239300
v 0.388500 -0.187500 -0.239600
v 0.391500 -0.190500 -0.240300
v 0.394500 -0.190500 -0.239400
v 0.394500 -0.193500 -0.240900
v 0.399500 -0.190500 -0.232500
v 0.397500 -0.190500 -0.231000
v 0.397500 -0.193500 -0.230500
v 0.399500 -0.190500 -0.232500
v 0.400800 -0.193000 -0.232500
v 0.334500 -0.196500 -0.234700
v 0.333200 -0.195900 -0.235600
v 0.334500 -0.202500 -0.233700
v 0.332800 -0.199500 -0.235500
v 0.334600 -0.205600 -0.232600
v 0.343400 -0.192900 -0.231800
v 0.346500 -0.196500 -0.232400
v 0.349500 -0.196500 -0.233200
v 0.352500 -0.193500 -0.233600
v 0.352500 -0.196500 -0.234300
v 0.356300 -0.193600 -0.235200
v 0.355500 -0.196600 -0.235800
v 0.376500 -0.196500 -0.234700
v 0.379500 -0.196500 -0.234900
v 0.382500 -0.196500 -0.234000
v 0.382500 -0.199500 -0.234300
v 0.385500 -0.202500 -0.233200
v 0.385100 -0.193300 -0.231800
v 0.385500 -0.196500 -0.232100
v 0.385700 -0.199500 -0.232500
v 0.391500 -0.202500 -0.231900
v 0.388500 -0.203100 -0.232400
v 0.394600 -0.204200 -0.232500
v 0.388500 -0.205500 -0.233100
v 0.391500 -0.205500 -0.233300
v 0.397500 -0.205500 -0.232900
v 0.394500 -0.196200 -0.241800
v 0.400500 -0.196500 -0.231500
v 0.400500 -0.199500 -0.232100
v 0.400500 -0.202500 -0.232500
v 0.401400 -0.196500 -0.232500
v 0.400900 -0.199500 -0.232500
v 0.401400 -0.196500 -0.235500
v 0.401300 -0.199500 -0.235500
v 0.400900 -0.199500 -0.232500
v 0.401300 -0.199500 -0.235500
v 0.403500 -0.202500 -0.235500
v 0.406500 -0.203700 -0.235500
v 0.409700 -0.205300 -0.235500
v 0.400500 -0.202500 -0.238900
v 0.397300 -0.199400 -0.240700
v 0.400500 -0.205500 -0.240400
v 0.334400 -0.208000 -0.232300
v 0.331500 -0.211500 -0.233700
v 0.332300 -0.214400 -0.232700
v 0.331700 -0.217500 -0.232700
v 0.394500 -0.208500 -0.234000
v 0.394500 -0.205500 -0.233200
v 0.397500 -0.208500 -0.232700
v 0.400500 -0.207300 -0.241500
v 0.409600 -0.206400 -0.238500
v 0.406400 -0.209000 -0.241400
v 0.406500 -0.205500 -0.239900
v 0.409500 -0.211500 -0.240600
v 0.408300 -0.211500 -0.241500
v 0.410200 -0.208300 -0.232500
v 0.410900 -0.211500 -0.232500
v 0.411600 -0.208500 -0.235500
v 0.410200 -0.208300 -0.232500
v 0.409800 -0.214500 -0.232400
v 0.412400 -0.214900 -0.235500
v 0.412500 -0.217500 -0.234800
v 0.412300 -0.211500 -0.235500
v 0.411600 -0.211500 -0.238500
v 0.411800 -0.217500 -0.238500
v 0.412400 -0.214900 -0.235500
v 0.412700 -0.217500 -0.235500
v 0.412500 -0.217500 -0.236400
v 0.411600 -0.211500 -0.238500
v 0.410800 -0.208500 -0.238500
v 0.411800 -0.217500 -0.238500
v 0.334600 -0.223600 -0.231700
v 0.331600 -0.220500 -0.232600
v 0.340500 -0.223700 -0.229700
v 0.343500 -0.226600 -0.229500
v 0.346500 -0.226500 -0.229000
v 0.346500 -0.229500 -0.229600
v 0.343500 -0.229500 -0.230000
v 0.349400 -0.229400 -0.229100
v 0.406500 -0.226500 -0.230400
v 0.409500 -0.226500 -0.230300
v 0.406500 -0.229500 -0.230400
v 0.412700 -0.220600 -0.232400
v 0.412500 -0.223500 -0.231500
v 0.412500 -0.226500 -0.231100
v 0.412500 -0.226500 -0.231100
v 0.409500 -0.229500 -0.230300
v 0.415300 -0.226500 -0.232500
v 0.412700 -0.220600 -0.232400
v 0.412700 -0.220600 -0.232400
v 0.412700 -0.217500 -0.235500
v 0.415000 -0.223500 -0.232500
v 0.415500 -0.223500 -0.232900
v 0.415000 -0.223500 -0.232500
v 0.416500 -0.223500 -0.235500
v 0.416700 -0.226500 -0.235500
v 0.415500 -0.223400 -0.238500
v 0.416500 -0.223500 -0.235500
v 0.416700 -0.226500 -0.235500
v 0.416300 -0.226500 -0.238500
v 0.409500 -0.217500 -0.241400
v 0.412500 -0.220500 -0.239500
v 0.409500 -0.220500 -0.241200
v 0.412600 -0.223500 -0.240700
v 0.412600 -0.223500 -0.240700
v 0.415500 -0.226500 -0.239800
v 0.416300 -0.226500 -0.238500
v 0.416500 -0.229500 -0.238500
v 0.415500 -0.229400 -0.241200
v 0.409500 -0.232500 -0.232100
v 0.403500 -0.232500 -0.231900
v 0.403500 -0.235500 -0.232600
v 0.406500 -0.232500 -0.231200
v 0.409500 -0.232500 -0.232100
v 0.406500 -0.235600 -0.232200
v 0.410100 -0.232500 -0.232500
v 0.406500 -0.238500 -0.233900
v 0.406500 -0.238500 -0.233900
v 0.409500 -0.238500 -0.235500
v 0.406500 -0.241500 -0.234300
v 0.412500 -0.229500 -0.232500
v 0.412500 -0.232500 -0.233600
v 0.409500 -0.235500 -0.233500
v 0.412600 -0.235900 -0.235500
v 0.412500 -0.238500 -0.236400
v 0.412500 -0.241500 -0.238000
v 0.416200 -0.232500 -0.238500
v 0.415500 -0.235500 -0.238500
v 0.414100 -0.238500 -0.238500
v 0.414300 -0.235500 -0.241500
v 0.361900 -0.244400 -0.229600
v 0.378000 -0.253300 -0.229900
v 0.391500 -0.250500 -0.229900
v 0.394500 -0.247500 -0.230400
v 0.391700 -0.247700 -0.229300
v 0.388500 -0.250500 -0.229500
v 0.391500 -0.253500 -0.231500
v 0.394500 -0.250500 -0.231400
v 0.391500 -0.253500 -0.231500
v 0.391500 -0.250500 -0.229900
v 0.394500 -0.250500 -0.231400
v 0.394400 -0.252700 -0.232600
v 0.397600 -0.250600 -0.232400
v 0.394400 -0.252700 -0.232600
v 0.400700 -0.244600 -0.232400
v 0.397500 -0.247500 -0.231900
v 0.398600 -0.247500 -0.232500
v 0.403500 -0.244600 -0.233600
v 0.400500 -0.247500 -0.233100
v 0.403500 -0.247500 -0.234700
v 0.397600 -0.250600 -0.232400
v 0.397500 -0.253500 -0.233200
v 0.400300 -0.253500 -0.235500
v 0.400500 -0.250500 -0.233700
v 0.406500 -0.247500 -0.236600
v 0.405700 -0.244600 -0.235500
v 0.403100 -0.250500 -0.235500
v 0.406500 -0.250500 -0.237300
v 0.400300 -0.253500 -0.235500
v 0.403500 -0.253500 -0.236800
v 0.369900 -0.259700 -0.232800
v 0.373500 -0.262500 -0.233600
v 0.370500 -0.265900 -0.235300
v 0.376500 -0.256500 -0.230700
v 0.373700 -0.253900 -0.230100
v 0.373500 -0.259500 -0.232100
v 0.384600 -0.256900 -0.231400
v 0.382200 -0.259900 -0.232400
v 0.376500 -0.259500 -0.231700
v 0.373500 -0.259500 -0.232100
v 0.376600 -0.262100 -0.233100
v 0.379500 -0.259500 -0.232000
v 0.373500 -0.262500 -0.233600
v 0.379500 -0.262500 -0.233400
v 0.377300 -0.265100 -0.234300
v 0.384900 -0.253500 -0.230100
v 0.388500 -0.253500 -0.230500
v 0.388700 -0.257500 -0.232500
v 0.391500 -0.256500 -0.233100
v 0.397500 -0.253500 -0.233200
v 0.394500 -0.256500 -0.234100
v 0.397500 -0.259500 -0.236400
v 0.394500 -0.262500 -0.237000
v 0.391500 -0.265500 -0.237200
v 0.397500 -0.262500 -0.238600
v 0.393400 -0.265500 -0.238500
v 0.397400 -0.257100 -0.235200
v 0.398300 -0.256500 -0.235500
v 0.400300 -0.253500 -0.235500
v 0.403500 -0.253500 -0.236800
v 0.403500 -0.256500 -0.237600
v 0.400400 -0.259500 -0.238600
v 0.400500 -0.256500 -0.236500
v 0.398300 -0.256500 -0.235500
v 0.400400 -0.259500 -0.238600
v 0.400500 -0.262500 -0.239600
v 0.397500 -0.265500 -0.238600
v 0.400500 -0.265500 -0.241100
v 0.363600 -0.265600 -0.237000
v 0.367700 -0.265200 -0.235600
v 0.363600 -0.265600 -0.237000
v 0.364500 -0.269100 -0.238400
v 0.370200 -0.269900 -0.237300
v 0.367700 -0.265200 -0.235600
v 0.364500 -0.269100 -0.238400
v 0.367700 -0.271800 -0.238700
v 0.367700 -0.271800 -0.238700
v 0.373500 -0.274500 -0.238500
v 0.370500 -0.274500 -0.239200
v 0.367300 -0.277500 -0.241000
v 0.373300 -0.267300 -0.235400
v 0.379200 -0.268200 -0.235800
v 0.383000 -0.272700 -0.238400
v 0.379500 -0.271500 -0.237000
v 0.376500 -0.274500 -0.238400
v 0.379500 -0.274300 -0.238500
v 0.376400 -0.277400 -0.240000
v 0.382500 -0.274500 -0.239100
v 0.373500 -0.277500 -0.239900
v 0.388300 -0.269500 -0.238100
v 0.391200 -0.267800 -0.238700
v 0.388500 -0.271500 -0.239100
v 0.394500 -0.268500 -0.240200
v 0.391200 -0.272100 -0.241100
v 0.394500 -0.270300 -0.241500
v 0.397500 -0.268500 -0.240300
v 0.388600 -0.274500 -0.241100
v 0.370100 -0.282100 -0.242800
v 0.348600 -0.157500 -0.244500
v 0.349500 -0.156900 -0.244500
v 0.352500 -0.155900 -0.244500
v 0.352500 -0.155600 -0.241500
v 0.355500 -0.156200 -0.241500
v 0.355500 -0.156200 -0.241500
v 0.358500 -0.157500 -0.241500
v 0.355500 -0.156400 -0.244500
v 0.352500 -0.155900 -0.244500
v 0.355500 -0.156400 -0.244500
v 0.355500 -0.157500 -0.245800
v 0.335300 -0.169500 -0.241500
v 0.337400 -0.166400 -0.241600
v 0.342800 -0.160500 -0.241500
v 0.346100 -0.157400 -0.241500
v 0.340300 -0.163200 -0.241600
v 0.346600 -0.166100 -0.246200
v 0.349500 -0.163500 -0.246300
v 0.343500 -0.166500 -0.245700
v 0.343300 -0.169900 -0.247100
v 0.360000 -0.160500 -0.244500
v 0.361500 -0.163500 -0.242700
v 0.361500 -0.166500 -0.242300
v 0.359000 -0.166500 -0.244500
v 0.358500 -0.158600 -0.244500
v 0.357400 -0.157500 -0.244500
v 0.358500 -0.160500 -0.245700
v 0.349500 -0.160500 -0.246200
v 0.352500 -0.160500 -0.246900
v 0.355500 -0.160500 -0.246900
v 0.358500 -0.163500 -0.245500
v 0.358500 -0.166500 -0.244900
v 0.361500 -0.166500 -0.242300
v 0.362100 -0.166500 -0.241500
v 0.334500 -0.170700 -0.241500
v 0.334500 -0.172500 -0.243000
v 0.334500 -0.170700 -0.241500
v 0.334400 -0.175400 -0.244500
v 0.332500 -0.181500 -0.244500
v 0.340300 -0.172400 -0.247100
v 0.337500 -0.175600 -0.247300
v 0.337400 -0.178300 -0.247900
v 0.337500 -0.181500 -0.249000
v 0.376500 -0.177300 -0.241500
v 0.379500 -0.178600 -0.241900
v 0.376500 -0.178500 -0.242000
v 0.376500 -0.181600 -0.243700
v 0.330500 -0.189400 -0.241500
v 0.330700 -0.190500 -0.244500
v 0.329800 -0.193500 -0.241500
v 0.334300 -0.184300 -0.247900
v 0.331500 -0.190600 -0.247500
v 0.332900 -0.187500 -0.247500
v 0.331500 -0.190600 -0.247500
v 0.330600 -0.193500 -0.247500
v 0.332400 -0.193500 -0.250500
v 0.337500 -0.184500 -0.250300
v 0.337500 -0.187500 -0.251500
v 0.337500 -0.190700 -0.253300
v 0.370400 -0.184400 -0.244600
v 0.373500 -0.181500 -0.243600
v 0.367500 -0.184500 -0.243600
v 0.325700 -0.202900 -0.247500
v 0.324900 -0.205500 -0.250500
v 0.329700 -0.193500 -0.244500
v 0.328500 -0.196600 -0.244500
v 0.328500 -0.197800 -0.247500
v 0.331500 -0.193500 -0.249200
v 0.332400 -0.193500 -0.250500
v 0.327600 -0.199500 -0.247500
v 0.331100 -0.196400 -0.250900
v 0.334200 -0.196600 -0.254800
v 0.323600 -0.208500 -0.250500
v 0.323100 -0.211500 -0.253500
v 0.403500 -0.207600 -0.241500
v 0.406400 -0.209000 -0.241400
v 0.406500 -0.211500 -0.243100
v 0.406500 -0.214500 -0.244400
v 0.406500 -0.214500 -0.244400
v 0.406500 -0.217500 -0.244700
v 0.409500 -0.217500 -0.241400
v 0.412500 -0.226500 -0.242600
v 0.412500 -0.229500 -0.243700
v 0.413600 -0.226500 -0.241500
v 0.412500 -0.229500 -0.243700
v 0.412500 -0.226500 -0.242600
v 0.406500 -0.238500 -0.249800
v 0.406500 -0.241400 -0.250900
v 0.409500 -0.238500 -0.248700
v 0.409500 -0.229300 -0.245300
v 0.413800 -0.238500 -0.241500
v 0.413200 -0.241500 -0.241500
v 0.409500 -0.232500 -0.246700
v 0.409600 -0.235500 -0.247600
v 0.406500 -0.244500 -0.251500
v 0.406900 -0.247500 -0.251400
v 0.406500 -0.250500 -0.251700
v 0.403500 -0.250400 -0.254900
v 0.412400 -0.244300 -0.241500
v 0.411100 -0.247500 -0.241500
v 0.411300 -0.244500 -0.244500
v 0.411400 -0.247500 -0.244500
v 0.410800 -0.250500 -0.244500
v 0.410500 -0.247200 -0.247300
v 0.409500 -0.253500 -0.247600
v 0.410200 -0.250500 -0.247500
v 0.400500 -0.265700 -0.241500
v 0.402600 -0.262500 -0.241500
v 0.403500 -0.262500 -0.245100
v 0.403500 -0.265500 -0.246300
v 0.408000 -0.256500 -0.247500
v 0.407300 -0.259500 -0.247500
v 0.407100 -0.256500 -0.250500
v 0.404400 -0.265500 -0.247500
v 0.405500 -0.262500 -0.250500
v 0.406900 -0.259500 -0.250500
v 0.406500 -0.260700 -0.250500
v 0.388500 -0.277500 -0.243100
v 0.391500 -0.276700 -0.244500
v 0.391500 -0.274500 -0.242600
v 0.399000 -0.268500 -0.244500
v 0.400500 -0.268500 -0.246300
v 0.397500 -0.271500 -0.246100
v 0.400500 -0.269700 -0.247500
v 0.403600 -0.265600 -0.250700
v 0.403500 -0.266400 -0.247500
v 0.397500 -0.271500 -0.247800
v 0.399700 -0.268500 -0.247500
v 0.400500 -0.269400 -0.250500
v 0.401600 -0.268500 -0.250500
v 0.402300 -0.265500 -0.253500
v 0.358500 -0.283500 -0.246500
v 0.361500 -0.283500 -0.245200
v 0.358500 -0.286500 -0.247500
v 0.358500 -0.289500 -0.248500
v 0.367300 -0.277500 -0.241000
v 0.367500 -0.280500 -0.242500
v 0.364500 -0.280500 -0.243200
v 0.367500 -0.280500 -0.242500
v 0.364400 -0.283800 -0.244300
v 0.367600 -0.284300 -0.244000
v 0.367700 -0.289900 -0.246500
v 0.382500 -0.280500 -0.243100
v 0.382500 -0.277600 -0.240800
v 0.385600 -0.280300 -0.244700
v 0.379500 -0.283500 -0.244100
v 0.379500 -0.284100 -0.244500
v 0.382500 -0.283500 -0.245900
v 0.379600 -0.286500 -0.247500
v 0.376400 -0.285200 -0.244300
v 0.376500 -0.286500 -0.245500
v 0.382500 -0.284900 -0.247500
v 0.376700 -0.289600 -0.247300
v 0.381800 -0.289500 -0.250500
v 0.388500 -0.278700 -0.244500
v 0.388500 -0.280500 -0.245900
v 0.388500 -0.282900 -0.247500
v 0.388500 -0.282900 -0.247500
v 0.386400 -0.283500 -0.247500
v 0.386400 -0.283500 -0.247500
v 0.391500 -0.280500 -0.247800
v 0.391500 -0.280500 -0.247500
v 0.385500 -0.288200 -0.250500
v 0.385500 -0.283700 -0.247400
v 0.386800 -0.286500 -0.250500
v 0.388500 -0.284400 -0.250500
v 0.388500 -0.283500 -0.248700
v 0.358500 -0.292300 -0.249200
v 0.355500 -0.292500 -0.250400
v 0.361500 -0.295500 -0.249500
v 0.358400 -0.295800 -0.250300
v 0.355500 -0.295500 -0.251300
v 0.358500 -0.298500 -0.251300
v 0.361400 -0.298300 -0.250800
v 0.351100 -0.297000 -0.253500
v 0.355500 -0.298500 -0.252200
v 0.358500 -0.298500 -0.251300
v 0.358500 -0.301500 -0.252100
v 0.364500 -0.289500 -0.246700
v 0.361600 -0.289000 -0.247300
v 0.364500 -0.292000 -0.247700
v 0.367500 -0.292200 -0.247700
v 0.370400 -0.291900 -0.247600
v 0.370500 -0.295500 -0.249700
v 0.364500 -0.295500 -0.249200
v 0.364400 -0.298400 -0.250800
v 0.367500 -0.295500 -0.249100
v 0.364500 -0.301500 -0.252100
v 0.367600 -0.301600 -0.252900
v 0.376300 -0.293800 -0.250500
v 0.376500 -0.295500 -0.251700
v 0.379000 -0.291600 -0.250400
v 0.379500 -0.295600 -0.253100
v 0.373300 -0.299100 -0.253100
v 0.375100 -0.298400 -0.253500
v 0.358500 -0.304500 -0.253200
v 0.355500 -0.304500 -0.253500
v 0.330900 -0.199500 -0.253700
v 0.334300 -0.199400 -0.257100
v 0.331100 -0.202000 -0.256600
v 0.334400 -0.202400 -0.259700
v 0.337500 -0.199700 -0.259200
v 0.334400 -0.202400 -0.259700
v 0.331500 -0.205900 -0.261300
v 0.337400 -0.196500 -0.256800
v 0.325400 -0.208400 -0.256600
v 0.323100 -0.211500 -0.253500
v 0.324200 -0.208500 -0.253500
v 0.323900 -0.211500 -0.256300
v 0.323900 -0.211500 -0.256300
v 0.323500 -0.217500 -0.259500
v 0.328000 -0.205000 -0.256600
v 0.328400 -0.208100 -0.260700
v 0.330900 -0.208300 -0.263200
v 0.330900 -0.208300 -0.263200
v 0.331500 -0.211000 -0.265800
v 0.325400 -0.217500 -0.263100
v 0.323800 -0.220500 -0.262500
v 0.323500 -0.217500 -0.259500
v 0.323800 -0.220500 -0.262500
v 0.325300 -0.220800 -0.265600
v 0.324000 -0.223500 -0.265500
v 0.402300 -0.253300 -0.256400
v 0.402100 -0.258000 -0.256300
v 0.399800 -0.262700 -0.258800
v 0.397700 -0.265200 -0.262700
v 0.394600 -0.265400 -0.267200
v 0.401200 -0.268500 -0.253500
v 0.400100 -0.271500 -0.253500
v 0.400500 -0.270400 -0.253500
v 0.398600 -0.274500 -0.253500
v 0.399400 -0.271500 -0.256500
v 0.398800 -0.268500 -0.259500
v 0.399000 -0.271500 -0.259500
v 0.398400 -0.274500 -0.259500
v 0.397800 -0.277500 -0.259500
v 0.397500 -0.277900 -0.259500
v 0.396000 -0.280500 -0.259500
v 0.396400 -0.277500 -0.262500
v 0.395600 -0.280500 -0.262500
v 0.395300 -0.283500 -0.262500
v 0.352800 -0.301500 -0.253500
v 0.367600 -0.301600 -0.252900
v 0.370500 -0.300000 -0.253000
v 0.370500 -0.301500 -0.254300
v 0.379500 -0.298500 -0.255300
v 0.373500 -0.301500 -0.254900
v 0.376100 -0.301500 -0.256500
v 0.379500 -0.300000 -0.256500
v 0.384000 -0.292500 -0.256500
v 0.382500 -0.295500 -0.258700
v 0.380300 -0.301500 -0.259500
v 0.382700 -0.298500 -0.259500
v 0.349500 -0.310500 -0.256300
v 0.347100 -0.307600 -0.256500
v 0.346100 -0.309700 -0.257000
v 0.346500 -0.313500 -0.257100
v 0.352500 -0.304500 -0.254400
v 0.349500 -0.307100 -0.255700
v 0.358500 -0.305200 -0.253500
v 0.358500 -0.307500 -0.254300
v 0.355500 -0.307500 -0.254500
v 0.358500 -0.310500 -0.255600
v 0.361600 -0.311000 -0.256300
v 0.355500 -0.313500 -0.256500
v 0.358500 -0.313400 -0.256800
v 0.367500 -0.304500 -0.254600
v 0.370800 -0.304800 -0.256300
v 0.367500 -0.307500 -0.256700
v 0.370500 -0.307500 -0.258300
v 0.364500 -0.310500 -0.257200
v 0.370500 -0.309100 -0.259500
v 0.361500 -0.313500 -0.257500
v 0.361600 -0.311000 -0.256300
v 0.362700 -0.310500 -0.256500
v 0.364400 -0.313500 -0.259500
v 0.370500 -0.310500 -0.260500
v 0.367500 -0.311300 -0.259400
v 0.367500 -0.313500 -0.260700
v 0.370400 -0.313700 -0.262300
v 0.371100 -0.313500 -0.262500
v 0.373500 -0.312100 -0.262500
v 0.373400 -0.304300 -0.256900
v 0.376500 -0.301500 -0.256800
v 0.376500 -0.304500 -0.258100
v 0.373500 -0.307500 -0.258600
v 0.379200 -0.303500 -0.259500
v 0.376500 -0.306400 -0.259500
v 0.374900 -0.307500 -0.259500
v 0.373500 -0.310500 -0.261200
v 0.377000 -0.307500 -0.262500
v 0.376500 -0.306800 -0.262500
v 0.376500 -0.308100 -0.262500
v 0.346500 -0.316500 -0.257400
v 0.346500 -0.319500 -0.258000
v 0.349500 -0.322500 -0.258700
v 0.352500 -0.316500 -0.257400
v 0.361500 -0.313500 -0.257500
v 0.352500 -0.322500 -0.259000
v 0.349600 -0.325600 -0.259100
v 0.352500 -0.322500 -0.259000
v 0.352500 -0.325400 -0.259900
v 0.355600 -0.322200 -0.259600
v 0.358400 -0.319500 -0.259600
v 0.355600 -0.322200 -0.259600
v 0.361500 -0.319500 -0.261000
v 0.358500 -0.322500 -0.261500
v 0.352500 -0.325400 -0.259900
v 0.359100 -0.323100 -0.262500
v 0.358500 -0.322500 -0.261500
v 0.356000 -0.326600 -0.262400
v 0.359100 -0.323100 -0.262500
v 0.361500 -0.321500 -0.262500
v 0.358500 -0.325500 -0.263400
v 0.361500 -0.316500 -0.259500
v 0.364500 -0.316500 -0.260900
v 0.364300 -0.319200 -0.262500
v 0.367300 -0.316300 -0.262600
v 0.370500 -0.316500 -0.264100
v 0.371800 -0.316600 -0.265500
v 0.367500 -0.319500 -0.264600
v 0.364500 -0.322500 -0.264000
v 0.361500 -0.325500 -0.262900
v 0.334600 -0.337700 -0.259400
v 0.337500 -0.334500 -0.259600
v 0.343600 -0.328500 -0.259500
v 0.340500 -0.331500 -0.259700
v 0.343500 -0.331500 -0.260400
v 0.349500 -0.328500 -0.260500
v 0.346400 -0.334500 -0.261800
v 0.341300 -0.335000 -0.260400
v 0.349500 -0.331500 -0.261400
v 0.346400 -0.334500 -0.261800
v 0.337500 -0.337500 -0.260200
v 0.340500 -0.337500 -0.260400
v 0.341300 -0.335000 -0.260400
v 0.340500 -0.337500 -0.260400
v 0.343500 -0.337500 -0.261500
v 0.349500 -0.334500 -0.263200
v 0.346300 -0.337300 -0.262600
v 0.349500 -0.334500 -0.263200
v 0.346300 -0.337300 -0.262600
v 0.349500 -0.328500 -0.260500
v 0.352800 -0.328300 -0.261300
v 0.349500 -0.331500 -0.261400
v 0.352800 -0.328300 -0.261300
v 0.355500 -0.328500 -0.263200
v 0.358500 -0.328700 -0.265400
v 0.361500 -0.328500 -0.265500
v 0.334500 -0.340500 -0.259900
v 0.337600 -0.340600 -0.260500
v 0.334500 -0.345200 -0.261000
v 0.337600 -0.346500 -0.262000
v 0.334500 -0.349500 -0.261900
v 0.334500 -0.349500 -0.261900
v 0.340500 -0.340500 -0.261200
v 0.340500 -0.340500 -0.261200
v 0.343500 -0.340500 -0.262400
v 0.337600 -0.340600 -0.260500
v 0.340500 -0.343500 -0.262400
v 0.346500 -0.340500 -0.264300
v 0.349500 -0.337500 -0.264100
v 0.346500 -0.340500 -0.264300
v 0.343500 -0.343500 -0.263700
v 0.343500 -0.340500 -0.262400
v 0.349500 -0.340500 -0.265700
v 0.346700 -0.343700 -0.265400
v 0.337600 -0.346500 -0.262000
v 0.340500 -0.343500 -0.262400
v 0.340500 -0.346500 -0.263300
v 0.337300 -0.349500 -0.262900
v 0.340500 -0.349500 -0.264200
v 0.337300 -0.349500 -0.262900
v 0.331500 -0.352500 -0.261500
v 0.328500 -0.355500 -0.261600
v 0.331500 -0.355400 -0.262600
v 0.328500 -0.358000 -0.262500
v 0.334600 -0.352500 -0.262400
v 0.337500 -0.352500 -0.263700
v 0.325700 -0.358800 -0.262400
v 0.325900 -0.361500 -0.263700
v 0.328500 -0.358500 -0.262800
v 0.331500 -0.361500 -0.265000
v 0.340500 -0.352700 -0.265300
v 0.340500 -0.352700 -0.265300
v 0.337600 -0.355500 -0.265400
v 0.316500 -0.364500 -0.264100
v 0.319500 -0.364500 -0.264300
v 0.322500 -0.364500 -0.264400
v 0.325500 -0.364500 -0.264800
v 0.328500 -0.364500 -0.265400
v 0.328500 -0.364500 -0.265400
v 0.331500 -0.211000 -0.265800
v 0.328500 -0.214500 -0.265700
v 0.331500 -0.214500 -0.268500
v 0.328500 -0.217600 -0.267600
v 0.331500 -0.214500 -0.268500
v 0.324000 -0.223500 -0.265500
v 0.325600 -0.224400 -0.268700
v 0.328500 -0.217600 -0.267600
v 0.328800 -0.222600 -0.271800
v 0.328800 -0.222600 -0.271800
v 0.325600 -0.224400 -0.268700
v 0.325600 -0.229600 -0.273600
v 0.328400 -0.228100 -0.276500
v 0.325800 -0.232800 -0.277200
v 0.394600 -0.268400 -0.266400
v 0.395600 -0.271500 -0.265500
v 0.394300 -0.273000 -0.267800
v 0.392400 -0.274500 -0.271500
v 0.391800 -0.277500 -0.271500
v 0.394500 -0.283500 -0.267100
v 0.394700 -0.280500 -0.266000
v 0.394500 -0.283800 -0.265500
v 0.392700 -0.286500 -0.265500
v 0.393800 -0.283500 -0.268500
v 0.391500 -0.279900 -0.271500
v 0.392400 -0.286500 -0.268500
v 0.392300 -0.289500 -0.268500
v 0.388700 -0.277600 -0.278500
v 0.389600 -0.283500 -0.274500
v 0.388700 -0.280500 -0.277500
v 0.388600 -0.286500 -0.274600
v 0.387800 -0.286500 -0.277600
v 0.387800 -0.286500 -0.277600
v 0.388500 -0.289500 -0.275400
v 0.388600 -0.289500 -0.274500
v 0.388600 -0.286500 -0.274600
v 0.391500 -0.290400 -0.268500
v 0.389900 -0.292500 -0.268500
v 0.388400 -0.289500 -0.277500
v 0.388500 -0.292500 -0.275600
v 0.387400 -0.292500 -0.277500
v 0.388500 -0.292500 -0.275600
v 0.388500 -0.295500 -0.276900
v 0.389200 -0.295500 -0.274500
v 0.389000 -0.292500 -0.274500
v 0.388500 -0.296200 -0.274500
v 0.386800 -0.298500 -0.274500
v 0.388100 -0.295500 -0.277500
v 0.371800 -0.316600 -0.265500
v 0.372300 -0.313500 -0.265500
v 0.368400 -0.319500 -0.265500
v 0.367200 -0.321000 -0.265500
v 0.364000 -0.325500 -0.265500
v 0.364200 -0.322500 -0.268500
v 0.364500 -0.323500 -0.268500
v 0.365200 -0.325500 -0.268500
v 0.360900 -0.331500 -0.268500
v 0.361500 -0.331100 -0.268500
v 0.360900 -0.331500 -0.268500
v 0.360900 -0.331500 -0.268500
v 0.361500 -0.331500 -0.270100
v 0.363700 -0.328500 -0.268500
v 0.364500 -0.327200 -0.268500
v 0.361700 -0.331500 -0.271500
v 0.361500 -0.332200 -0.271500
v 0.361500 -0.331500 -0.271700
v 0.361700 -0.331500 -0.271500
v 0.352500 -0.344400 -0.274500
v 0.349800 -0.346500 -0.271500
v 0.349500 -0.346900 -0.271500
v 0.337500 -0.358500 -0.267300
v 0.339600 -0.358500 -0.268500
v 0.334500 -0.361500 -0.267000
v 0.331500 -0.364500 -0.266700
v 0.335600 -0.364500 -0.268500
v 0.337500 -0.364500 -0.270600
v 0.335600 -0.364500 -0.268500
v 0.338400 -0.364500 -0.271500
v 0.340400 -0.361500 -0.274500
v 0.340500 -0.364500 -0.273300
v 0.341500 -0.364500 -0.274500
v 0.341500 -0.364500 -0.274500
v 0.340400 -0.361500 -0.274500
v 0.340500 -0.365700 -0.277500
v 0.325800 -0.232800 -0.277200
v 0.328400 -0.231700 -0.280700
v 0.325600 -0.236800 -0.282200
v 0.327200 -0.235500 -0.283500
v 0.328600 -0.235700 -0.286500
v 0.325600 -0.236800 -0.282200
v 0.327200 -0.235500 -0.283500
v 0.328600 -0.235700 -0.286500
v 0.328300 -0.238100 -0.289500
v 0.325500 -0.241600 -0.289400
v 0.388700 -0.283600 -0.277500
v 0.388400 -0.280500 -0.278500
v 0.388400 -0.289500 -0.277500
v 0.387000 -0.286500 -0.280500
v 0.387800 -0.286500 -0.277600
v 0.387000 -0.286500 -0.280500
v 0.385900 -0.286700 -0.283800
v 0.385600 -0.290000 -0.283500
v 0.385500 -0.289500 -0.284400
v 0.385900 -0.286700 -0.283800
v 0.385000 -0.289500 -0.286500
v 0.385500 -0.289500 -0.284400
v 0.385000 -0.289500 -0.286500
v 0.385100 -0.292500 -0.283500
v 0.384800 -0.295500 -0.283500
v 0.384600 -0.292500 -0.286500
v 0.384600 -0.292500 -0.286500
v 0.383100 -0.292500 -0.289500
v 0.388100 -0.295500 -0.277500
v 0.386400 -0.292500 -0.280500
v 0.385600 -0.290000 -0.283500
v 0.386400 -0.292500 -0.280500
v 0.385500 -0.292500 -0.282600
v 0.325500 -0.241600 -0.289400
v 0.322600 -0.244800 -0.287500
v 0.322400 -0.247500 -0.292400
v 0.322700 -0.249800 -0.296600
v 0.321000 -0.253500 -0.298500
v 0.325500 -0.243300 -0.292400
v 0.328500 -0.244300 -0.298600
v 0.328700 -0.248000 -0.304400
v 0.381500 -0.295500 -0.289500
v 0.382500 -0.293500 -0.289500
v 0.382400 -0.292500 -0.292500
v 0.381500 -0.295500 -0.289500
v 0.379600 -0.298500 -0.289500
v 0.381400 -0.292500 -0.295500
v 0.381000 -0.295500 -0.295500
v 0.380000 -0.292500 -0.298500
v 0.381400 -0.292500 -0.295500
v 0.380300 -0.295500 -0.298500
v 0.379100 -0.292800 -0.301100
v 0.379500 -0.298500 -0.298500
v 0.378400 -0.301500 -0.298500
v 0.377800 -0.304500 -0.298500
v 0.376500 -0.304500 -0.300600
v 0.292500 -0.364500 -0.300900
v 0.292400 -0.362500 -0.302100
v 0.328500 -0.250600 -0.307500
v 0.325500 -0.253300 -0.307500
v 0.320600 -0.259500 -0.307500
v 0.322500 -0.256800 -0.307600
v 0.321000 -0.262500 -0.313500
v 0.325400 -0.257000 -0.313000
v 0.378000 -0.292500 -0.304500
v 0.378100 -0.298500 -0.301500
v 0.377900 -0.295800 -0.305100
v 0.378700 -0.295500 -0.301500
v 0.377400 -0.301500 -0.301500
v 0.377900 -0.295800 -0.305100
v 0.376500 -0.295500 -0.310600
v 0.377300 -0.298500 -0.307500
v 0.377200 -0.301500 -0.310500
v 0.375500 -0.295500 -0.313500
v 0.376500 -0.303000 -0.301500
v 0.376900 -0.304500 -0.310500
v 0.375000 -0.304500 -0.315900
v 0.376500 -0.304500 -0.311800
v 0.373500 -0.307500 -0.313000
v 0.373500 -0.308200 -0.313500
v 0.293200 -0.361500 -0.304500
v 0.293000 -0.364500 -0.301500
v 0.295000 -0.364500 -0.307500
v 0.295500 -0.361400 -0.310500
v 0.297000 -0.364500 -0.310500
v 0.297100 -0.361500 -0.313500
v 0.298500 -0.364500 -0.312900
v 0.319500 -0.266500 -0.316600
v 0.322500 -0.262500 -0.316500
v 0.324500 -0.262500 -0.319500
v 0.325500 -0.264100 -0.323400
v 0.328600 -0.256700 -0.316200
v 0.328300 -0.260400 -0.320900
v 0.325500 -0.261500 -0.319400
v 0.325500 -0.264100 -0.323400
v 0.319000 -0.270200 -0.321700
v 0.319500 -0.271600 -0.325200
v 0.367600 -0.295500 -0.322500
v 0.367500 -0.295400 -0.322500
v 0.372800 -0.298500 -0.322500
v 0.373500 -0.301500 -0.324400
v 0.373300 -0.301500 -0.325500
v 0.375400 -0.298500 -0.313500
v 0.374800 -0.298500 -0.316500
v 0.374400 -0.301300 -0.319400
v 0.372800 -0.304500 -0.319500
v 0.370500 -0.303300 -0.322500
v 0.373500 -0.304500 -0.322700
v 0.373500 -0.301500 -0.324400
v 0.370500 -0.303300 -0.322500
v 0.373500 -0.307900 -0.316500
v 0.373500 -0.305700 -0.319500
v 0.374400 -0.304500 -0.319500
v 0.373700 -0.301400 -0.322500
v 0.373500 -0.304500 -0.322700
v 0.373500 -0.304500 -0.322700
v 0.373700 -0.301400 -0.322500
v 0.297100 -0.349500 -0.322500
v 0.297400 -0.344600 -0.324600
v 0.297400 -0.358500 -0.316500
v 0.297500 -0.355500 -0.319500
v 0.296600 -0.353400 -0.318500
v 0.301500 -0.358600 -0.322500
v 0.301500 -0.358200 -0.319500
v 0.301500 -0.357100 -0.325500
v 0.304500 -0.364500 -0.315500
v 0.321200 -0.271500 -0.328500
v 0.321200 -0.271500 -0.328500
v 0.322500 -0.270200 -0.328500
v 0.325500 -0.267800 -0.328700
v 0.319500 -0.273200 -0.328500
v 0.322500 -0.271600 -0.331500
v 0.319800 -0.274300 -0.332200
v 0.322600 -0.273200 -0.335400
v 0.318300 -0.277500 -0.337500
v 0.361500 -0.289400 -0.334500
v 0.363600 -0.292500 -0.337500
v 0.361800 -0.292500 -0.334500
v 0.364500 -0.293800 -0.337500
v 0.370200 -0.298500 -0.334500
v 0.368800 -0.295500 -0.337500
v 0.370500 -0.298900 -0.334500
v 0.372500 -0.301600 -0.331800
v 0.372900 -0.301500 -0.328500
v 0.370500 -0.306400 -0.331500
v 0.370500 -0.305500 -0.334500
v 0.298400 -0.343600 -0.328500
v 0.298600 -0.340400 -0.331100
v 0.299500 -0.340500 -0.334500
v 0.299400 -0.337500 -0.337500
v 0.301500 -0.355900 -0.328500
v 0.304500 -0.352500 -0.331500
v 0.304500 -0.355500 -0.328900
v 0.304500 -0.355800 -0.328500
v 0.304500 -0.351500 -0.334500
v 0.304500 -0.350300 -0.337500
v 0.322600 -0.275200 -0.340500
v 0.322200 -0.277300 -0.344300
v 0.316500 -0.279200 -0.337500
v 0.316100 -0.281100 -0.341800
v 0.319300 -0.279600 -0.345100
v 0.322300 -0.279700 -0.349500
v 0.316500 -0.282400 -0.346500
v 0.316500 -0.283400 -0.349500
v 0.363400 -0.292500 -0.340500
v 0.364500 -0.295400 -0.340600
v 0.368800 -0.295500 -0.340500
v 0.370500 -0.300200 -0.337500
v 0.367500 -0.299000 -0.337500
v 0.367500 -0.300200 -0.340500
v 0.370500 -0.300900 -0.340400
v 0.370500 -0.300900 -0.340400
v 0.371000 -0.301500 -0.337500
v 0.363400 -0.292500 -0.343500
v 0.364400 -0.295500 -0.343500
v 0.366700 -0.298500 -0.340500
v 0.364700 -0.295500 -0.340500
v 0.366900 -0.298500 -0.343500
v 0.368300 -0.295500 -0.343500
v 0.367500 -0.300200 -0.340500
v 0.367500 -0.300200 -0.343500
v 0.364500 -0.295800 -0.346500
v 0.368300 -0.295500 -0.346500
v 0.367500 -0.299800 -0.346500
v 0.370500 -0.300200 -0.346500
v 0.364500 -0.289500 -0.347200
v 0.361500 -0.291400 -0.346500
v 0.363900 -0.289500 -0.349500
v 0.364500 -0.289500 -0.347200
v 0.362800 -0.292500 -0.346500
v 0.361500 -0.291400 -0.346500
v 0.364500 -0.289500 -0.347200
v 0.362800 -0.292500 -0.346500
v 0.364500 -0.290300 -0.349500
v 0.364500 -0.295500 -0.349500
v 0.367500 -0.295000 -0.349500
v 0.366000 -0.292500 -0.349500
v 0.364500 -0.295500 -0.349500
v 0.364500 -0.295500 -0.349500
v 0.364600 -0.295500 -0.349500
v 0.366900 -0.298500 -0.346500
v 0.364600 -0.295500 -0.349500
v 0.367800 -0.295500 -0.349500
v 0.367500 -0.299800 -0.346500
v 0.367500 -0.301500 -0.348900
v 0.367500 -0.301500 -0.348900
v 0.367500 -0.301500 -0.348900
v 0.370500 -0.300200 -0.346500
v 0.370500 -0.300500 -0.349500
v 0.370500 -0.300200 -0.346500
v 0.371100 -0.301500 -0.346500
v 0.370500 -0.302500 -0.340500
v 0.370700 -0.301500 -0.340500
v 0.370500 -0.304500 -0.339300
v 0.370500 -0.304500 -0.339300
v 0.370500 -0.305100 -0.337500
v 0.370000 -0.304500 -0.337500
v 0.369600 -0.301500 -0.343500
v 0.370000 -0.301500 -0.340500
v 0.370500 -0.302500 -0.340500
v 0.370800 -0.301500 -0.343500
v 0.370500 -0.302800 -0.343500
v 0.369600 -0.301500 -0.343500
v 0.369500 -0.301500 -0.346500
v 0.370300 -0.304500 -0.346500
v 0.370500 -0.304500 -0.345300
v 0.370500 -0.307000 -0.346500
v 0.369500 -0.301500 -0.346500
v 0.370500 -0.305500 -0.349500
v 0.370500 -0.307000 -0.346500
v 0.370500 -0.305500 -0.349500
v 0.299500 -0.337500 -0.340500
v 0.299800 -0.337500 -0.343500
v 0.300300 -0.337500 -0.346500
v 0.301200 -0.337500 -0.349500
v 0.305600 -0.346500 -0.337500
v 0.304500 -0.347200 -0.340500
v 0.304500 -0.347200 -0.340500
v 0.307500 -0.346500 -0.338800
v 0.304500 -0.349500 -0.339200
v 0.307500 -0.348600 -0.343500
v 0.322800 -0.280700 -0.352100
v 0.313600 -0.286900 -0.352500
v 0.324600 -0.282700 -0.357300
v 0.313400 -0.289300 -0.357800
v 0.319500 -0.284600 -0.356200
v 0.320800 -0.286400 -0.361400
v 0.361500 -0.292300 -0.349500
v 0.361500 -0.292500 -0.349700
v 0.363500 -0.289500 -0.352500
v 0.361500 -0.292500 -0.349700
v 0.363500 -0.289500 -0.352500
v 0.364500 -0.290300 -0.349500
v 0.361800 -0.292500 -0.349500
v 0.361500 -0.292500 -0.349700
v 0.364500 -0.290800 -0.352500
v 0.364500 -0.290800 -0.352500
v 0.364500 -0.295500 -0.349500
v 0.361800 -0.292500 -0.349500
v 0.364600 -0.295500 -0.349500
v 0.364500 -0.295500 -0.349500
v 0.366000 -0.292500 -0.349500
v 0.367100 -0.295500 -0.352500
v 0.364500 -0.290800 -0.352500
v 0.367100 -0.295500 -0.352500
v 0.367500 -0.295800 -0.352500
v 0.366200 -0.298500 -0.349500
v 0.368700 -0.298500 -0.349500
v 0.367300 -0.301500 -0.349500
v 0.368400 -0.298500 -0.352500
v 0.368700 -0.298500 -0.349500
v 0.370500 -0.301200 -0.352500
v 0.365300 -0.292500 -0.355500
v 0.365300 -0.292500 -0.355500
v 0.364500 -0.295900 -0.352300
v 0.364500 -0.296400 -0.355500
v 0.367500 -0.295800 -0.352500
v 0.368400 -0.298500 -0.352500
v 0.367500 -0.297700 -0.355500
v 0.367500 -0.301500 -0.352700
v 0.368400 -0.298500 -0.352500
v 0.370500 -0.301200 -0.352500
v 0.367700 -0.298500 -0.355500
v 0.367500 -0.301500 -0.352700
v 0.367700 -0.298500 -0.355500
v 0.370500 -0.301200 -0.355500
v 0.364800 -0.292500 -0.358500
v 0.364500 -0.296300 -0.359500
v 0.367500 -0.298500 -0.356600
v 0.367500 -0.298700 -0.355500
v 0.370500 -0.301200 -0.358500
v 0.364500 -0.292500 -0.360500
v 0.361500 -0.293700 -0.358500
v 0.361500 -0.293700 -0.361500
v 0.364300 -0.292500 -0.361500
v 0.364500 -0.292500 -0.360500
v 0.363500 -0.295500 -0.358500
v 0.361500 -0.293700 -0.358500
v 0.364500 -0.292500 -0.360500
v 0.363500 -0.295500 -0.358500
v 0.363500 -0.295500 -0.361500
v 0.370500 -0.301500 -0.361100
v 0.367500 -0.301700 -0.349500
v 0.370000 -0.304500 -0.349500
v 0.370500 -0.302300 -0.352500
v 0.370500 -0.304500 -0.351200
v 0.370300 -0.301500 -0.355500
v 0.370500 -0.303000 -0.355500
v 0.370500 -0.302300 -0.352500
v 0.367400 -0.301600 -0.352500
v 0.370500 -0.303000 -0.355500
v 0.370200 -0.301500 -0.358500
v 0.370500 -0.302300 -0.358500
v 0.370500 -0.301500 -0.361100
v 0.301400 -0.337500 -0.352800
v 0.301400 -0.334600 -0.355700
v 0.302000 -0.334500 -0.358500
v 0.302100 -0.334500 -0.361500
v 0.307500 -0.346500 -0.354500
v 0.310500 -0.346500 -0.355200
v 0.317000 -0.290100 -0.364500
v 0.313600 -0.292600 -0.364200
v 0.310500 -0.295600 -0.364400
v 0.313200 -0.295400 -0.368000
v 0.316400 -0.292300 -0.367800
v 0.313200 -0.295400 -0.368000
v 0.313300 -0.298400 -0.373700
v 0.361700 -0.289400 -0.364400
v 0.361500 -0.294400 -0.364500
v 0.364500 -0.293200 -0.364500
v 0.362800 -0.295500 -0.364500
v 0.367400 -0.298500 -0.361500
v 0.367500 -0.297500 -0.364500
v 0.364500 -0.296500 -0.364500
v 0.367500 -0.297500 -0.364500
v 0.367500 -0.298500 -0.360500
v 0.366900 -0.298500 -0.364500
v 0.367400 -0.298500 -0.361500
v 0.367500 -0.299700 -0.364500
v 0.367500 -0.298500 -0.360500
v 0.367500 -0.299000 -0.361500
v 0.368100 -0.298500 -0.364500
v 0.367500 -0.299700 -0.364500
v 0.364300 -0.292500 -0.367500
v 0.361500 -0.295300 -0.367500
v 0.364500 -0.292800 -0.367500
v 0.361700 -0.295500 -0.367500
v 0.366900 -0.298500 -0.364500
v 0.367500 -0.297500 -0.367500
v 0.364500 -0.297100 -0.367500
v 0.367500 -0.297500 -0.364500
v 0.368100 -0.298500 -0.364500
v 0.367500 -0.297500 -0.367500
v 0.366600 -0.298500 -0.367500
v 0.368000 -0.298500 -0.367500
v 0.367500 -0.299200 -0.367500
v 0.370500 -0.301500 -0.366100
v 0.370500 -0.301200 -0.367500
v 0.361500 -0.295500 -0.369200
v 0.364200 -0.292500 -0.370500
v 0.361500 -0.295500 -0.369200
v 0.364200 -0.292500 -0.370500
v 0.361500 -0.295500 -0.369200
v 0.364500 -0.292800 -0.370500
v 0.364500 -0.292800 -0.370500
v 0.364500 -0.296700 -0.370500
v 0.367500 -0.297500 -0.367500
v 0.368000 -0.298500 -0.367500
v 0.367500 -0.297200 -0.370500
v 0.366800 -0.298500 -0.370500
v 0.368400 -0.298500 -0.370500
v 0.367500 -0.299600 -0.370500
v 0.370500 -0.301500 -0.370500
v 0.364500 -0.292800 -0.370500
v 0.366400 -0.295500 -0.370500
v 0.366500 -0.295500 -0.373500
v 0.364500 -0.297800 -0.373500
v 0.367500 -0.296900 -0.373500
v 0.365500 -0.298500 -0.373500
v 0.367500 -0.301500 -0.372900
v 0.368400 -0.298500 -0.373500
v 0.368400 -0.298500 -0.373500
v 0.367500 -0.301500 -0.372900
v 0.370500 -0.301300 -0.373500
v 0.370500 -0.301300 -0.373500
v 0.370100 -0.301500 -0.367500
v 0.370500 -0.301500 -0.366100
v 0.370500 -0.302600 -0.367500
v 0.370500 -0.301500 -0.370500
v 0.370500 -0.301700 -0.370500
v 0.370500 -0.302900 -0.373500
v 0.303100 -0.337500 -0.361500
v 0.303300 -0.337700 -0.366900
v 0.304000 -0.337600 -0.370400
v 0.305500 -0.340500 -0.370500
v 0.304600 -0.337300 -0.373500
v 0.313500 -0.299700 -0.376500
v 0.313700 -0.301300 -0.380400
v 0.364500 -0.298500 -0.374900
v 0.366200 -0.295500 -0.376500
v 0.364500 -0.298500 -0.374900
v 0.366200 -0.295500 -0.376500
v 0.367500 -0.296900 -0.373500
v 0.364500 -0.298500 -0.374900
v 0.365500 -0.298500 -0.373500
v 0.367500 -0.297000 -0.376500
v 0.368400 -0.298500 -0.373500
v 0.367500 -0.297000 -0.376500
v 0.367500 -0.297000 -0.376500
v 0.367800 -0.297600 -0.380900
v 0.368300 -0.298500 -0.382500
v 0.367700 -0.297400 -0.385500
v 0.368300 -0.298500 -0.382500
v 0.370400 -0.301500 -0.385500
v 0.313700 -0.304600 -0.388900
v 0.367500 -0.302100 -0.376500
v 0.370500 -0.301500 -0.376000
v 0.370500 -0.302900 -0.373500
v 0.370500 -0.302100 -0.376500
v 0.370500 -0.304500 -0.375100
v 0.370500 -0.304500 -0.375100
v 0.370500 -0.304600 -0.376500
v 0.370700 -0.304500 -0.376500
v 0.370300 -0.301500 -0.379500
v 0.367500 -0.301900 -0.379400
v 0.370500 -0.301600 -0.379500
v 0.371500 -0.304500 -0.379500
v 0.370500 -0.305100 -0.379500
v 0.370500 -0.301500 -0.380100
v 0.370500 -0.301500 -0.380100
v 0.367500 -0.302500 -0.382500
v 0.371300 -0.304500 -0.382500
v 0.370500 -0.304900 -0.382500
v 0.370500 -0.301500 -0.384600
v 0.367500 -0.302200 -0.385500
v 0.370400 -0.301500 -0.385500
v 0.369900 -0.304500 -0.382500
v 0.370500 -0.301500 -0.384600
v 0.371000 -0.304500 -0.385500
v 0.370500 -0.304800 -0.385500
v 0.304500 -0.337500 -0.376600
v 0.304600 -0.337500 -0.379500
v 0.306300 -0.340500 -0.379500
v 0.307800 -0.343500 -0.382600
v 0.307400 -0.343600 -0.385500
v 0.367600 -0.297700 -0.388800
v 0.367700 -0.297400 -0.385500
v 0.367700 -0.297900 -0.396200
v 0.310700 -0.310900 -0.393900
v 0.313800 -0.307900 -0.397500
v 0.312000 -0.310500 -0.397500
v 0.316300 -0.304100 -0.394400
v 0.370400 -0.301500 -0.388700
v 0.367500 -0.302500 -0.388500
v 0.370500 -0.301800 -0.391500
v 0.371100 -0.304500 -0.388500
v 0.370500 -0.304800 -0.388500
v 0.367500 -0.302600 -0.391500
v 0.371400 -0.304500 -0.391500
v 0.370500 -0.305400 -0.391500
v 0.370300 -0.301500 -0.394500
v 0.367500 -0.302500 -0.394500
v 0.370500 -0.302300 -0.394500
v 0.370500 -0.304700 -0.394600
v 0.371100 -0.304500 -0.394500
v 0.370500 -0.301500 -0.395700
v 0.370500 -0.301500 -0.395700
v 0.367500 -0.302200 -0.397500
v 0.371400 -0.304500 -0.397500
v 0.305600 -0.337500 -0.391500
v 0.305600 -0.334500 -0.394200
v 0.306000 -0.334300 -0.399200
v 0.306700 -0.340500 -0.388500
v 0.307500 -0.343500 -0.386400
v 0.307500 -0.342400 -0.388500
v 0.308100 -0.343500 -0.388500
v 0.308000 -0.343200 -0.391300
v 0.306600 -0.340500 -0.391500
v 0.307500 -0.340500 -0.394500
v 0.361500 -0.292500 -0.403500
v 0.361500 -0.292500 -0.400500
v 0.361500 -0.292600 -0.406500
v 0.367900 -0.297900 -0.400500
v 0.367700 -0.297900 -0.396200
v 0.370700 -0.301500 -0.397400
v 0.361500 -0.292500 -0.403500
v 0.370800 -0.301400 -0.403600
v 0.366000 -0.301500 -0.403500
v 0.364500 -0.300200 -0.403500
v 0.366600 -0.301500 -0.406500
v 0.364500 -0.299600 -0.406500
v 0.368200 -0.298500 -0.406500
v 0.370500 -0.301500 -0.408900
v 0.370400 -0.301500 -0.409500
v 0.313400 -0.310600 -0.403900
v 0.315100 -0.310500 -0.412500
v 0.370700 -0.301500 -0.400500
v 0.371900 -0.304500 -0.400500
v 0.370500 -0.305000 -0.400100
v 0.370800 -0.301400 -0.403600
v 0.372600 -0.304500 -0.403500
v 0.370500 -0.305600 -0.403500
v 0.373200 -0.307500 -0.403500
v 0.373500 -0.307500 -0.402600
v 0.367500 -0.302700 -0.406500
v 0.370900 -0.301500 -0.406500
v 0.372000 -0.304500 -0.406500
v 0.370500 -0.306300 -0.406500
v 0.373200 -0.310500 -0.406500
v 0.370500 -0.301500 -0.408900
v 0.367500 -0.302700 -0.406500
v 0.367500 -0.302500 -0.409500
v 0.370400 -0.301500 -0.409500
v 0.370500 -0.301500 -0.408900
v 0.369500 -0.304500 -0.406500
v 0.370500 -0.301500 -0.408900
v 0.369500 -0.304500 -0.406500
v 0.370500 -0.301700 -0.409500
v 0.370500 -0.301700 -0.409500
v 0.372000 -0.304500 -0.406500
v 0.369800 -0.304500 -0.409500
v 0.370500 -0.305600 -0.409500
v 0.370500 -0.306300 -0.406500
v 0.373000 -0.307500 -0.406500
v 0.373500 -0.306400 -0.409500
v 0.372100 -0.304500 -0.409500
v 0.370500 -0.305600 -0.409500
v 0.372800 -0.307500 -0.409500
v 0.373500 -0.311200 -0.406500
v 0.373500 -0.307500 -0.402600
v 0.373500 -0.306700 -0.403500
v 0.373500 -0.307700 -0.403500
v 0.373500 -0.307200 -0.406400
v 0.374200 -0.310500 -0.406500
v 0.373500 -0.310500 -0.406100
v 0.373500 -0.311200 -0.406500
v 0.373500 -0.306400 -0.409500
v 0.373500 -0.307200 -0.406400
v 0.373500 -0.308800 -0.409500
v 0.374000 -0.307500 -0.409500
v 0.373500 -0.310500 -0.407700
v 0.374200 -0.310500 -0.406500
v 0.374000 -0.307500 -0.409500
v 0.373500 -0.311200 -0.406500
v 0.306200 -0.331400 -0.402500
v 0.307100 -0.328400 -0.408500
v 0.307500 -0.325800 -0.408200
v 0.309400 -0.343500 -0.397500
v 0.310900 -0.346500 -0.400400
v 0.310500 -0.344800 -0.397500
v 0.311500 -0.346500 -0.397500
v 0.313500 -0.348300 -0.400500
v 0.310800 -0.346500 -0.406500
v 0.313500 -0.348800 -0.409500
v 0.313500 -0.348200 -0.406500
v 0.314400 -0.349500 -0.400500
v 0.316500 -0.348100 -0.409500
v 0.316500 -0.351000 -0.400500
v 0.370500 -0.301500 -0.412500
v 0.316600 -0.308700 -0.412700
v 0.317900 -0.307300 -0.412900
v 0.313200 -0.313100 -0.412600
v 0.316100 -0.309700 -0.417200
v 0.316100 -0.309700 -0.417200
v 0.319600 -0.306400 -0.420500
v 0.322200 -0.304200 -0.418600
v 0.322100 -0.304300 -0.421400
v 0.318500 -0.307500 -0.421500
v 0.370500 -0.301500 -0.411900
v 0.370500 -0.301700 -0.409500
v 0.370500 -0.301500 -0.411900
v 0.369800 -0.304500 -0.409500
v 0.370500 -0.301500 -0.411900
v 0.369700 -0.304500 -0.412500
v 0.370500 -0.301500 -0.411900
v 0.367500 -0.302500 -0.412500
v 0.372100 -0.304500 -0.409500
v 0.373500 -0.306500 -0.412500
v 0.372300 -0.304500 -0.412500
v 0.373500 -0.308800 -0.409500
v 0.372800 -0.307500 -0.409500
v 0.372200 -0.307500 -0.412500
v 0.370500 -0.301500 -0.413700
v 0.370400 -0.301500 -0.415500
v 0.370500 -0.301500 -0.413700
v 0.369700 -0.304500 -0.412500
v 0.367500 -0.302500 -0.412500
v 0.370500 -0.301500 -0.413700
v 0.370500 -0.301500 -0.413700
v 0.370500 -0.301600 -0.415500
v 0.370500 -0.301600 -0.415500
v 0.372300 -0.304500 -0.415500
v 0.370500 -0.307500 -0.415000
v 0.370500 -0.307500 -0.415000
v 0.372300 -0.304500 -0.415500
v 0.372300 -0.304500 -0.415500
v 0.372200 -0.307500 -0.412500
v 0.373500 -0.305900 -0.415500
v 0.367500 -0.302400 -0.415500
v 0.367500 -0.304500 -0.418400
v 0.370100 -0.301500 -0.418500
v 0.370400 -0.301500 -0.415500
v 0.370100 -0.301500 -0.418500
v 0.367500 -0.304500 -0.418400
v 0.370500 -0.301900 -0.418500
v 0.370500 -0.301900 -0.418500
v 0.369800 -0.304500 -0.415500
v 0.369700 -0.307500 -0.418500
v 0.373500 -0.306600 -0.418500
v 0.372300 -0.304500 -0.415500
v 0.373500 -0.305900 -0.415500
v 0.373500 -0.306500 -0.412500
v 0.373500 -0.310500 -0.412500
v 0.373500 -0.310500 -0.412500
v 0.373500 -0.308800 -0.409500
v 0.374000 -0.307500 -0.412500
v 0.374000 -0.307500 -0.412500
v 0.373500 -0.305900 -0.415500
v 0.373500 -0.306600 -0.418500
v 0.374200 -0.307500 -0.415500
v 0.375000 -0.310500 -0.415500
v 0.374700 -0.310500 -0.418500
v 0.376500 -0.313500 -0.419000
v 0.307500 -0.325800 -0.408200
v 0.310000 -0.318800 -0.410700
v 0.309100 -0.322600 -0.414900
v 0.310400 -0.318200 -0.412200
v 0.310400 -0.318200 -0.412200
v 0.310000 -0.318800 -0.410700
v 0.310500 -0.319400 -0.418400
v 0.308200 -0.325500 -0.415500
v 0.376500 -0.314600 -0.418500
v 0.307800 -0.328500 -0.418500
v 0.307900 -0.329600 -0.421400
v 0.313500 -0.349000 -0.412500
v 0.313900 -0.349500 -0.412500
v 0.316500 -0.351100 -0.412500
v 0.318500 -0.307500 -0.421500
v 0.319300 -0.307200 -0.427500
v 0.322400 -0.304500 -0.424500
v 0.322500 -0.304700 -0.427500
v 0.319300 -0.307300 -0.430700
v 0.309500 -0.322400 -0.428400
v 0.308700 -0.325500 -0.424500
v 0.309500 -0.322500 -0.424500
v 0.308400 -0.325600 -0.421100
v 0.308000 -0.328600 -0.425000
v 0.308200 -0.328700 -0.431200
v 0.307700 -0.334500 -0.430800
v 0.313500 -0.347900 -0.430500
v 0.316500 -0.346500 -0.430300
v 0.314300 -0.349500 -0.427500
v 0.313500 -0.347400 -0.433500
v 0.313500 -0.347400 -0.433500
v 0.316100 -0.346500 -0.430500
v 0.316500 -0.349500 -0.432300
v 0.316100 -0.346500 -0.430500
v 0.309800 -0.322300 -0.436700
v 0.308900 -0.325500 -0.433500
v 0.309500 -0.322500 -0.433500
v 0.307800 -0.331500 -0.435000
v 0.308000 -0.328400 -0.437200
v 0.312400 -0.346500 -0.433500
v 0.313500 -0.348400 -0.436500
v 0.314800 -0.349500 -0.436500
v 0.316500 -0.350500 -0.436500
vn 0.0100 0.2920 0.9564
vn -0.0900 0.3802 0.9205
vn -0.2017 0.2824 0.9379
vn 0.0402 0.4021 0.9147
vn 0.1310 0.2923 0.9473
vn 0.1203 0.3911 0.9124
vn 0.2407 0.3009 0.9228
vn -0.3393 0.2794 0.8982
vn -0.3206 0.1703 0.9318
vn -0.1906 0.1304 0.9730
vn -0.0904 0.1507 0.9844
vn -0.3008 0.0501 0.9524
vn -0.4098 0.0700 0.9095
vn -0.1997 0.0499 0.9786
vn -0.1004 0.0401 0.9941
vn -0.2605 -0.0802 0.9621
vn -0.3929 -0.0705 0.9169
vn -0.0902 -0.0802 0.9927
vn -0.2654 -0.0849 0.9604
vn -0.3929 -0.0706 0.9169
vn -0.2818 -0.2113 0.9359
vn -0.2817 -0.2113 0.9359
vn -0.1908 -0.2310 0.9541
vn -0.1011 -0.2315 0.9676
vn 0.0403 0.1512 0.9877
vn 0.1315 0.1416 0.9811
vn 0.2840 0.1014 0.9534
vn 0.4882 0.0208 0.8725
vn 0.0303 0.0303 0.9991
vn 0.2019 -0.0202 0.9792
vn 0.3365 -0.0816 0.9381
vn 0.4859 -0.1520 0.8607
vn 0.0502 -0.0904 0.9946
vn 0.2416 -0.0906 0.9661
vn 0.4399 -0.1800 0.8798
vn 0.0402 -0.2210 0.9744
vn 0.2717 -0.2618 0.9261
vn 0.2793 -0.2692 0.9217
vn 0.4140 -0.3029 0.8584
vn -0.1600 -0.2699 0.9495
vn -0.0604 -0.3422 0.9377
vn -0.1062 -0.2363 0.9659
vn 0.1116 -0.3735 0.9209
vn -0.0605 -0.3427 0.9375
vn 0.3492 -0.4191 0.8381
vn 0.1182 -0.3758 0.9191
vn -0.0302 0.4828 0.8752
vn -0.0299 0.5475 0.8363
vn -0.0706 0.4339 0.8982
vn -0.0905 0.3923 0.9154
vn -0.0000 0.6222 0.7828
vn -0.0503 0.5329 0.8447
vn -0.1408 0.2612 0.9550
vn -0.2004 0.2305 0.9522
vn -0.0902 0.2908 0.9525
vn -0.2710 0.1305 0.9537
vn -0.1997 0.1497 0.9684
vn -0.1207 0.1207 0.9853
vn -0.2211 0.0301 0.9748
vn -0.3222 0.0201 0.9465
vn -0.2112 -0.0603 0.9756
vn -0.2705 -0.0401 0.9619
vn -0.1512 -0.0403 0.9877
vn -0.1197 0.0998 0.9878
vn -0.0996 0.1296 0.9866
vn -0.1200 0.2101 0.9703
vn -0.1497 0.0100 0.9887
vn -0.1005 0.0201 0.9947
vn -0.1301 0.0300 0.9910
vn -0.0603 0.3217 0.9449
vn -0.1008 0.3327 0.9376
vn -0.0702 0.1705 0.9829
vn -0.1102 0.2103 0.9714
vn -0.0599 0.2397 0.9690
vn -0.0201 0.1513 0.9883
vn 0.0200 0.2707 0.9625
vn 0.0800 0.1801 0.9804
vn 0.1409 0.2919 0.9460
vn 0.2014 0.2518 0.9466
vn -0.0399 0.0399 0.9984
vn 0.0498 0.0598 0.9970
vn 0.1308 0.1006 0.9863
vn -0.0303 0.3938 0.9187
vn -0.0101 0.5523 0.8336
vn 0.0907 0.4332 0.8967
vn 0.0501 0.5517 0.8326
vn 0.1496 0.5695 0.8082
vn 0.2410 0.4016 0.8835
vn 0.2310 0.1908 0.9541
vn 0.2896 0.2997 0.9090
vn 0.3420 0.3420 0.8752
vn 0.3414 0.4326 0.8344
vn 0.3801 0.3402 0.8601
vn 0.3898 0.3998 0.8296
vn 0.3521 0.3320 0.8751
vn 0.4199 0.4099 0.8098
vn 0.4197 0.4297 0.7995
vn -0.2009 -0.1005 0.9744
vn -0.2510 -0.0904 0.9638
vn -0.1709 -0.1407 0.9752
vn -0.1696 -0.1298 0.9769
vn -0.2613 -0.1407 0.9549
vn -0.1512 -0.1509 0.9769
vn -0.1891 -0.1700 0.9671
vn -0.1701 -0.1701 0.9706
vn -0.1739 -0.1471 0.9737
vn -0.1894 -0.1695 0.9671
vn -0.1708 -0.2009 0.9646
vn -0.1509 -0.0704 0.9860
vn -0.1398 -0.0599 0.9884
vn -0.1796 -0.1097 0.9776
vn -0.1702 -0.0901 0.9813
vn -0.1914 -0.0907 0.9773
vn -0.1406 -0.1105 0.9839
vn -0.2001 -0.1302 0.9711
vn -0.2007 -0.1104 0.9734
vn -0.2102 -0.1802 0.9609
vn -0.2102 -0.1801 0.9609
vn -0.0797 -0.0299 0.9964
vn -0.1101 -0.0701 0.9914
vn -0.0000 -0.0200 0.9998
vn -0.1407 -0.1005 0.9849
vn -0.0602 -0.0904 0.9941
vn -0.1404 -0.1203 0.9828
vn 0.2890 0.2392 0.9269
vn 0.0905 0.0101 0.9958
vn 0.2113 0.0604 0.9756
vn 0.2614 0.1407 0.9549
vn 0.1498 -0.0200 0.9885
vn 0.0301 -0.0905 0.9954
vn 0.2495 0.0299 0.9679
vn 0.3097 0.1498 0.9390
vn 0.2885 0.0696 0.9550
vn 0.4722 0.3617 0.8038
vn 0.4321 0.2211 0.8743
vn 0.4436 0.2621 0.8570
vn 0.3595 0.0899 0.9288
vn 0.4318 0.1808 0.8837
vn 0.4285 0.1096 0.8969
vn -0.2499 -0.1899 0.9495
vn -0.2212 -0.1407 0.9650
vn -0.1713 -0.1307 0.9765
vn -0.2390 -0.2191 0.9460
vn -0.2003 -0.2306 0.9522
vn -0.2239 -0.1472 0.9634
vn -0.2005 -0.2305 0.9522
vn -0.2317 -0.2619 0.9369
vn -0.2110 -0.2110 0.9544
vn -0.2617 -0.2718 0.9261
vn -0.1450 -0.1062 0.9837
vn -0.1063 -0.1352 0.9851
vn -0.1451 -0.1257 0.9814
vn -0.1006 -0.1308 0.9863
vn -0.0203 -0.1005 0.9947
vn -0.1203 -0.2005 0.9723
vn -0.0401 -0.1202 0.9919
vn -0.0499 -0.1997 0.9786
vn -0.1711 -0.1309 0.9765
vn -0.1697 -0.2296 0.9584
vn -0.1598 -0.1898 0.9687
vn -0.1102 -0.2103 0.9714
vn -0.1203 -0.2004 0.9723
vn -0.0700 -0.2305 0.9706
vn -0.0500 -0.1996 0.9786
vn -0.0701 -0.2301 0.9706
vn 0.1000 -0.1099 0.9889
vn 0.2211 -0.0301 0.9748
vn 0.0400 -0.1301 0.9907
vn 0.2007 -0.1104 0.9734
vn 0.0300 -0.1903 0.9813
vn 0.1002 -0.2105 0.9724
vn 0.0999 -0.1099 0.9889
vn 0.1003 -0.2104 0.9725
vn 0.1298 -0.1598 0.9786
vn 0.0501 -0.2304 0.9718
vn 0.0905 -0.2011 0.9754
vn 0.1000 -0.1701 0.9803
vn 0.3101 -0.0200 0.9505
vn 0.4144 0.0303 0.9096
vn 0.2798 -0.0400 0.9592
vn 0.3223 -0.0101 0.9466
vn 0.3635 0.0707 0.9289
vn 0.2103 -0.1101 0.9714
vn 0.3188 0.0498 0.9465
vn 0.2106 -0.1002 0.9724
vn 0.3304 -0.0701 0.9412
vn -0.2609 -0.2649 0.9283
vn -0.3001 -0.2101 0.9305
vn -0.1101 -0.2107 0.9713
vn -0.0101 -0.2212 0.9752
vn -0.2376 -0.2554 0.9372
vn -0.1497 -0.1996 0.9684
vn -0.1309 -0.2617 0.9562
vn -0.0300 -0.2400 0.9703
vn -0.0100 -0.2211 0.9752
vn -0.1497 -0.1997 0.9683
vn -0.2410 -0.2615 0.9346
vn -0.1805 -0.2808 0.9426
vn -0.1309 -0.2618 0.9562
vn 0.0604 -0.2112 0.9756
vn 0.0703 -0.1607 0.9845
vn 0.0603 -0.2112 0.9756
vn 0.0499 -0.1997 0.9786
vn 0.0201 -0.1806 0.9833
vn 0.0201 -0.1806 0.9834
vn -0.0300 -0.2401 0.9703
vn 0.0301 -0.2706 0.9622
vn 0.3510 -0.1604 0.9225
vn 0.0402 -0.1708 0.9845
vn 0.2109 -0.1607 0.9642
vn 0.1206 -0.2714 0.9549
vn -0.1424 0.8236 0.5490
vn -0.1931 0.9554 0.2236
vn -0.3868 0.8956 0.2196
vn -0.2804 0.9583 -0.0552
vn -0.2883 0.9551 -0.0677
vn -0.5361 0.8014 -0.2653
vn -0.3911 0.8966 0.2075
vn 0.1014 0.7709 0.6288
vn 0.0406 0.9548 0.2945
vn 0.3246 0.7406 0.5884
vn 0.2371 0.9174 0.3196
vn 0.4348 0.8593 0.2692
vn 0.0207 0.9996 0.0208
vn 0.2917 0.9557 0.0403
vn 0.5604 0.8258 -0.0637
vn -0.6841 0.3424 0.6440
vn -0.7497 0.5125 0.4187
vn -0.8105 0.4348 0.3926
vn -0.8109 0.5851 0.0103
vn -0.8151 0.4379 0.3793
vn -0.7545 0.5165 0.4048
vn -0.8662 0.4993 0.0204
vn -0.7315 0.5566 -0.3937
vn -0.7631 0.4954 -0.4149
vn -0.1605 0.4614 0.8726
vn -0.2204 0.5411 0.8116
vn -0.3244 0.4867 0.8111
vn -0.0302 0.4630 0.8858
vn -0.0807 0.5851 0.8070
vn -0.4823 0.3419 0.8065
vn -0.3006 0.3106 0.9018
vn -0.2213 0.3622 0.9054
vn -0.2318 0.6247 0.7457
vn -0.3588 0.7995 0.4818
vn -0.3845 0.6374 0.6678
vn -0.5436 0.7487 0.3795
vn -0.6812 0.6608 0.3152
vn -0.5705 0.5604 0.6004
vn -0.5432 0.7456 0.3860
vn -0.5704 0.5604 0.6005
vn -0.3910 0.6346 0.6666
vn -0.3302 0.4891 0.8073
vn -0.4913 0.3498 0.7977
vn -0.6796 0.3412 0.6494
vn -0.5514 0.2580 0.7933
vn -0.5807 0.8081 0.0991
vn -0.6646 0.7456 0.0477
vn -0.7416 0.6705 -0.0203
vn -0.5847 0.8068 0.0849
vn -0.6507 0.6719 -0.3538
vn -0.6655 0.7457 0.0329
vn -0.7407 0.6713 -0.0275
vn -0.6728 0.6114 -0.4166
vn -0.6734 0.6107 -0.4167
vn 0.0802 0.4815 0.8728
vn 0.0909 0.5959 0.7979
vn 0.1407 0.4825 0.8645
vn 0.1926 0.6081 0.7702
vn 0.3137 0.5567 0.7692
vn 0.2314 0.4026 0.8856
vn 0.4081 0.3877 0.8265
vn 0.5120 0.5677 0.6446
vn 0.4579 0.2442 0.8548
vn 0.2741 0.7000 0.6595
vn 0.4140 0.6968 0.5857
vn 0.5353 0.6363 0.5555
vn 0.5468 0.7571 0.3575
vn 0.6933 0.6726 0.2587
vn 0.7987 0.5372 -0.2710
vn 0.6056 0.4803 0.6345
vn 0.7452 0.1893 0.6395
vn 0.8422 0.3492 0.4108
vn 0.7677 0.5602 0.3112
vn 0.6119 0.4875 0.6228
vn 0.5225 0.5695 0.6345
vn 0.7686 0.5404 0.3424
vn 0.7686 0.5401 0.3428
vn 0.9476 0.2987 0.1133
vn 0.7549 0.1895 0.6279
vn 0.9857 0.1027 0.1335
vn 0.9203 0.3228 -0.2211
vn 0.9073 0.3843 -0.1708
vn 0.9064 0.3827 -0.1789
vn 0.9261 0.1561 -0.3434
vn 0.9298 -0.0102 -0.3679
vn 0.9219 0.3150 -0.2256
vn 0.8443 0.0206 -0.5354
vn 0.8025 0.5263 -0.2811
vn 0.7669 0.1816 -0.6155
vn 0.7881 -0.0409 -0.6141
vn 0.7257 -0.0605 -0.6854
vn 0.6814 -0.1713 -0.7116
vn -0.8029 0.3144 0.5065
vn -0.5767 0.2050 0.7908
vn -0.5620 0.2622 0.7845
vn -0.7214 0.1703 0.6713
vn -0.8370 0.2121 0.5045
vn -0.5436 0.0805 0.8355
vn -0.6698 0.0507 0.7408
vn -0.8356 0.1309 0.5336
vn -0.4711 -0.0100 0.8820
vn -0.7635 -0.0602 0.6430
vn -0.4624 -0.0603 0.8846
vn -0.9179 0.3610 0.1650
vn -0.8095 0.3180 0.4935
vn -0.8398 0.2149 0.4985
vn -0.9473 0.2899 0.1366
vn -0.9475 0.2870 0.1410
vn -0.9674 0.1757 0.1824
vn -0.8851 0.0503 0.4627
vn -0.9735 0.0516 0.2229
vn -0.7862 0.4750 -0.3952
vn -0.8783 0.3888 -0.2784
vn -0.9016 0.3006 -0.3109
vn -0.9486 0.2899 0.1267
vn -0.8747 0.3863 -0.2928
vn -0.9494 0.2871 0.1270
vn -0.9344 0.2063 -0.2903
vn -0.9697 0.1773 0.1683
vn -0.9326 0.2049 -0.2972
vn -0.9849 0.1117 -0.1320
vn -0.9702 0.1743 0.1682
vn -0.9767 0.0516 0.2082
vn -0.5654 0.2019 0.7997
vn -0.4219 0.2009 0.8841
vn -0.5435 0.0805 0.8355
vn -0.4695 -0.0171 0.8827
vn -0.3216 -0.1508 0.9348
vn -0.4649 -0.0082 0.8853
vn -0.4560 -0.0589 0.8880
vn -0.3218 -0.1501 0.9348
vn 0.6179 -0.2026 0.7597
vn 0.4400 -0.1800 0.8798
vn 0.6221 -0.1720 0.7638
vn 0.6126 -0.2010 0.7644
vn 0.4457 -0.1826 0.8764
vn 0.4902 -0.1568 0.8574
vn 0.4725 -0.3116 0.8244
vn 0.6277 -0.1721 0.7592
vn 0.6773 -0.2873 0.6773
vn 0.6934 -0.1005 -0.7135
vn 0.6816 -0.1704 -0.7116
vn 0.6451 -0.1109 -0.7560
vn 0.7092 -0.0912 -0.6991
vn 0.7804 -0.2129 -0.5879
vn 0.7579 -0.1819 -0.6265
vn 0.8070 -0.0310 -0.5897
vn 0.7813 -0.0812 -0.6189
vn 0.8194 -0.0709 0.5688
vn 0.8219 -0.0803 0.5640
vn 0.7473 -0.2727 0.6059
vn 0.7743 -0.1910 0.6033
vn -0.5814 0.3776 0.7207
vn -0.5933 0.1307 0.7943
vn -0.4677 0.1327 0.8739
vn 0.8275 -0.0711 0.5569
vn 0.9912 -0.0633 -0.1160
vn 0.8493 -0.2598 0.4596
vn 0.9791 -0.1968 0.0507
vn 0.9808 -0.1917 0.0359
vn 0.9678 -0.2449 0.0583
vn -0.6326 0.6948 0.3422
vn -0.7407 0.5370 0.4037
vn -0.5793 0.3915 0.7149
vn 0.9643 -0.1959 -0.1783
vn -0.7110 0.5770 0.4019
vn -0.6952 0.4108 0.5898
vn -0.6273 0.3238 0.7083
vn -0.7098 0.5740 0.4083
vn -0.7382 0.5304 0.4168
vn 0.7827 -0.1751 -0.5973
vn 0.8346 -0.2341 -0.4987
vn 0.7751 -0.2416 -0.5838
vn 0.9678 -0.2448 0.0583
vn 0.7806 -0.2133 -0.5875
vn -0.5316 0.7672 -0.3589
vn -0.7215 0.6905 -0.0515
vn 0.7487 0.0701 -0.6592
vn 0.9656 -0.1956 -0.1711
vn 0.7556 0.0703 -0.6513
vn -0.7472 0.6297 0.2126
vn -0.2133 0.6458 -0.7331
vn -0.4909 0.6820 -0.5421
vn -0.5115 0.6576 -0.5532
vn -0.6463 0.6264 -0.4357
vn -0.7181 0.6936 -0.0574
vn -0.6515 0.6300 -0.4226
vn -0.4820 0.6788 -0.5539
vn -0.4073 0.7840 0.4684
vn -0.5842 0.4903 0.6468
vn -0.3274 0.4436 0.8343
vn -0.0417 0.4174 0.9078
vn -0.0628 0.8157 0.5751
vn 0.1865 0.4352 0.8808
vn 0.2304 0.8064 0.5446
vn 0.5370 0.6587 0.5270
vn -0.3163 0.1939 0.9286
vn -0.4899 0.3857 0.7818
vn -0.0804 0.1508 0.9853
vn 0.0703 0.1607 0.9845
vn 0.3052 0.2950 0.9054
vn -0.4885 0.3797 0.7856
vn -0.4612 0.1343 0.8771
vn -0.2111 0.0805 0.9741
vn -0.0503 0.0804 0.9955
vn 0.1001 0.0901 0.9909
vn -0.4337 0.8929 0.1210
vn -0.0505 0.9810 0.1874
vn 0.2795 0.9419 0.1863
vn 0.5238 0.8505 0.0475
vn -0.3170 0.8375 -0.4452
vn -0.0770 0.8807 -0.4674
vn -0.4284 0.8972 0.1072
vn -0.0583 0.9829 0.1749
vn -0.3111 0.8368 -0.4505
vn 0.3606 0.8673 -0.3431
vn 0.3598 0.8615 -0.3582
vn -0.0602 0.8815 -0.4683
vn -0.0473 0.9834 0.1750
vn 0.5334 0.8450 0.0371
vn 0.6192 0.6192 -0.4828
vn -0.2452 0.6409 -0.7274
vn 0.0445 0.5369 -0.8425
vn -0.3052 0.8367 -0.4547
vn 0.0514 0.5348 -0.8434
vn -0.2329 0.6392 -0.7329
vn 0.2737 0.4662 -0.8413
vn -0.1100 0.5271 -0.8427
vn -0.5249 0.7654 -0.3724
vn -0.2466 0.6340 -0.7329
vn -0.2076 0.6434 -0.7368
vn -0.0967 0.5224 -0.8472
vn 0.1723 0.3953 -0.9022
vn 0.3125 0.3125 -0.8971
vn 0.4532 0.2818 -0.8457
vn 0.4523 0.1714 -0.8752
vn 0.4044 0.2123 -0.8896
vn 0.4486 0.2776 -0.8495
vn 0.6013 0.6013 0.5262
vn 0.6413 0.4528 0.6195
vn 0.4348 0.3003 0.8490
vn 0.7954 0.4799 0.3701
vn 0.5462 0.6612 0.5142
vn 0.6914 0.7224 -0.0103
vn 0.7626 0.5977 0.2473
vn 0.8187 0.5742 -0.0000
vn 0.6051 0.6027 0.5202
vn 0.6496 0.4569 0.6077
vn 0.8024 0.4783 0.3570
vn 0.8065 0.5254 -0.2711
vn 0.6779 0.3859 -0.6257
vn 0.8463 0.4335 -0.3096
vn 0.7180 0.2640 -0.6441
vn 0.4527 0.1710 -0.8751
vn -0.3603 -0.1501 0.9207
vn -0.4783 -0.1395 0.8670
vn -0.4130 -0.1612 0.8964
vn -0.5834 -0.1106 0.8046
vn -0.5542 -0.1008 0.8263
vn -0.7499 -0.0608 0.6587
vn -0.6866 -0.0101 0.7270
vn -0.4110 -0.1303 0.9023
vn -0.4830 -0.0201 0.8754
vn -0.6041 0.0503 0.7953
vn -0.3579 -0.0139 0.9337
vn -0.5484 -0.0991 0.8303
vn -0.4768 -0.0210 0.8788
vn -0.3522 -0.0100 0.9359
vn -0.8917 -0.0401 0.4509
vn -0.9815 -0.0110 0.1913
vn -0.9264 -0.0412 0.3743
vn -0.8836 0.0305 0.4672
vn -0.7863 0.0605 0.6149
vn -0.8889 0.1111 0.4444
vn -0.9841 -0.0104 0.1771
vn -0.9940 0.0717 -0.0820
vn -0.9317 -0.0413 0.3608
vn -0.9911 0.0995 0.0885
vn -0.9316 -0.0375 0.3616
vn -0.9946 0.0715 -0.0748
vn -0.9909 0.1013 0.0887
vn -0.9558 0.2364 0.1747
vn -0.2495 -0.2396 0.9383
vn -0.2492 -0.1494 0.9569
vn -0.3602 -0.1501 0.9207
vn -0.4065 -0.1604 0.8994
vn -0.2492 -0.1495 0.9568
vn -0.2006 -0.1806 0.9629
vn -0.3179 -0.1522 0.9358
vn -0.2006 -0.1805 0.9629
vn -0.0602 -0.2208 0.9735
vn 0.0405 -0.3341 0.9417
vn -0.2505 -0.1102 0.9618
vn -0.1201 -0.1501 0.9813
vn 0.0275 -0.2011 0.9792
vn 0.2259 -0.2896 0.9301
vn 0.0303 -0.2018 0.9789
vn -0.2569 -0.1129 0.9598
vn -0.4055 -0.1267 0.9053
vn 0.5007 -0.4306 0.7510
vn 0.5796 -0.4497 0.6796
vn 0.1638 -0.4123 0.8962
vn 0.1709 -0.4123 0.8949
vn 0.1781 -0.4122 0.8935
vn 0.3854 -0.4491 0.8061
vn 0.4952 -0.4291 0.7555
vn 0.3492 -0.4190 0.8381
vn 0.3911 -0.4512 0.8022
vn 0.2896 -0.4241 0.8581
vn 0.3857 -0.4498 0.8056
vn 0.2906 -0.4176 0.8609
vn 0.0475 -0.3323 0.9420
vn 0.2319 -0.2924 0.9277
vn 0.5443 -0.4536 0.7057
vn 0.4976 -0.3757 0.7818
vn 0.6823 -0.4618 0.5668
vn 0.2986 -0.4255 0.8543
vn 0.3813 -0.4214 0.8228
vn 0.4375 -0.4169 0.7967
vn 0.4919 -0.3742 0.7861
vn 0.3812 -0.4211 0.8230
vn 0.6674 -0.2610 0.6975
vn 0.4413 -0.4212 0.7923
vn 0.2382 -0.2948 0.9254
vn 0.3814 -0.3312 0.8631
vn 0.3820 -0.3519 0.8545
vn 0.4352 -0.4204 0.7961
vn 0.3814 -0.4212 0.8229
vn 0.3823 -0.3521 0.8544
vn 0.5237 0.3579 -0.7731
vn 0.2271 -0.1063 0.9681
vn 0.3451 -0.0174 0.9384
vn 0.3836 -0.3581 0.8513
vn 0.2681 -0.1645 0.9492
vn -0.0103 0.0924 0.9957
vn 0.2161 -0.1095 0.9702
vn 0.2608 -0.1530 0.9532
vn 0.5599 0.2837 -0.7785
vn 0.6921 0.1136 -0.7128
vn 0.3649 0.6137 -0.7002
vn 0.4429 0.5292 -0.7237
vn -0.3314 0.7558 -0.5647
vn -0.4583 -0.0713 0.8860
vn 0.8994 -0.1342 0.4161
vn -0.5389 0.0675 0.8396
vn -0.6617 0.2807 0.6952
vn -0.5372 0.0608 0.8413
vn -0.3908 -0.0239 0.9202
vn -0.6614 0.2692 0.7000
vn -0.4414 -0.1605 0.8828
vn -0.3452 -0.2538 0.9036
vn -0.3191 -0.0718 0.9450
vn -0.3787 -0.0193 0.9253
vn -0.2800 0.0200 0.9598
vn -0.3124 -0.0705 0.9473
vn -0.2780 -0.2611 0.9244
vn -0.2757 -0.2477 0.9288
vn -0.4355 -0.1580 0.8862
vn -0.1922 0.0202 0.9811
vn -0.2519 0.1411 0.9574
vn -0.3123 -0.0708 0.9473
vn -0.0878 -0.1225 0.9886
vn -0.2756 -0.2495 0.9283
vn -0.0808 -0.1212 0.9893
vn 0.8972 -0.1377 0.4197
vn -0.1097 0.9489 -0.2958
vn -0.1163 0.9471 -0.2991
vn 0.0959 0.4220 0.9015
vn -0.5488 0.4324 0.7154
vn -0.6753 0.7131 0.1885
vn 0.1004 0.4136 0.9049
vn 0.1017 0.4179 0.9028
vn -0.6733 0.7184 0.1748
vn -0.1084 0.9468 -0.3029
vn 0.0929 0.4260 0.9000
vn -0.3475 0.2001 0.9161
vn -0.5545 0.4266 0.7145
vn -0.2211 0.0302 0.9748
vn -0.2210 0.0303 0.9748
vn -0.2220 0.1110 0.9687
vn -0.1220 0.9478 -0.2947
vn -0.3154 0.6772 -0.6648
vn 0.5228 0.3704 -0.7678
vn -0.3053 0.6764 -0.6703
vn -0.3016 0.6804 -0.6679
vn -0.6874 0.5661 -0.4549
vn -0.5793 0.6846 -0.4424
vn -0.5939 0.6845 -0.4228
vn -0.2361 -0.0930 0.9673
vn -0.2179 0.0811 0.9726
vn -0.0298 -0.0806 0.9963
vn -0.2320 -0.0873 0.9688
vn 0.0503 -0.0705 0.9962
vn 0.0705 -0.0302 0.9971
vn -0.2107 -0.2910 0.9332
vn -0.0699 -0.3007 0.9512
vn -0.0323 -0.0874 0.9957
vn -0.0201 -0.2211 0.9750
vn -0.0651 -0.2955 0.9531
vn -0.0402 -0.0805 0.9959
vn -0.1610 -0.3924 0.9056
vn -0.1106 -0.4120 0.9044
vn -0.1730 -0.3054 0.9364
vn -0.0202 -0.2214 0.9750
vn -0.2055 -0.1012 0.9734
vn -0.2126 -0.1012 0.9719
vn -0.4257 -0.1520 0.8920
vn -0.0307 -0.2932 0.9556
vn -0.2685 -0.2527 0.9295
vn -0.0807 -0.1212 0.9893
vn -0.0286 -0.2851 0.9581
vn -0.1312 -0.3734 0.9184
vn -0.2855 -0.3365 0.8974
vn 0.4925 0.1005 -0.8645
vn 0.4046 0.1618 -0.9001
vn 0.3497 0.2777 -0.8948
vn 0.1728 0.1322 0.9760
vn 0.6266 0.6579 0.4177
vn 0.3850 0.4579 0.8013
vn -0.0302 0.0705 0.9971
vn 0.0814 0.2441 0.9663
vn 0.4749 0.7537 0.4543
vn 0.3077 0.4820 0.8204
vn 0.4917 0.7466 0.4482
vn -0.1711 0.0413 0.9844
vn -0.0474 -0.0811 0.9956
vn -0.1769 0.0367 0.9836
vn -0.0502 0.0904 0.9946
vn 0.1205 0.1908 0.9742
vn 0.5568 0.5983 0.5762
vn 0.4284 0.3169 0.8462
vn -0.2520 -0.0000 0.9677
vn 0.1214 0.0405 0.9918
vn 0.2876 0.0869 0.9538
vn 0.7589 0.6473 -0.0713
vn 0.7568 0.6511 -0.0570
vn 0.6574 0.6909 -0.3009
vn 0.4967 0.8467 -0.1909
vn 0.7193 0.6856 -0.1124
vn 0.4868 0.8654 -0.1190
vn 0.4947 0.7524 0.4349
vn 0.4751 0.7573 0.4480
vn 0.4920 0.8460 -0.2055
vn 0.5629 0.6042 0.5640
vn 0.6193 0.5076 -0.5990
vn 0.5528 0.3685 -0.7474
vn 0.6559 0.6893 -0.3076
vn 0.4304 0.4934 -0.7559
vn 0.3420 0.5237 -0.7802
vn 0.5598 0.6013 -0.5702
vn 0.6018 0.3366 -0.7242
vn 0.5570 0.2228 -0.8001
vn 0.4250 0.1619 -0.8906
vn 0.2966 0.2147 -0.9306
vn 0.2651 0.3262 -0.9074
vn 0.2965 0.2147 -0.9306
vn 0.2137 0.3663 -0.9056
vn 0.1913 0.4629 -0.8655
vn 0.1912 0.4630 -0.8655
vn 0.3155 0.3664 -0.8753
vn 0.0699 0.4895 -0.8692
vn 0.2762 0.4502 -0.8492
vn 0.4513 0.3392 -0.8254
vn 0.4638 0.3324 -0.8212
vn 0.7321 0.5041 0.4582
vn 0.7338 0.5015 0.4583
vn 0.4336 0.3109 0.8458
vn 0.8391 0.2985 0.4547
vn 0.5980 0.1825 0.7804
vn 0.3000 0.0935 0.9493
vn 0.7387 0.5061 0.4452
vn 0.8452 0.3944 -0.3606
vn 0.8462 0.2988 0.4412
vn 0.9470 0.1684 -0.2736
vn 0.7152 0.1813 -0.6750
vn -0.2917 0.2414 0.9255
vn -0.3006 0.2797 0.9118
vn -0.4892 0.2227 0.8433
vn -0.4200 0.0688 0.9049
vn -0.4135 0.0706 0.9077
vn -0.4514 0.1304 0.8827
vn -0.5819 0.1304 0.8028
vn -0.4807 0.2365 0.8444
vn -0.4929 0.2315 0.8387
vn -0.5820 0.1305 0.8027
vn -0.6724 0.1606 0.7226
vn -0.6563 0.2019 0.7270
vn -0.5020 0.2213 0.8361
vn -0.7267 0.1211 0.6762
vn -0.8422 0.1826 0.5073
vn -0.7989 0.1719 0.5764
vn -0.7689 0.1598 0.6191
vn -0.7607 0.2202 0.6106
vn -0.9109 0.2866 0.2968
vn -0.9246 0.2743 0.2642
vn -0.9143 0.2010 0.3516
vn -0.8660 0.2115 0.4531
vn -0.8423 0.1705 0.5114
vn -0.8756 0.2517 0.4124
vn -0.8442 0.2713 0.4623
vn -0.1611 -0.0000 0.9869
vn -0.0705 -0.0101 0.9975
vn -0.1202 -0.1502 0.9813
vn 0.1288 -0.0983 0.9868
vn 0.1323 -0.0915 0.9870
vn -0.1900 0.1500 0.9702
vn -0.0605 0.2016 0.9776
vn 0.0924 0.2463 0.9648
vn 0.2252 0.3173 0.9212
vn -0.1611 0.3121 0.9363
vn -0.0302 0.3730 0.9274
vn 0.0704 0.5132 0.8554
vn -0.1908 0.3014 0.9342
vn -0.2520 0.0202 0.9675
vn 0.3185 -0.0719 0.9452
vn 0.0502 0.6324 0.7730
vn 0.1102 0.6011 0.7915
vn 0.0603 0.6537 0.7543
vn -0.0200 0.6710 0.7411
vn -0.0703 0.6533 0.7538
vn 0.3216 -0.0782 0.9436
vn 0.3750 0.0104 0.9270
vn 0.3804 -0.3246 0.8660
vn 0.3818 -0.3517 0.8547
vn 0.3765 0.0034 0.9264
vn 0.3011 0.1183 0.9462
vn 0.3819 -0.3452 0.8573
vn 0.2172 0.4032 0.8890
vn 0.1545 0.5457 0.8236
vn 0.3006 0.1243 0.9456
vn -0.0503 0.6433 0.7639
vn 0.0101 0.4950 0.8688
vn -0.1509 0.6139 0.7749
vn -0.1202 0.5108 0.8513
vn 0.3821 -0.3518 0.8545
vn 0.0103 0.2788 0.9603
vn -0.0923 0.2871 0.9534
vn 0.0299 0.5885 0.8080
vn -0.1104 0.6123 0.7829
vn -0.0402 0.5332 0.8450
vn 0.1510 0.5736 0.8051
vn 0.0706 0.4542 0.8881
vn 0.2210 0.5223 0.8237
vn 0.2305 0.5513 0.8018
vn -0.2036 0.4174 0.8856
vn -0.1418 0.3342 0.9318
vn -0.0609 0.2133 0.9751
vn 0.0710 0.0812 0.9942
vn 0.1714 0.3327 0.9274
vn -0.4669 -0.1687 0.8680
vn 0.2991 0.5385 0.7878
vn 0.2419 0.4738 0.8468
vn 0.2430 0.4659 0.8508
vn -0.0764 -0.1269 0.9890
vn 0.0879 -0.0672 0.9939
vn -0.0307 -0.2916 0.9561
vn 0.0913 -0.0609 0.9940
vn -0.1050 -0.1577 0.9819
vn -0.0243 -0.2879 0.9574
vn -0.0985 -0.1463 0.9843
vn -0.3746 -0.1721 0.9111
vn 0.1917 0.2523 0.9485
vn -0.0000 0.1644 0.9864
vn -0.3084 0.0046 0.9513
vn -0.3691 -0.1684 0.9140
vn -0.3192 -0.0038 0.9477
vn 0.1205 0.4115 0.9034
vn -0.0814 0.2441 0.9663
vn -0.2514 -0.0677 0.9655
vn -0.2419 -0.0562 0.9687
vn 0.1517 0.3337 0.9304
vn 0.0511 0.1226 0.9911
vn -0.3252 -0.1423 0.9349
vn -0.4606 -0.1702 0.8711
vn -0.0810 -0.1012 0.9916
vn 0.0912 -0.0810 0.9925
vn 0.2513 -0.0704 0.9653
vn -0.2937 -0.2532 0.9217
vn -0.1104 -0.3113 0.9439
vn 0.0503 -0.2916 0.9552
vn 0.2139 -0.1935 0.9575
vn -0.1631 -0.3059 0.9380
vn -0.0907 -0.3629 0.9274
vn -0.0300 -0.3901 0.9203
vn 0.0207 -0.2278 0.9735
vn -0.1586 -0.3114 0.9370
vn -0.1698 -0.3031 0.9377
vn 0.0036 -0.1457 0.9893
vn 0.0102 -0.1428 0.9897
vn 0.0061 -0.3096 0.9508
vn 0.0134 -0.2980 0.9545
vn -0.1560 -0.3053 0.9394
vn -0.1325 -0.2852 0.9493
vn -0.2281 -0.1348 0.9643
vn -0.2256 -0.1415 0.9639
vn 0.5468 0.3035 -0.7803
vn 0.6551 0.1713 -0.7358
vn 0.5471 0.3039 -0.7800
vn 0.6549 0.2116 -0.7254
vn 0.5460 -0.0386 0.8369
vn 0.5339 -0.0441 0.8444
vn 0.9229 0.0315 0.3838
vn 0.4983 -0.1237 0.8581
vn 0.8985 -0.1272 0.4202
vn 0.5107 -0.1235 0.8509
vn 0.4925 0.2111 0.8443
vn 0.4972 0.2057 0.8429
vn -0.1447 0.1240 0.9817
vn 0.1233 0.4314 0.8937
vn 0.3086 0.7407 0.5967
vn 0.2881 0.4528 0.8438
vn 0.2883 0.7722 0.5663
vn 0.4354 0.7050 0.5598
vn 0.9286 0.0311 0.3697
vn 0.9674 -0.0210 -0.2524
vn 0.9044 -0.1281 0.4071
vn 0.9046 -0.1252 0.4074
vn 0.9835 0.1810 0.0037
vn 0.9692 -0.0213 -0.2454
vn 0.9823 0.1871 -0.0000
vn 0.6127 0.7877 -0.0641
vn 0.9045 -0.1275 0.4070
vn 0.3619 0.9252 0.1137
vn 0.5957 0.6793 0.4285
vn 0.6794 0.7276 0.0950
vn 0.7399 0.0710 -0.6690
vn 0.7771 0.2176 -0.5906
vn 0.7363 0.3026 -0.6052
vn 0.6357 0.4921 -0.5947
vn 0.4024 0.7016 -0.5881
vn 0.6052 0.7935 -0.0646
vn 0.2914 0.8221 -0.4891
vn 0.3626 0.9267 0.0991
vn 0.3705 0.8645 -0.3396
vn 0.5175 0.6970 -0.4964
vn 0.6469 0.7304 -0.2191
vn 0.6847 0.7244 0.0801
vn 0.4765 0.4334 -0.7650
vn 0.4849 0.4232 -0.7653
vn 0.5652 0.2119 -0.7973
vn 0.6549 0.2116 -0.7255
vn 0.2748 0.4217 -0.8641
vn 0.4733 0.3395 -0.8128
vn 0.1531 0.5411 -0.8269
vn 0.2613 0.4246 -0.8669
vn 0.3091 0.5669 -0.7636
vn -0.8723 0.2306 0.4311
vn -0.8218 0.2305 0.5211
vn -0.8063 0.1411 0.5745
vn -0.8855 0.1409 0.4428
vn -0.4944 0.1421 0.8575
vn -0.3608 0.1403 0.9220
vn -0.4306 0.0501 0.9012
vn -0.5426 0.1005 0.8340
vn -0.4106 0.0300 0.9113
vn -0.4825 0.0503 0.8745
vn -0.3485 -0.0498 0.9360
vn -0.6585 0.1896 0.7283
vn -0.5004 0.1425 0.8540
vn -0.6201 0.1500 0.7701
vn -0.6750 0.1813 0.7152
vn -0.6200 0.1500 0.7701
vn -0.6665 0.1111 0.7372
vn -0.4886 0.0521 0.8709
vn -0.7604 0.2210 0.6107
vn -0.2606 0.2105 0.9422
vn 0.3609 0.4211 0.8321
vn 0.2922 0.3325 0.8967
vn 0.2512 0.2110 0.9446
vn 0.3826 0.2618 0.8860
vn 0.4211 0.3609 0.8321
vn 0.3603 0.1501 0.9207
vn 0.4410 0.3107 0.8420
vn 0.2329 0.0304 0.9720
vn 0.0910 -0.1011 0.9907
vn -0.2075 -0.1285 0.9698
vn -0.2008 -0.1177 0.9725
vn -0.1338 -0.2722 0.9529
vn -0.3554 -0.0305 0.9342
vn -0.3567 -0.0376 0.9335
vn 0.3709 0.1102 0.9221
vn 0.1428 0.0204 0.9895
vn -0.2039 -0.0102 0.9789
vn -0.4106 -0.0300 0.9113
vn 0.2231 0.2029 0.9534
vn -0.1527 0.1011 0.9831
vn -0.3432 -0.0303 0.9388
vn 0.3040 0.3850 0.8714
vn 0.0101 0.2734 0.9619
vn -0.2206 0.0702 0.9728
vn -0.3132 -0.0000 0.9497
vn 0.0204 0.1328 0.9909
vn 0.2113 0.1509 0.9657
vn 0.6422 0.4009 0.6534
vn 0.3624 0.1712 0.9162
vn -0.0000 -0.0204 0.9998
vn 0.2402 0.0100 0.9707
vn 0.3131 -0.0202 0.9495
vn -0.3109 -0.1204 0.9428
vn -0.1112 -0.1618 0.9805
vn 0.2135 -0.0407 0.9761
vn 0.5520 -0.0374 0.8330
vn -0.1721 -0.0811 0.9817
vn 0.0610 -0.0610 0.9963
vn 0.3149 0.0914 0.9447
vn 0.6768 0.4518 -0.5812
vn 0.1687 0.5601 -0.8110
vn 0.1563 0.5566 -0.8160
vn 0.1622 0.5452 -0.8224
vn 0.3810 0.4670 -0.7980
vn 0.6696 0.4463 -0.5936
vn 0.3909 0.4626 -0.7957
vn 0.3138 0.5619 -0.7654
vn 0.6026 0.2588 -0.7549
vn 0.6119 0.3189 -0.7238
vn 0.3934 0.4686 -0.7910
vn 0.6046 0.2519 -0.7557
vn 0.6165 0.3056 -0.7256
vn 0.7233 0.1005 -0.6831
vn 0.6962 0.0208 0.7176
vn 0.6024 0.2493 0.7583
vn 0.6512 0.4052 0.6416
vn 0.9289 0.3425 0.1410
vn 0.7071 0.0198 0.7069
vn 0.9281 0.3383 0.1559
vn 0.6526 0.3999 0.6436
vn 0.9878 0.0649 0.1414
vn 0.5621 -0.0437 0.8259
vn 0.9778 0.1111 0.1778
vn 0.8332 0.2906 0.4704
vn 0.8406 0.2870 0.4594
vn 0.9376 0.3473 0.0164
vn 0.9765 0.1111 0.1849
vn 0.8478 0.3357 -0.4105
vn 0.9895 0.0698 0.1269
vn 0.8806 0.1172 -0.4591
vn 0.8815 0.1115 -0.4589
vn 0.8568 0.2045 -0.4735
vn 0.8521 0.2153 -0.4771
vn 0.9778 0.1112 0.1778
vn 0.9371 0.2519 -0.2418
vn 0.9381 0.3462 0.0056
vn 0.9392 0.2451 -0.2406
vn 0.9790 0.1113 0.1706
vn 0.8745 0.1139 -0.4714
vn 0.8452 0.3339 -0.4174
vn 0.8512 0.2035 -0.4837
vn 0.7149 0.0817 -0.6944
vn -0.7953 0.0503 0.6041
vn -0.8896 0.0404 0.4549
vn -0.7905 -0.0500 0.6104
vn -0.8953 -0.0503 0.4426
vn -0.7579 -0.1818 0.6265
vn -0.8723 -0.1304 0.4713
vn -0.8160 -0.2216 0.5339
vn -0.7605 -0.2702 0.5904
vn -0.3730 -0.0302 0.9274
vn -0.4882 -0.0672 0.8701
vn -0.3492 -0.1297 0.9280
vn -0.3491 -0.1299 0.9281
vn -0.4938 -0.0712 0.8667
vn -0.4198 -0.1799 0.8896
vn -0.2916 -0.2010 0.9352
vn -0.3912 -0.2608 0.8826
vn -0.6382 -0.0101 0.7698
vn -0.5309 -0.1002 0.8415
vn -0.6727 -0.1004 0.7330
vn -0.4915 -0.1204 0.8625
vn -0.5732 -0.2011 0.7944
vn -0.4717 -0.1807 0.8631
vn -0.5833 -0.3017 0.7542
vn -0.4714 -0.2909 0.8325
vn -0.4386 -0.2692 0.8574
vn -0.6796 -0.2998 0.6696
vn -0.2614 -0.1408 0.9549
vn -0.1913 -0.2214 0.9562
vn -0.1506 -0.2208 0.9636
vn -0.1511 -0.1511 0.9769
vn -0.1912 -0.2214 0.9562
vn -0.1708 -0.2010 0.9646
vn 0.3439 0.3540 0.8697
vn 0.2110 0.2512 0.9446
vn 0.1601 0.3804 0.9109
vn -0.0204 0.1528 0.9881
vn 0.3205 0.2203 0.9213
vn 0.1404 0.1203 0.9828
vn 0.4021 0.1407 0.9047
vn 0.2132 0.0711 0.9744
vn 0.4501 0.0700 0.8902
vn 0.2944 0.0508 0.9543
vn -0.1103 0.0501 0.9926
vn -0.0710 0.0812 0.9942
vn 0.1812 0.1812 0.9666
vn -0.2101 0.1200 0.9703
vn -0.1002 0.1603 0.9820
vn 0.1106 0.1911 0.9753
vn -0.0914 0.0304 0.9954
vn -0.2612 0.0402 0.9644
vn -0.1423 0.0915 0.9856
vn 0.0816 0.1224 0.9891
vn -0.0504 -0.0504 0.9975
vn -0.1144 -0.1768 0.9776
vn -0.1368 0.0869 0.9868
vn 0.2691 -0.2544 0.9289
vn 0.0836 0.1150 0.9898
vn 0.5566 0.3771 0.7403
vn 0.2927 0.1817 0.9388
vn 0.5591 0.3950 0.7290
vn 0.5577 0.3757 0.7402
vn 0.2968 0.1808 0.9377
vn 0.3618 -0.0463 0.9311
vn 0.5308 -0.1095 0.8404
vn 0.3687 -0.0458 0.9284
vn 0.3681 -0.0586 0.9280
vn 0.2827 -0.2589 0.9236
vn 0.4726 -0.3820 0.7942
vn 0.3594 -0.0492 0.9319
vn 0.5375 -0.1221 0.8344
vn 0.5564 0.3790 0.7395
vn 0.5664 0.3816 0.7304
vn 0.7957 0.5807 0.1721
vn 0.9335 0.3585 0.0086
vn 0.5633 0.4053 0.7201
vn 0.7889 0.2486 0.5620
vn 0.7715 0.6172 0.1543
vn 0.9600 0.2781 0.0323
vn 0.7549 -0.1914 0.6273
vn 0.7903 0.2409 0.5634
vn 0.5640 0.3932 0.7262
vn 0.9630 0.2667 0.0386
vn 0.9921 0.0586 0.1113
vn 0.5932 -0.3477 0.7261
vn 0.9574 -0.1578 0.2420
vn 0.8060 0.4133 -0.4237
vn 0.8014 0.3958 -0.4485
vn 0.9933 0.0628 0.0973
vn 0.8053 0.3844 -0.4514
vn 0.9634 0.2669 0.0262
vn 0.9928 0.0673 0.0989
vn 0.9518 0.1388 -0.2734
vn 0.8055 0.3880 -0.4479
vn 0.9530 0.1309 -0.2733
vn 0.9783 -0.0202 -0.2064
vn 0.6141 0.3006 -0.7297
vn 0.7160 0.0886 -0.6924
vn 0.6069 0.2935 -0.7386
vn 0.6106 0.1115 -0.7840
vn 0.7105 0.0785 -0.6993
vn 0.4992 0.3567 -0.7897
vn 0.4432 0.3928 -0.8058
vn 0.5732 0.1843 -0.7984
vn 0.6157 0.1129 -0.7799
vn 0.5049 0.3534 -0.7876
vn 0.7983 0.3887 -0.4601
vn 0.6933 0.3059 -0.6525
vn 0.6336 0.3420 -0.6940
vn 0.5103 0.3551 -0.7832
vn 0.9486 0.1366 -0.2855
vn 0.7880 0.1393 -0.5997
vn 0.9751 -0.0193 -0.2209
vn 0.7957 0.1282 -0.5920
vn 0.9501 0.1291 -0.2839
vn 0.9486 0.1374 -0.2852
vn -0.7155 -0.3124 0.6248
vn -0.3828 -0.2921 0.8764
vn -0.4991 -0.3593 0.7885
vn -0.4485 -0.3389 0.8271
vn -0.4522 -0.3416 0.8239
vn -0.5997 -0.3698 0.7096
vn -0.5425 -0.3717 0.7534
vn -0.4512 -0.3911 0.8022
vn -0.5331 -0.4023 0.7443
vn -0.6125 -0.3615 0.7029
vn -0.6080 -0.3788 0.6977
vn -0.6185 -0.4289 0.6584
vn -0.5708 -0.4106 0.7110
vn -0.2009 -0.2612 0.9441
vn -0.1798 -0.2198 0.9588
vn -0.3014 -0.3315 0.8940
vn -0.1904 -0.2404 0.9518
vn -0.2407 -0.3811 0.8926
vn -0.1897 -0.3194 0.9284
vn -0.2400 -0.3100 0.9200
vn -0.2300 -0.3700 0.9001
vn -0.3210 -0.3911 0.8625
vn -0.2597 -0.3996 0.8791
vn -0.2810 -0.3512 0.8931
vn -0.2896 -0.3295 0.8987
vn 0.4208 0.1002 0.9016
vn 0.3632 0.0807 0.9282
vn 0.3704 0.1201 0.9211
vn 0.3805 0.0801 0.9213
vn 0.3694 0.0399 0.9284
vn 0.0814 -0.0102 0.9966
vn -0.1311 -0.1613 0.9782
vn -0.0415 -0.2594 0.9649
vn 0.2909 -0.4132 0.8629
vn 0.2970 -0.4040 0.8652
vn 0.1744 -0.0000 0.9847
vn 0.0569 -0.2011 0.9779
vn 0.1814 -0.4088 0.8944
vn -0.1340 -0.1676 0.9767
vn 0.0451 -0.2100 0.9767
vn 0.4531 -0.4027 0.7953
vn 0.3027 -0.4147 0.8581
vn 0.1954 -0.4118 0.8901
vn 0.2964 -0.4042 0.8653
vn 0.3036 -0.0506 0.9514
vn 0.4098 -0.0700 0.9095
vn 0.3802 -0.0900 0.9205
vn 0.1960 -0.4110 0.8903
vn 0.4014 -0.4411 0.8027
vn 0.4492 -0.3994 0.7991
vn 0.3674 -0.2624 0.8923
vn 0.3667 -0.2555 0.8946
vn 0.3721 -0.2660 0.8892
vn 0.3870 -0.3873 0.8368
vn 0.1957 -0.4113 0.8903
vn 0.3815 -0.3995 0.8336
vn 0.4631 -0.2286 0.8563
vn 0.5088 -0.2429 0.8259
vn 0.5287 -0.2745 0.8032
vn 0.5190 -0.2502 0.8173
vn 0.5922 -0.4059 0.6961
vn 0.4547 -0.3738 0.8084
vn 0.4681 -0.3783 0.7986
vn 0.4547 -0.3739 0.8084
vn 0.7453 -0.3934 0.5383
vn 0.5547 -0.4006 0.7293
vn 0.4013 -0.4414 0.8026
vn 0.3850 -0.3987 0.8324
vn 0.9778 -0.2090 -0.0134
vn 0.9276 -0.3733 -0.0113
vn 0.6051 -0.3387 0.7205
vn 0.5493 -0.3995 0.7340
vn 0.3762 -0.3922 0.8394
vn 0.6168 -0.3350 0.7123
vn 0.9115 -0.3405 0.2306
vn 0.5797 -0.4093 0.7046
vn 0.8780 -0.3867 0.2822
vn 0.8944 -0.1626 -0.4167
vn 0.8148 -0.1833 -0.5500
vn 0.9780 -0.2068 -0.0281
vn 0.9279 -0.3724 -0.0188
vn 0.9093 -0.1737 -0.3780
vn 0.9115 -0.3405 0.2307
vn 0.9587 -0.2053 -0.1967
vn 0.9121 -0.1736 -0.3714
vn 0.9604 -0.2706 -0.0657
vn -0.4796 -0.4396 0.7594
vn -0.5593 -0.4294 0.7091
vn -0.5309 -0.4608 0.7112
vn -0.4598 -0.4598 0.7597
vn -0.4613 -0.5014 0.7320
vn -0.2689 -0.3988 0.8767
vn -0.2811 -0.4211 0.8624
vn -0.3721 -0.4627 0.8047
vn -0.2923 -0.4636 0.8365
vn -0.3011 -0.4817 0.8230
vn -0.3301 -0.4301 0.8403
vn -0.3522 -0.4226 0.8351
vn -0.3709 -0.5012 0.7818
vn -0.4119 -0.5124 0.7535
vn -0.3413 -0.4717 0.8130
vn -0.3003 -0.3404 0.8910
vn -0.3314 -0.2711 0.9037
vn -0.3002 -0.2101 0.9305
vn -0.3294 -0.3195 0.8885
vn -0.3412 -0.2609 0.9031
vn -0.3305 -0.3105 0.8913
vn -0.3593 -0.3892 0.8482
vn -0.3788 -0.3489 0.8572
vn -0.3990 -0.3491 0.8479
vn -0.3911 -0.3710 0.8423
vn -0.2704 -0.3105 0.9113
vn -0.1908 -0.3314 0.9240
vn -0.0903 -0.3209 0.9428
vn 0.0702 -0.3001 0.9513
vn 0.3604 -0.2002 0.9110
vn 0.3811 -0.2007 0.9025
vn 0.4331 -0.2115 0.8762
vn 0.2784 -0.3207 0.9053
vn 0.2886 -0.3190 0.9027
vn 0.3811 -0.2006 0.9025
vn 0.2175 -0.1632 0.9623
vn 0.3535 -0.3876 0.8514
vn 0.2907 -0.3228 0.9007
vn 0.3696 -0.2566 0.8931
vn 0.2010 -0.3516 0.9143
vn 0.1206 -0.2784 0.9529
vn 0.3247 -0.4238 0.8456
vn 0.2786 -0.3294 0.9022
vn 0.3301 -0.4158 0.8474
vn 0.3535 -0.3939 0.8484
vn 0.3371 -0.4249 0.8401
vn 0.2800 -0.4080 0.8690
vn 0.2887 -0.3288 0.8992
vn 0.3481 -0.3986 0.8485
vn 0.2735 -0.4056 0.8722
vn 0.3666 -0.2632 0.8924
vn 0.4003 -0.3731 0.8370
vn 0.3628 -0.2572 0.8957
vn 0.2689 -0.4015 0.8755
vn 0.3934 -0.1919 0.8991
vn 0.3963 -0.1983 0.8965
vn 0.4340 -0.2183 0.8741
vn 0.3880 -0.1989 0.9000
vn 0.3853 -0.1926 0.9025
vn 0.4720 -0.2369 0.8492
vn 0.5356 -0.3032 0.7882
vn 0.3801 -0.1908 0.9051
vn 0.3878 -0.1952 0.9009
vn 0.3818 -0.1909 0.9043
vn 0.4670 -0.2335 0.8529
vn 0.3939 -0.1919 0.8989
vn 0.5459 -0.2641 0.7952
vn 0.4670 -0.2336 0.8528
vn 0.3850 -0.1968 0.9017
vn 0.5516 -0.2608 0.7923
vn 0.4673 -0.3249 0.8222
vn 0.4949 -0.2929 0.8181
vn 0.4130 -0.3728 0.8309
vn 0.4542 -0.3470 0.8205
vn 0.3762 -0.2562 0.8904
vn 0.4448 -0.3526 0.8233
vn 0.4638 -0.3313 0.8216
vn 0.3699 -0.2635 0.8909
vn 0.4505 -0.3516 0.8206
vn 0.6038 -0.3889 0.6959
vn 0.5785 -0.2334 0.7815
vn 0.6459 -0.3129 0.6964
vn 0.5730 -0.2320 0.7860
vn 0.5321 -0.2984 0.7924
vn 0.4927 -0.2870 0.8216
vn 0.5877 -0.3524 0.7283
vn 0.6918 -0.3108 0.6517
vn 0.5911 -0.3566 0.7235
vn 0.5381 -0.3091 0.7842
vn 0.4886 -0.2949 0.8212
vn 0.4417 -0.3452 0.8281
vn 0.6309 -0.4907 0.6009
vn 0.6525 -0.4180 0.6321
vn 0.5444 -0.3081 0.7802
vn 0.7037 -0.3016 0.6433
vn 0.8691 -0.3001 0.3932
vn 0.6983 -0.5162 0.4959
vn 0.7622 -0.4370 0.4776
vn 0.7972 -0.5008 0.3373
vn 0.6983 -0.4959 0.5162
vn 0.9209 -0.3864 0.0502
vn 0.8932 -0.3013 0.3336
vn -0.4013 -0.4414 0.8026
vn -0.3593 -0.4097 0.8385
vn -0.3896 -0.3796 0.8391
vn -0.4097 -0.3704 0.8336
vn -0.3906 -0.3505 0.8513
vn -0.3206 -0.3707 0.8717
vn -0.3401 -0.3801 0.8602
vn -0.4113 -0.3711 0.8325
vn -0.4024 -0.3521 0.8450
vn -0.4214 -0.3813 0.8228
vn -0.3696 -0.4195 0.8291
vn -0.3004 -0.4106 0.8609
vn -0.4099 -0.3999 0.8198
vn -0.4215 -0.4215 0.8029
vn -0.2399 -0.3398 0.9094
vn -0.1610 -0.3421 0.9258
vn -0.1602 -0.3804 0.9109
vn -0.1199 -0.3995 0.9089
vn -0.2197 -0.3795 0.8987
vn -0.2315 -0.4026 0.8856
vn -0.0902 -0.4008 0.9117
vn -0.1701 -0.4002 0.9005
vn -0.1601 -0.3803 0.9109
vn -0.0100 -0.3102 0.9506
vn 0.0603 -0.3217 0.9449
vn 0.1206 -0.3617 0.9245
vn -0.0301 -0.3816 0.9238
vn 0.0602 -0.4017 0.9138
vn 0.1001 -0.4004 0.9109
vn 0.1896 -0.4391 0.8782
vn 0.1206 -0.3618 0.9244
vn 0.1000 -0.4005 0.9108
vn -0.0347 -0.3867 0.9216
vn -0.1198 -0.3995 0.9089
vn -0.0155 -0.4252 0.9050
vn -0.0038 -0.4260 0.9047
vn 0.0603 -0.4017 0.9138
vn -0.0100 -0.4229 0.9061
vn 0.0502 -0.3813 0.9231
vn 0.1405 -0.3815 0.9136
vn -0.0000 -0.3903 0.9207
vn -0.0101 -0.4229 0.9061
vn 0.0898 -0.4091 0.9081
vn 0.1909 -0.3818 0.9043
vn 0.0739 -0.3061 0.9491
vn 0.2105 -0.4211 0.8822
vn 0.2009 -0.3517 0.9143
vn 0.3315 -0.4219 0.8438
vn 0.3028 -0.4542 0.8378
vn 0.3090 -0.4561 0.8346
vn 0.3002 -0.3902 0.8704
vn 0.2735 -0.4054 0.8723
vn 0.2910 -0.3913 0.8730
vn 0.2734 -0.4055 0.8723
vn 0.3001 -0.3902 0.8704
vn 0.2671 -0.4071 0.8734
vn 0.3410 -0.4196 0.8412
vn 0.3998 -0.3776 0.8352
vn 0.2910 -0.3914 0.8730
vn 0.2516 -0.4328 0.8656
vn 0.2912 -0.4117 0.8635
vn 0.2820 -0.4129 0.8660
vn 0.2317 -0.3526 0.9066
vn 0.2613 -0.3619 0.8948
vn 0.3795 -0.4554 0.8053
vn 0.3009 -0.3611 0.8827
vn 0.3593 -0.4688 0.8069
vn 0.3926 -0.4562 0.7986
vn 0.3655 -0.4765 0.7996
vn 0.3606 -0.3634 0.8590
vn 0.3991 -0.4616 0.7923
vn 0.4084 -0.4684 0.7835
vn 0.4048 -0.4650 0.7874
vn 0.1440 -0.3497 0.9257
vn 0.3577 -0.3577 0.8626
vn 0.3966 -0.4572 0.7961
vn 0.2792 -0.2432 0.9289
vn 0.4956 -0.4045 0.7686
vn 0.3543 -0.4190 0.8360
vn 0.4924 -0.3998 0.7731
vn 0.3448 -0.4157 0.8416
vn 0.4437 -0.3418 0.8284
vn 0.4735 -0.3960 0.7867
vn 0.5388 -0.3061 0.7848
vn 0.7616 -0.3453 0.5484
vn 0.4870 -0.3956 0.7787
vn 0.4457 -0.4684 0.7628
vn 0.4337 -0.4745 0.7660
vn 0.3450 -0.4221 0.8383
vn 0.4906 -0.4098 0.7690
vn 0.4331 -0.4736 0.7669
vn 0.4391 -0.4697 0.7659
vn 0.5602 -0.5806 0.5908
vn 0.7466 -0.4338 0.5044
vn 0.6734 -0.5126 0.5327
vn 0.6061 -0.4623 0.6472
vn 0.7153 -0.4735 0.5139
vn 0.5958 -0.3237 0.7350
vn 0.4358 -0.4653 0.7705
vn 0.3577 -0.3572 0.8628
vn 0.7544 -0.4792 0.4486
vn 0.8626 -0.4656 0.1980
vn 0.6018 -0.3224 0.7307
vn 0.7061 -0.3802 0.5975
vn 0.2944 -0.2418 0.9246
vn 0.7123 -0.3777 0.5916
vn 0.8804 -0.4742 -0.0053
vn -0.3507 -0.4108 0.8416
vn -0.4031 -0.3930 0.8264
vn -0.3585 -0.3484 0.8661
vn -0.2899 -0.3998 0.8696
vn -0.3003 -0.4105 0.8610
vn -0.2008 -0.4016 0.8935
vn -0.2898 -0.3998 0.8696
vn -0.2008 -0.4015 0.8936
vn -0.2197 -0.3794 0.8988
vn -0.0702 -0.3808 0.9220
vn -0.1110 -0.4036 0.9082
vn -0.2998 -0.3697 0.8794
vn -0.1148 -0.4029 0.9080
vn -0.2896 -0.3795 0.8787
vn -0.2104 -0.4008 0.8917
vn -0.2197 -0.3795 0.8988
vn -0.1604 -0.4009 0.9020
vn -0.1003 -0.4409 0.8919
vn -0.1132 -0.4039 0.9078
vn -0.0898 -0.4010 0.9117
vn 0.0504 -0.3934 0.9180
vn 0.0802 -0.4011 0.9125
vn 0.1710 -0.4326 0.8852
vn 0.1713 -0.4327 0.8851
vn 0.2104 -0.4611 0.8620
vn 0.0100 -0.4392 0.8983
vn 0.1205 -0.4718 0.8734
vn -0.1046 -0.4067 0.9076
vn 0.0503 -0.4825 0.8745
vn 0.2001 -0.4501 0.8703
vn 0.2697 -0.4896 0.8292
vn 0.2000 -0.4502 0.8702
vn -0.0931 -0.4432 0.8916
vn 0.1007 -0.5237 0.8459
vn 0.2235 -0.5383 0.8126
vn 0.3017 -0.5832 0.7542
vn 0.3316 -0.4414 0.8338
vn 0.3315 -0.4419 0.8336
vn 0.3942 -0.4431 0.8052
vn 0.3834 -0.4397 0.8122
vn 0.2375 -0.4956 0.8354
vn 0.3446 -0.5801 0.7381
vn 0.3517 -0.4623 0.8140
vn 0.3562 -0.4612 0.8127
vn 0.4201 -0.4801 0.7701
vn 0.2519 -0.6623 0.7056
vn 0.2496 -0.5000 0.8293
vn 0.4311 -0.5414 0.7218
vn 0.4138 -0.4797 0.7737
vn 0.2394 -0.6630 0.7093
vn 0.3565 -0.5845 0.7288
vn 0.5852 -0.6384 0.5001
vn 0.3811 -0.5220 0.7631
vn 0.3815 -0.5220 0.7629
vn 0.7658 -0.5441 0.3426
vn -0.1304 -0.4313 0.8927
vn 0.0201 -0.4830 0.8754
vn 0.1302 -0.5407 0.8311
vn -0.3605 0.7955 -0.4870
vn -0.5146 0.6310 -0.5804
vn -0.3888 0.4604 -0.7980
vn -0.5145 0.6209 -0.5915
vn -0.3589 0.7881 -0.5001
vn -0.0555 0.9063 -0.4190
vn -0.0592 0.9049 -0.4214
vn 0.3122 0.9082 -0.2787
vn 0.0265 0.9995 0.0165
vn 0.2871 0.9573 0.0350
vn -0.0492 0.9063 -0.4198
vn 0.2969 0.9542 0.0354
vn 0.5621 0.8233 -0.0786
vn 0.3226 0.9020 -0.2871
vn 0.5318 0.6674 -0.5213
vn -0.0533 0.9002 -0.4322
vn -0.1060 0.5194 -0.8480
vn 0.3158 0.9053 -0.2842
vn 0.2827 0.5748 -0.7679
vn 0.2955 0.5791 -0.7598
vn -0.5790 0.4167 -0.7008
vn -0.7583 0.4917 -0.4281
vn -0.7265 0.5533 -0.4074
vn -0.5471 0.5167 -0.6586
vn -0.6479 0.6673 -0.3674
vn -0.5379 0.7954 -0.2793
vn -0.4440 0.4130 -0.7951
vn -0.6683 0.6072 -0.4297
vn -0.4581 0.4377 -0.7736
vn -0.3874 0.2854 -0.8766
vn -0.2855 0.1524 -0.9462
vn -0.2101 0.2301 -0.9502
vn -0.2218 0.1210 -0.9676
vn -0.2216 0.3324 -0.9167
vn -0.1112 0.1617 -0.9805
vn -0.2100 0.2304 -0.9502
vn -0.2217 0.1210 -0.9676
vn -0.3285 0.3472 -0.8784
vn -0.1681 0.3354 -0.9270
vn -0.0982 0.3299 -0.9389
vn -0.2150 0.3315 -0.9186
vn -0.1615 0.3332 -0.9289
vn -0.0302 0.2115 -0.9769
vn 0.6367 0.6028 -0.4808
vn 0.7166 0.0916 -0.6914
vn 0.7651 0.0408 -0.6427
vn 0.7131 0.0776 -0.6968
vn 0.7622 0.0354 -0.6464
vn 0.7160 -0.1311 -0.6857
vn 0.6494 -0.1299 -0.7493
vn 0.6100 -0.1400 -0.7800
vn -0.1151 0.1203 -0.9860
vn 0.2187 0.1110 -0.9695
vn 0.6299 0.5995 -0.4938
vn 0.4993 0.2777 -0.8207
vn 0.5309 0.6634 -0.5273
vn 0.5002 0.2776 -0.8202
vn 0.4996 0.2632 -0.8253
vn 0.5023 0.2767 -0.8193
vn -0.0306 0.0204 -0.9993
vn -0.2820 0.1463 -0.9482
vn -0.1111 0.1059 -0.9882
vn 0.2443 -0.0712 -0.9671
vn 0.2136 0.0965 -0.9721
vn 0.4952 -0.1140 -0.8613
vn 0.4824 -0.1140 -0.8685
vn 0.0718 0.0616 -0.9955
vn 0.2946 -0.0406 -0.9548
vn 0.5342 -0.1210 -0.8366
vn 0.5402 -0.1205 -0.8329
vn 0.2056 0.0618 -0.9767
vn 0.4135 -0.0706 -0.9077
vn 0.7886 -0.0480 -0.6131
vn -0.7308 0.3894 -0.5606
vn -0.7839 0.4689 -0.4069
vn -0.6425 0.4016 -0.6526
vn -0.7207 0.3968 -0.5685
vn -0.7801 0.4741 -0.4084
vn -0.7321 0.3013 -0.6110
vn -0.7221 0.3038 -0.6215
vn -0.8875 0.1815 -0.4236
vn -0.7956 0.2215 -0.5639
vn -0.5240 0.3728 -0.7658
vn -0.4765 0.3074 -0.8237
vn -0.6656 0.2420 -0.7059
vn -0.4500 0.2608 -0.8541
vn -0.6443 0.2718 -0.7148
vn -0.7943 0.2221 -0.5655
vn -0.4787 0.3108 -0.8211
vn -0.0500 0.3099 -0.9495
vn -0.1502 0.2703 -0.9510
vn -0.3182 0.3416 -0.8843
vn -0.0300 0.2799 -0.9596
vn 0.1112 0.2124 -0.9708
vn -0.2121 0.3030 -0.9291
vn -0.4641 0.3048 -0.8317
vn -0.0203 0.2639 -0.9643
vn 0.2026 0.1824 -0.9621
vn -0.4373 0.2632 -0.8600
vn -0.2231 0.3143 -0.9227
vn -0.1101 0.3203 -0.9409
vn 0.0711 0.2539 -0.9646
vn 0.2933 0.1719 -0.9405
vn -0.2525 0.3030 -0.9190
vn -0.4663 0.3127 -0.8276
vn -0.0701 0.3004 -0.9512
vn 0.3647 0.1317 -0.9218
vn 0.1811 0.2314 -0.9559
vn 0.6559 -0.1110 -0.7467
vn 0.6703 -0.0500 -0.7404
vn 0.6956 -0.0605 -0.7158
vn 0.7299 -0.0700 -0.6799
vn 0.3365 0.0816 -0.9381
vn 0.5022 -0.0402 -0.8638
vn 0.5822 -0.0000 -0.8130
vn 0.5088 0.0698 -0.8580
vn 0.4815 0.0802 -0.8728
vn 0.6549 -0.0000 -0.7557
vn 0.5377 0.0406 -0.8421
vn 0.3626 0.1007 -0.9265
vn -0.1838 0.5310 -0.8272
vn -0.3651 0.5070 -0.7808
vn -0.1002 0.4410 -0.8919
vn 0.0300 0.4709 -0.8817
vn -0.0982 0.5210 -0.8479
vn 0.0301 0.4709 -0.8817
vn 0.0853 0.4087 -0.9087
vn 0.2659 0.3171 -0.9104
vn 0.0910 0.4045 -0.9100
vn -0.9474 0.1512 -0.2822
vn -0.9919 0.1029 0.0748
vn -0.9513 0.2327 -0.2024
vn -0.9512 0.2327 -0.2024
vn -0.9569 0.2369 0.1678
vn -0.9917 0.1044 0.0749
vn -0.9425 0.3243 -0.0811
vn -0.6828 0.2854 -0.6726
vn -0.6879 0.2836 -0.6681
vn -0.8933 0.2208 -0.3914
vn -0.7757 0.3022 -0.5540
vn -0.8388 0.3038 -0.4519
vn -0.8835 0.3313 -0.3313
vn -0.8383 0.3050 -0.4518
vn -0.4506 0.3426 -0.8244
vn -0.6254 0.3530 -0.6959
vn -0.7757 0.3022 -0.5541
vn -0.5292 0.3795 -0.7589
vn -0.6270 0.3843 -0.6776
vn -0.8309 0.3075 -0.4638
vn -0.7953 0.3524 -0.4933
vn -0.8823 0.3280 -0.3376
vn -0.8348 0.3054 -0.4581
vn -0.7246 0.3822 -0.5735
vn -0.7246 0.3821 -0.5736
vn -0.4113 0.4029 -0.8176
vn -0.3990 0.4616 -0.7923
vn -0.5781 0.4361 -0.6896
vn -0.4377 0.3435 -0.8309
vn 0.4749 0.1920 -0.8589
vn -0.1924 0.3644 -0.9111
vn -0.0304 0.3642 -0.9308
vn 0.2043 0.3066 -0.9297
vn -0.4040 0.4050 -0.8202
vn -0.1920 0.4749 -0.8589
vn -0.0000 0.4632 -0.8862
vn 0.2868 0.3995 -0.8707
vn 0.4934 0.3021 -0.8156
vn -0.3884 0.4634 -0.7965
vn 0.5754 0.3331 -0.7470
vn 0.5867 0.3743 -0.7181
vn 0.7211 -0.0501 -0.6910
vn 0.5278 0.1831 -0.8294
vn 0.6904 0.0609 -0.7209
vn 0.4261 0.3305 -0.8422
vn 0.6015 0.2406 -0.7618
vn -0.1239 0.5232 -0.8432
vn 0.1849 0.4568 -0.8701
vn -0.3959 0.5280 -0.7513
vn 0.6640 -0.0704 -0.7444
vn 0.5984 0.0102 -0.8012
vn 0.6950 0.1410 -0.7051
vn 0.6668 0.2021 -0.7173
vn 0.7665 0.2091 -0.6072
vn 0.6458 0.3734 -0.6660
vn -0.3455 0.5182 -0.7824
vn 0.6278 0.2491 -0.7374
vn 0.7060 0.2118 -0.6758
vn 0.7110 0.3105 -0.6309
vn -0.4790 0.5928 -0.6473
vn -0.2500 0.5124 -0.8216
vn -0.2383 0.5068 -0.8285
vn -0.1002 0.4409 -0.8919
vn -0.0200 0.3902 -0.9205
vn -0.5177 0.5684 -0.6395
vn -0.4390 0.5309 -0.7249
vn -0.4884 0.5808 -0.6512
vn -0.5796 0.4497 -0.6796
vn -0.2807 0.4610 -0.8419
vn -0.1106 0.4525 -0.8849
vn 0.0609 0.4464 -0.8928
vn -0.4182 0.4385 -0.7955
vn -0.1514 0.4340 -0.8881
vn -0.4148 0.4350 -0.7992
vn 0.1638 0.3787 -0.9109
vn -0.2211 0.4522 -0.8641
vn -0.0406 0.4058 -0.9131
vn 0.2076 0.2906 -0.9341
vn 0.3542 0.2125 -0.9107
vn 0.3104 0.2704 -0.9113
vn 0.4818 0.1506 -0.8632
vn 0.4326 0.1710 -0.8852
vn 0.5101 0.1300 -0.8502
vn 0.5012 0.1504 -0.8521
vn 0.5384 0.1595 -0.8275
vn 0.4203 0.2153 -0.8815
vn 0.5613 0.1604 -0.8119
vn 0.1960 0.3713 -0.9076
vn 0.1418 0.3342 -0.9318
vn 0.2746 0.2949 -0.9152
vn 0.3851 0.3040 -0.8714
vn 0.4925 0.2111 -0.8443
vn 0.5428 0.1608 -0.8243
vn 0.4550 0.1921 -0.8695
vn -0.8946 0.4447 -0.0436
vn -0.9352 0.3519 0.0402
vn -0.9190 0.3030 0.2525
vn -0.8329 0.5118 -0.2107
vn -0.9019 0.4119 -0.1300
vn -0.8918 0.4488 -0.0574
vn -0.9023 0.4110 -0.1303
vn -0.7954 0.5134 -0.3222
vn -0.9428 0.3251 -0.0740
vn -0.9194 0.3861 -0.0744
vn -0.9386 0.3230 0.1211
vn -0.9178 0.3467 0.1937
vn -0.9171 0.3887 -0.0885
vn -0.8314 0.4608 -0.3105
vn -0.8447 0.4726 -0.2513
vn -0.8828 0.4454 -0.1495
vn -0.8446 0.4726 -0.2514
vn -0.7473 0.4545 -0.4847
vn -0.7245 0.3824 -0.5735
vn -0.7739 0.5126 -0.3719
vn -0.8801 0.4475 -0.1588
vn -0.8003 0.5302 -0.2801
vn -0.6037 0.4835 -0.6338
vn -0.7453 0.4512 -0.4909
vn -0.6423 0.5519 -0.5318
vn -0.6070 0.4864 -0.6285
vn -0.6949 0.5740 -0.4331
vn 0.1958 0.5440 -0.8159
vn 0.2781 0.5882 -0.7594
vn -0.3244 0.4866 -0.8111
vn 0.6422 0.4615 -0.6120
vn 0.2544 0.6785 -0.6891
vn 0.6036 0.5433 -0.5835
vn -0.1729 0.6103 -0.7731
vn 0.3008 0.6846 -0.6639
vn -0.0310 0.6193 -0.7845
vn 0.6527 0.4318 -0.6226
vn 0.6352 0.4537 -0.6251
vn 0.6321 0.5117 -0.5819
vn 0.6004 0.5503 -0.5803
vn 0.5501 0.6102 -0.5701
vn 0.3841 0.6873 -0.6165
vn 0.1738 0.6543 -0.7360
vn -0.3914 0.4315 -0.8128
vn -0.2296 0.4393 -0.8685
vn 0.0509 0.3462 -0.9368
vn 0.2871 0.2564 -0.9229
vn -0.2832 0.4450 -0.8496
vn -0.1701 0.4002 -0.9005
vn 0.4127 0.2114 -0.8860
vn -0.0805 0.3422 -0.9362
vn 0.1526 0.2849 -0.9463
vn -0.1109 0.5039 -0.8566
vn -0.0304 0.4059 -0.9134
vn 0.2030 0.2943 -0.9339
vn -0.0000 0.5453 -0.8382
vn 0.2527 0.4448 -0.8592
vn 0.4143 0.3537 -0.8386
vn 0.2929 0.3242 -0.8995
vn 0.0810 0.4254 -0.9014
vn 0.5039 0.1713 -0.8466
vn 0.5005 0.1601 -0.8508
vn 0.3768 0.2342 -0.8962
vn 0.1644 0.3699 -0.9144
vn 0.0601 0.4504 -0.8908
vn 0.0912 0.3751 -0.9225
vn 0.3079 0.3284 -0.8929
vn 0.0403 0.3728 -0.9270
vn 0.0402 0.4021 -0.9147
vn 0.4922 0.2510 -0.8335
vn 0.5113 0.2506 -0.8220
vn 0.4530 0.3825 -0.8053
vn 0.2936 0.3948 -0.8706
vn 0.1109 0.3830 -0.9171
vn 0.1314 0.2830 -0.9501
vn 0.0710 0.4257 -0.9021
vn 0.2986 0.3809 -0.8751
vn 0.3541 0.2529 -0.9004
vn 0.5455 0.2222 -0.8081
vn 0.5831 0.1710 -0.7942
vn 0.5640 0.1813 -0.8057
vn 0.1617 0.3839 -0.9091
vn 0.2635 0.3141 -0.9121
vn 0.4219 0.2411 -0.8740
vn 0.3121 0.2114 -0.9262
vn 0.4803 0.1701 -0.8605
vn -0.9390 0.2221 0.2625
vn -0.9553 0.0905 0.2816
vn -0.9478 0.3025 0.1008
vn -0.9510 0.2803 0.1302
vn -0.9628 0.2307 0.1404
vn -0.9825 0.1504 0.1103
vn -0.9336 0.3514 -0.0703
vn -0.9673 0.2519 -0.0302
vn -0.9852 0.1709 -0.0107
vn -0.8905 0.3801 -0.2501
vn -0.9325 0.3528 -0.0773
vn -0.9154 0.3217 -0.2421
vn -0.9155 0.3219 -0.2414
vn -0.9559 0.2314 -0.1811
vn -0.9773 0.1914 -0.0907
vn 0.4129 0.4935 -0.7655
vn 0.3520 0.4426 -0.8248
vn 0.2216 0.3325 -0.9167
vn 0.2440 0.2135 -0.9460
vn 0.3632 0.3127 -0.8777
vn 0.3530 0.1816 -0.9178
vn 0.4728 0.2817 -0.8349
vn 0.4532 0.4733 -0.7553
vn 0.4598 0.4598 -0.7597
vn 0.4529 0.4227 -0.7850
vn 0.5011 0.4109 -0.7616
vn 0.4707 0.3906 -0.7911
vn 0.5404 0.3803 -0.7505
vn 0.3813 0.3504 -0.8554
vn 0.4670 0.1929 -0.8629
vn 0.1330 0.5114 -0.8490
vn 0.4609 0.1002 -0.8817
vn 0.2825 0.3034 -0.9100
vn 0.4063 0.1321 -0.9041
vn 0.2475 0.2784 -0.9280
vn 0.4325 0.1710 -0.8852
vn 0.0924 0.3698 -0.9245
vn -0.0000 0.4753 -0.8798
vn -0.0201 0.4228 -0.9060
vn 0.3404 0.1302 -0.9312
vn 0.4091 0.0898 -0.9081
vn 0.4419 0.3314 -0.8336
vn 0.2248 0.3986 -0.8891
vn 0.1327 0.5615 -0.8168
vn 0.1622 0.5474 -0.8210
vn 0.1413 0.6258 -0.7671
vn 0.3839 0.4747 -0.7920
vn 0.0603 0.5629 -0.8243
vn 0.2850 0.4887 -0.8246
vn 0.5060 0.4148 -0.7562
vn 0.5188 0.4099 -0.7502
vn 0.5756 0.2449 -0.7802
vn 0.5872 0.2408 -0.7728
vn 0.5854 0.2494 -0.7714
vn 0.6644 0.0519 -0.7456
vn 0.1626 0.4575 -0.8742
vn 0.3476 0.3270 -0.8788
vn 0.4782 0.1526 -0.8649
vn 0.6591 0.0507 -0.7504
vn 0.2141 0.3058 -0.9277
vn -0.9496 -0.0101 0.3132
vn -0.9361 -0.0805 0.3423
vn -0.8927 -0.1304 0.4313
vn -0.9839 0.1104 0.1406
vn -0.9809 0.0399 0.1902
vn -0.9675 -0.0202 0.2520
vn -0.9532 -0.0301 0.3010
vn -0.9884 0.1398 0.0599
vn -0.9918 0.0902 0.0902
vn -0.9851 0.0603 0.1609
vn -0.9640 0.0502 0.2611
vn -0.9851 0.1709 -0.0201
vn -0.9853 0.1508 0.0804
vn -0.9797 0.1313 0.1515
vn 0.5197 0.4098 -0.7496
vn 0.4246 0.4448 -0.7886
vn 0.0916 0.3663 -0.9260
vn 0.1651 0.2270 -0.9598
vn 0.1930 0.4266 -0.8836
vn 0.2525 0.2323 -0.9393
vn 0.3154 0.0712 -0.9463
vn 0.4547 0.0505 -0.8892
vn 0.5490 0.1697 -0.8185
vn 0.5242 0.2419 -0.8165
vn 0.4687 0.4188 -0.7778
vn 0.3222 0.3826 -0.8659
vn 0.4522 0.3416 -0.8239
vn 0.3923 0.2112 -0.8953
vn 0.5403 0.3602 -0.7604
vn 0.7166 0.0747 -0.6935
vn 0.6656 -0.0101 -0.7463
vn 0.5762 0.1543 -0.8026
vn 0.3843 0.3844 -0.8394
vn 0.4002 0.2464 -0.8827
vn 0.5523 -0.0201 -0.8334
vn 0.5752 -0.0303 -0.8174
vn 0.4944 -0.0504 -0.8677
vn 0.4376 0.0814 -0.8955
vn 0.3087 0.2161 -0.9263
vn 0.4372 0.0915 -0.8947
vn 0.2524 0.3331 -0.9085
vn 0.3631 0.3629 -0.8582
vn 0.3355 0.1118 -0.9354
vn 0.4227 -0.0302 -0.9058
vn 0.4618 -0.0803 -0.8834
vn 0.4911 0.3968 -0.7755
vn 0.5036 0.3961 -0.7678
vn 0.5369 0.3044 -0.7868
vn 0.5427 0.3015 -0.7839
vn 0.6374 0.3358 -0.6936
vn 0.5488 0.2997 -0.7804
vn 0.5034 0.3922 -0.7699
vn -0.7816 -0.2505 0.5712
vn -0.7035 -0.3417 0.6231
vn -0.9231 -0.1003 0.3713
vn -0.8521 -0.1805 0.4912
vn -0.7864 -0.2722 0.5545
vn -0.6819 -0.4011 0.6116
vn -0.9390 -0.0202 0.3433
vn -0.9016 -0.1002 0.4208
vn -0.8513 -0.2103 0.4807
vn -0.7616 -0.3407 0.5512
vn -0.8310 -0.2803 0.4806
vn -0.9829 0.0702 0.1705
vn -0.9614 0.0501 0.2704
vn -0.9652 -0.0100 0.2614
vn -0.9311 -0.1214 0.3441
vn 0.5464 0.3542 -0.7589
vn 0.5749 0.4135 -0.7060
vn 0.5389 0.4990 -0.6786
vn 0.2213 0.3622 -0.9054
vn 0.3891 0.3163 -0.8652
vn 0.5293 0.2129 -0.8213
vn 0.4073 0.3462 -0.8451
vn 0.2105 0.3509 -0.9124
vn 0.4522 0.4924 -0.7437
vn 0.2622 0.4235 -0.8671
vn 0.2506 0.3509 -0.9023
vn 0.3914 0.4315 -0.8128
vn 0.3338 0.3135 -0.8890
vn 0.5401 0.2235 -0.8114
vn 0.4738 0.2419 -0.8468
vn 0.3387 0.3088 -0.8888
vn 0.6516 0.1448 -0.7447
vn 0.5525 0.2172 -0.8047
vn 0.5185 0.4929 -0.6987
vn 0.5141 0.3427 -0.7863
vn 0.5802 0.3802 -0.7203
vn 0.6849 0.1349 -0.7160
vn 0.3698 0.3610 -0.8561
vn 0.7773 0.0319 -0.6283
vn 0.9564 -0.2020 -0.2107
vn 0.8508 -0.0830 -0.5188
vn 0.9597 -0.2693 -0.0801
vn 0.8966 -0.1732 -0.4075
vn 0.4026 0.3138 -0.8599
vn 0.5409 0.2069 -0.8152
vn 0.8151 0.0805 -0.5736
vn 0.8838 -0.0203 -0.4673
vn -0.7407 -0.3704 0.5605
vn -0.6527 -0.4318 0.6226
vn -0.6612 -0.4207 0.6211
vn -0.7964 -0.3285 0.5077
vn -0.7493 -0.3696 0.5495
vn -0.7007 -0.4004 0.5906
vn -0.5821 -0.4717 0.6623
vn -0.5501 -0.4705 0.6900
vn -0.4938 -0.4636 0.7357
vn -0.6096 -0.4397 0.6596
vn -0.5816 -0.4111 0.7019
vn -0.6287 -0.4291 0.6486
vn -0.6491 -0.3796 0.6593
vn -0.6813 -0.3707 0.6312
vn -0.4420 -0.5022 0.7433
vn 0.8956 -0.4270 0.1250
vn 0.7270 0.0415 -0.6854
vn 0.5517 0.0502 -0.8325
vn 0.7358 -0.0613 -0.6744
vn 0.6220 0.0301 -0.7824
vn 0.8067 -0.1021 -0.5821
vn 0.7213 -0.0508 -0.6908
vn 0.8812 -0.3246 -0.3436
vn 0.8465 -0.1530 -0.5099
vn 0.6214 0.2205 -0.7518
vn 0.5256 0.1415 -0.8389
vn 0.6220 0.0301 -0.7825
vn 0.6762 0.1211 -0.7267
vn 0.6808 0.0501 -0.7308
vn 0.7092 0.0899 -0.6992
vn 0.6807 0.0501 -0.7308
vn 0.7020 0.0100 -0.7121
vn 0.9526 -0.1639 -0.2561
vn 0.9223 -0.3848 0.0356
vn 0.8912 -0.2998 0.3404
vn 0.9918 -0.1234 -0.0337
vn 0.9548 -0.1606 -0.2501
vn 0.9718 -0.2275 -0.0620
vn 0.9342 -0.0603 -0.3516
vn 0.9912 -0.1229 -0.0488
vn 0.9716 -0.2265 -0.0692
vn 0.9508 -0.1725 -0.2572
vn 0.9367 -0.0611 -0.3448
vn 0.8858 -0.3268 -0.3295
vn 0.9479 -0.1696 -0.2696
vn -0.5270 -0.4077 0.7457
vn -0.4817 -0.4315 0.7627
vn -0.4917 -0.4014 0.7727
vn -0.5910 -0.3807 0.7112
vn -0.5490 -0.4093 0.7287
vn -0.5010 -0.4109 0.7617
vn -0.6721 -0.3511 0.6520
vn -0.6438 -0.3622 0.6740
vn -0.5970 -0.3980 0.6965
vn -0.5713 -0.3909 0.7217
vn -0.4490 -0.4390 0.7783
vn -0.4313 -0.4314 0.7924
vn -0.3898 -0.4198 0.8196
vn -0.4332 -0.4231 0.7958
vn -0.4197 -0.4297 0.7995
vn 0.8263 -0.4811 0.2929
vn 0.8501 -0.5121 0.1229
vn 0.7460 -0.5141 0.4234
vn 0.6959 -0.6038 0.3889
vn 0.8812 -0.4726 -0.0128
vn 0.5627 -0.5462 -0.6205
vn 0.8637 -0.4697 0.1829
vn 0.4198 -0.1799 -0.8896
vn 0.9221 -0.3383 -0.1877
vn 0.9388 -0.3443 0.0105
vn 0.5303 -0.4362 0.7270
vn 0.7856 -0.5132 0.3457
vn 0.8830 -0.4621 0.0822
vn -0.0734 -0.1469 0.9864
vn 0.4368 -0.4023 0.8046
vn 0.5317 -0.4336 0.7275
vn 0.1512 -0.0403 0.9877
vn 0.8405 -0.4831 0.2452
vn 0.4420 -0.4071 0.7993
vn 0.9206 -0.3349 -0.2007
vn 0.9473 -0.1310 -0.2923
vn 0.9398 -0.3417 0.0037
vn 0.9583 -0.2345 -0.1631
vn 0.9496 -0.1284 -0.2859
vn 0.8625 -0.4514 -0.2288
vn 0.8552 -0.4310 -0.2877
vn 0.8414 -0.4855 0.2373
vn 0.7987 -0.5362 -0.2731
vn 0.8601 -0.4484 -0.2430
vn 0.8099 -0.0512 -0.5843
vn 0.6606 0.0100 -0.7507
vn 0.8472 -0.1779 -0.5007
vn 0.7035 -0.2310 -0.6721
vn 0.9579 -0.2313 -0.1700
vn 0.8501 -0.4316 -0.3017
vn 0.7741 -0.2581 -0.5780
vn 0.8458 -0.3873 -0.3669
vn -0.5598 -0.3301 0.7600
vn -0.4723 -0.3617 0.8038
vn -0.4911 -0.3407 0.8017
vn -0.4216 -0.4015 0.8130
vn -0.4315 -0.3914 0.8128
vn -0.4404 -0.3403 0.8308
vn -0.4389 -0.3491 0.8279
vn -0.4608 -0.3105 0.8314
vn -0.4411 -0.3107 0.8420
vn -0.4993 -0.3795 0.7789
vn -0.4506 -0.3505 0.8211
vn -0.4827 -0.3218 0.8145
vn -0.4308 -0.3506 0.8315
vn -0.4128 -0.3121 0.8557
vn -0.3509 -0.3408 0.8722
vn -0.3805 -0.3104 0.8711
vn -0.4480 -0.2887 0.8462
vn 0.9036 -0.0377 -0.4267
vn 0.6647 0.3784 -0.6442
vn 0.7325 0.0193 -0.6805
vn 0.5577 -0.6409 0.5274
vn 0.4403 -0.5206 0.7315
vn 0.6607 -0.5199 0.5415
vn 0.6265 -0.6158 0.4778
vn 0.7219 -0.6600 0.2082
vn 0.3865 -0.6133 0.6888
vn 0.3926 -0.6141 0.6846
vn 0.4412 -0.5716 0.6919
vn 0.3877 -0.5222 0.7596
vn 0.4607 -0.5809 0.6710
vn 0.4543 -0.5830 0.6736
vn 0.4362 -0.5264 0.7298
vn 0.3804 -0.5281 0.7592
vn 0.5513 0.2305 -0.8019
vn 0.9220 -0.3860 0.0311
vn 0.5443 -0.7248 0.4223
vn 0.7953 -0.5122 0.3242
vn 0.6911 -0.6403 0.3354
vn 0.6255 -0.5952 0.5044
vn 0.6481 -0.5967 0.4732
vn 0.6312 -0.6813 0.3707
vn 0.9015 -0.0330 -0.4316
vn 0.8384 -0.5104 0.1910
vn 0.7404 -0.6567 0.1435
vn 0.2490 -0.9080 0.3369
vn -0.0068 -0.5200 0.8542
vn 0.0029 -0.5163 0.8564
vn 0.8651 -0.3475 -0.3617
vn 0.8639 -0.3496 -0.3625
vn 0.2412 -0.9100 0.3371
vn 0.0071 -0.5206 0.8537
vn -0.5760 -0.5266 0.6253
vn 0.7696 -0.6264 -0.1235
vn 0.8000 -0.5378 -0.2661
vn 0.7408 -0.6593 0.1286
vn -0.5581 0.3389 0.7574
vn 0.5871 -0.5724 0.5725
vn -0.5756 -0.5275 0.6249
vn 0.5909 -0.5745 0.5664
vn 0.6617 -0.7352 0.1470
vn -0.5817 -0.5228 0.6231
vn 0.6616 -0.7353 0.1471
vn 0.7132 -0.5909 0.3770
vn 0.6881 -0.5566 0.4655
vn 0.7701 -0.6245 -0.1302
vn 0.9009 -0.4041 -0.1584
vn 0.8490 -0.3863 -0.3604
vn 0.8922 -0.4476 0.0604
vn 0.9283 -0.3662 -0.0642
vn 0.8025 -0.5028 0.3213
vn -0.4504 -0.3003 0.8408
vn -0.4818 -0.3010 0.8229
vn -0.4792 -0.2895 0.8286
vn -0.4492 -0.2796 0.8485
vn -0.4601 -0.2200 0.8602
vn -0.4528 -0.2516 0.8554
vn -0.4391 -0.1896 0.8782
vn -0.4116 -0.1807 0.8933
vn -0.3087 -0.3187 0.8962
vn -0.4410 -0.3107 0.8420
vn -0.4197 -0.3198 0.8494
vn -0.3414 -0.3212 0.8833
vn -0.3817 -0.3013 0.8738
vn -0.2804 -0.3304 0.9012
vn -0.3413 -0.3212 0.8834
vn -0.4306 -0.2704 0.8611
vn -0.4331 -0.2820 0.8561
vn -0.4212 -0.2808 0.8624
vn -0.4321 -0.2211 0.8743
vn -0.3693 -0.2397 0.8979
vn -0.3203 -0.2602 0.9109
vn -0.3403 -0.2702 0.9007
vn -0.3402 -0.2702 0.9007
vn -0.2497 -0.3596 0.8991
vn -0.2095 -0.4091 0.8881
vn -0.2209 -0.3413 0.9136
vn -0.1306 -0.3818 0.9150
vn -0.2209 -0.3416 0.9135
vn -0.1307 -0.3820 0.9149
vn -0.0703 -0.4421 0.8942
vn 0.1224 -0.5001 0.8573
vn -0.1699 -0.3796 0.9094
vn -0.0501 -0.4305 0.9012
vn -0.0500 -0.4306 0.9012
vn 0.0813 -0.4978 0.8635
vn 0.1103 -0.5114 0.8523
vn 0.3162 -0.5828 0.7486
vn 0.3236 -0.5845 0.7441
vn 0.3306 -0.6309 0.7019
vn 0.2300 -0.5397 0.8098
vn 0.3307 -0.6313 0.7015
vn 0.2329 -0.5672 0.7900
vn 0.2521 -0.5345 0.8067
vn 0.4015 -0.6324 0.6625
vn 0.2585 -0.5355 0.8040
vn 0.3620 -0.6335 0.6838
vn 0.3690 -0.6328 0.6807
vn 0.3511 -0.6621 0.6621
vn 0.3026 -0.6052 0.7363
vn 0.3314 -0.6307 0.7017
vn 0.3497 -0.5401 0.7655
vn 0.4234 -0.5646 0.7085
vn 0.4297 -0.5529 0.7139
vn 0.2395 -0.5684 0.7871
vn 0.3625 -0.5387 0.7605
vn 0.4269 -0.5643 0.7066
vn 0.2867 -0.6405 0.7125
vn 0.2829 -0.6366 0.7174
vn 0.3650 -0.5070 0.7808
vn 0.3703 -0.5057 0.7792
vn 0.3104 -0.5443 0.7794
vn 0.4636 -0.4938 0.7357
vn 0.4430 -0.5135 0.7349
vn 0.4430 -0.5135 0.7350
vn 0.2722 -0.5544 0.7865
vn 0.4207 -0.5581 0.7152
vn 0.3320 -0.6363 0.6964
vn 0.3705 -0.6208 0.6909
vn 0.2805 -0.5711 0.7715
vn 0.3649 -0.6193 0.6952
vn 0.2874 -0.5696 0.7700
vn 0.4505 -0.8842 0.1233
vn 0.3828 -0.6449 0.6615
vn 0.4483 -0.8853 0.1234
vn 0.4858 -0.8687 -0.0965
vn 0.4489 -0.8829 0.1381
vn 0.3883 -0.6397 0.6633
vn 0.2809 -0.8357 -0.4719
vn 0.6350 0.4685 0.6142
vn 0.3917 -0.6390 0.6620
vn 0.7169 -0.2164 0.6628
vn 0.4796 -0.8720 -0.0981
vn 0.5395 -0.7272 0.4244
vn 0.8669 -0.1991 0.4569
vn 0.3241 -0.5410 0.7760
vn 0.4961 -0.5472 0.6741
vn 0.3093 -0.6027 0.7356
vn 0.4844 -0.5555 0.6759
vn 0.4967 -0.5502 0.6712
vn 0.5237 -0.7023 0.4822
vn 0.3959 -0.6416 0.6569
vn 0.5145 -0.7119 0.4781
vn 0.7190 -0.2095 0.6627
vn 0.3869 -0.6501 0.6540
vn 0.5251 -0.7074 0.4732
vn 0.5636 -0.5841 0.5841
vn -0.2114 -0.3121 0.9262
vn -0.3204 -0.2606 0.9107
vn -0.2603 -0.3204 0.9108
vn -0.3692 -0.2395 0.8980
vn -0.1808 -0.3620 0.9145
vn -0.1809 -0.3618 0.9145
vn -0.2559 -0.3260 0.9101
vn -0.0878 -0.3857 0.9184
vn -0.4007 -0.2104 0.8917
vn -0.3597 -0.1599 0.9193
vn -0.2995 -0.2196 0.9285
vn -0.2113 -0.2910 0.9331
vn -0.2108 -0.2910 0.9332
vn -0.0809 -0.3841 0.9198
vn -0.3101 -0.1995 0.9295
vn -0.2318 -0.2217 0.9472
vn -0.1409 -0.2918 0.9460
vn -0.0304 -0.3343 0.9420
vn -0.0809 -0.3840 0.9198
vn -0.1409 -0.2919 0.9460
vn -0.1699 -0.3797 0.9094
vn -0.2804 -0.3305 0.9012
vn -0.1180 -0.3819 0.9166
vn -0.1109 -0.3830 0.9171
vn -0.0501 -0.4306 0.9012
vn -0.1058 -0.3880 0.9156
vn 0.0402 -0.4428 0.8957
vn 0.0401 -0.4427 0.8958
vn 0.0501 -0.5212 0.8520
vn 0.1918 -0.5856 0.7876
vn -0.1109 -0.3829 0.9171
vn 0.2015 -0.5845 0.7860
vn -0.0600 -0.4101 0.9101
vn 0.0505 -0.4507 0.8912
vn 0.0403 -0.4428 0.8957
vn 0.0402 -0.4429 0.8957
vn 0.1808 -0.5222 0.8334
vn 0.1809 -0.5160 0.8373
vn 0.2599 -0.5698 0.7796
vn -0.0772 -0.3899 0.9176
vn 0.0302 -0.4630 0.8858
vn 0.0504 -0.4509 0.8911
vn 0.1612 -0.5240 0.8363
vn 0.2525 -0.5757 0.7777
vn 0.3150 -0.5728 0.7568
vn 0.1309 -0.4026 0.9060
vn 0.2532 -0.4963 0.8304
vn 0.2517 -0.4903 0.8344
vn 0.3414 -0.5623 0.7531
vn 0.4198 -0.5398 0.7297
vn 0.3337 -0.5460 0.7685
vn 0.4183 -0.5612 0.7142
vn 0.2633 -0.6076 0.7494
vn 0.6407 -0.5583 0.5271
vn 0.3502 -0.5604 0.7505
vn 0.4193 -0.5333 0.7347
vn 0.4154 -0.5366 0.7345
vn 0.4221 -0.5326 0.7336
vn 0.3505 -0.5607 0.7502
vn 0.3217 -0.5729 0.7538
vn 0.3406 -0.5910 0.7312
vn -0.1714 -0.3024 0.9376
vn -0.0798 -0.3391 0.9374
vn 0.0402 -0.4021 0.9147
vn -0.0795 -0.3388 0.9375
vn -0.1667 -0.3079 0.9367
vn -0.0301 -0.3608 0.9321
vn 0.2209 -0.4719 0.8535
vn 0.2854 0.4689 -0.8359
vn -0.2017 0.5245 -0.8271
vn 0.0201 0.5218 -0.8529
vn -0.4129 0.5237 -0.7452
vn -0.5138 0.5541 -0.6549
vn -0.6415 0.5474 -0.5374
vn -0.5704 0.6005 -0.5604
vn -0.5176 0.5571 -0.6495
vn -0.6718 0.5715 -0.4713
vn -0.3308 0.5710 -0.7513
vn -0.4313 0.6121 -0.6629
vn -0.5686 0.5967 -0.5663
vn -0.6003 0.5803 -0.5503
vn -0.4802 0.6302 -0.6102
vn -0.4317 0.6124 -0.6622
vn -0.3306 0.5711 -0.7514
vn -0.2510 0.6324 -0.7328
vn -0.4316 0.6123 -0.6625
vn -0.3511 0.6520 -0.6720
vn -0.4801 0.6302 -0.6102
vn -0.2496 0.6489 -0.7188
vn -0.4064 0.5251 -0.7477
vn 0.2862 0.5315 -0.7973
vn 0.5658 0.4850 -0.6668
vn 0.5434 0.5132 -0.6643
vn -0.1212 0.5760 -0.8084
vn 0.0201 0.5934 -0.8046
vn 0.2649 0.6011 -0.7540
vn 0.5110 0.5611 -0.6512
vn -0.1199 0.6395 -0.7594
vn -0.0101 0.6656 -0.7463
vn 0.4319 0.6327 -0.6428
vn -0.1399 0.6696 -0.7295
vn 0.2214 0.6743 -0.7045
vn 0.4032 0.6955 -0.5947
vn -0.1606 0.6724 -0.7226
vn -0.0200 0.7019 -0.7120
vn 0.1203 0.7119 -0.6919
vn 0.2919 0.7248 -0.6241
vn 0.5319 0.6422 -0.5519
vn 0.4492 0.6887 -0.5691
vn 0.5209 0.6912 -0.5009
vn 0.4520 0.7232 -0.5223
vn 0.0905 0.4930 -0.8653
vn -0.8089 0.4449 -0.3843
vn -0.8130 0.4394 -0.3820
vn -0.9153 0.3219 -0.2419
vn -0.8904 0.3790 -0.2519
vn -0.8937 0.3173 -0.3172
vn -0.9154 0.3220 -0.2415
vn -0.8127 0.4432 -0.3783
vn -0.8942 0.3114 -0.3215
vn -0.9259 0.2516 -0.2818
vn -0.8140 0.3518 -0.4623
vn -0.8942 0.3115 -0.3215
vn -0.8089 0.4449 -0.3842
vn -0.8645 0.3016 -0.4021
vn -0.8282 0.3133 -0.4646
vn -0.7912 0.3205 -0.5208
vn -0.7121 0.4914 -0.5015
vn -0.6718 0.5715 -0.4712
vn -0.5117 0.5819 -0.6321
vn -0.7240 0.4122 -0.5531
vn -0.6309 0.4907 -0.6009
vn -0.3508 0.6314 -0.6916
vn -0.6791 0.4095 -0.6092
vn -0.5227 0.5227 -0.6735
vn -0.7632 0.3515 -0.5423
vn 0.3532 0.6863 -0.6358
vn 0.4907 0.6910 -0.5308
vn 0.3417 0.7035 -0.6231
vn 0.4061 0.7310 -0.5483
vn 0.5022 0.7433 -0.4420
vn 0.4888 0.7481 -0.4488
vn 0.3832 0.7461 -0.5445
vn 0.4419 0.7433 -0.5022
vn 0.4910 0.7514 -0.4408
vn 0.5103 0.7504 -0.4202
vn 0.1909 0.6633 -0.7236
vn 0.1408 0.5630 -0.8144
vn 0.2506 0.5113 -0.8221
vn 0.2701 0.5202 -0.8102
vn 0.4022 0.4725 -0.7842
vn 0.2613 0.6030 -0.7537
vn 0.3733 0.6458 -0.6660
vn 0.3909 0.5713 -0.7217
vn 0.4924 0.5125 -0.7035
vn 0.4632 0.7150 -0.5236
vn 0.4209 0.6414 -0.6414
vn 0.4871 0.6800 -0.5480
vn 0.5455 0.6364 -0.5455
vn 0.4800 0.6000 -0.6400
vn 0.5098 0.7574 -0.4079
vn 0.5632 0.7041 -0.4325
vn 0.4915 0.4212 -0.7623
vn -0.9499 0.2400 -0.2000
vn -0.9549 0.2613 -0.1407
vn -0.9691 0.2411 -0.0522
vn -0.9752 0.2212 -0.0000
vn -0.9875 0.1496 0.0499
vn -0.8969 0.3024 -0.3227
vn -0.9221 0.3107 -0.2306
vn -0.9331 0.3110 -0.1806
vn -0.9670 0.2418 -0.0806
vn -0.8286 0.3594 -0.4292
vn -0.8283 0.3131 -0.4646
vn -0.8286 0.3594 -0.4293
vn -0.8605 0.3602 -0.3602
vn -0.9061 0.3323 -0.2618
vn -0.7789 0.3795 -0.4993
vn -0.7880 0.3990 -0.4688
vn -0.8131 0.4116 -0.4116
vn -0.8771 0.3730 -0.3025
vn 0.6102 0.5502 -0.5701
vn 0.6198 0.6499 -0.4400
vn 0.6692 0.5992 -0.4394
vn 0.4897 0.4098 -0.7696
vn 0.5500 0.4400 -0.7099
vn 0.5540 0.4734 -0.6849
vn 0.4893 0.4294 -0.7590
vn 0.5618 0.5217 -0.6421
vn 0.5426 0.5024 -0.6732
vn 0.5027 0.4725 -0.7239
vn 0.6546 0.5639 -0.5035
vn 0.6321 0.5819 -0.5117
vn 0.5904 0.5503 -0.5904
vn 0.6775 0.5978 -0.4285
vn 0.6624 0.6123 -0.4316
vn 0.5097 0.4397 -0.7395
vn -0.9885 0.1211 0.0908
vn -0.9877 0.0403 0.1512
vn -0.9851 -0.0201 0.1709
vn -0.9661 -0.0906 0.2416
vn -0.9885 0.1513 -0.0000
vn -0.9941 0.1004 0.0401
vn -0.9919 0.0401 0.1202
vn -0.9805 -0.0404 0.1921
vn -0.9608 0.2434 -0.1328
vn -0.9880 0.1512 -0.0303
vn -0.9934 0.1104 0.0301
vn -0.9941 0.0401 0.1003
vn -0.9560 0.2516 -0.1510
vn -0.9800 0.1818 -0.0808
vn -0.9927 0.1203 -0.0000
vn 0.5435 0.5133 -0.6642
vn 0.6458 0.5348 -0.5449
vn 0.6401 0.6299 -0.4399
vn 0.6824 0.5118 -0.5219
vn 0.6877 0.5083 -0.5183
vn 0.5840 0.4028 -0.7048
vn 0.5504 0.4698 -0.6902
vn 0.5398 0.5098 -0.6698
vn 0.5308 0.4907 -0.6910
vn 0.5602 0.5002 -0.6603
vn 0.5608 0.4406 -0.7010
vn 0.6029 0.5225 -0.6029
vn 0.6018 0.4614 -0.6519
vn 0.6603 0.5001 -0.5602
vn -0.8988 -0.2121 0.3837
vn -0.8119 -0.3308 0.4811
vn -0.7434 -0.3617 0.5626
vn -0.9646 -0.0804 0.2512
vn -0.9167 -0.2216 0.3325
vn -0.8440 -0.3314 0.4218
vn -0.9831 -0.0303 0.1804
vn -0.9663 -0.1309 0.2215
vn -0.9232 -0.2509 0.2910
vn -0.8709 -0.2703 0.4104
vn -0.9946 0.0502 0.0904
vn -0.9839 -0.1104 0.1406
vn -0.9597 -0.1717 0.2222
vn 0.6187 0.3393 -0.7086
vn 0.5906 0.4004 -0.7007
vn 0.6516 0.3710 -0.6616
vn 0.6742 0.2516 -0.6944
vn 0.7121 0.2607 -0.6519
vn 0.7295 0.2898 -0.6196
vn 0.7689 0.1598 -0.6191
vn 0.6826 0.4417 -0.5822
vn 0.6990 0.4194 -0.5792
vn 0.7542 0.2815 -0.5933
vn 0.6484 0.2793 -0.7082
vn 0.6905 0.1801 -0.7005
vn 0.6852 0.1814 -0.7054
vn 0.6992 0.0899 -0.7092
vn 0.7460 0.0303 -0.6653
vn 0.7460 0.0302 -0.6653
vn 0.7377 0.1492 -0.6584
vn 0.7877 0.0997 -0.6079
vn -0.7038 -0.3217 0.6334
vn -0.7945 -0.2715 0.5431
vn -0.7407 -0.2803 0.6106
vn -0.6918 -0.3108 0.6517
vn -0.6721 -0.3109 0.6720
vn -0.8018 -0.2305 0.5513
vn -0.7537 -0.2614 0.6030
vn -0.9242 -0.1708 0.3416
vn -0.8641 -0.2210 0.4521
vn -0.8828 -0.1605 0.4414
vn -0.8329 -0.2107 0.5118
vn -0.8009 -0.2102 0.5606
vn -0.6312 -0.3707 0.6813
vn -0.6082 -0.3390 0.7178
vn 0.7999 0.1100 -0.5899
vn 0.7949 0.0604 -0.6037
vn 0.8411 0.0100 -0.5407
vn 0.8336 0.0101 -0.5524
vn 0.8559 -0.0604 -0.5136
vn 0.8405 -0.0400 -0.5403
vn 0.8591 -0.0809 -0.5054
vn 0.6653 -0.0302 -0.7459
vn 0.7905 -0.0500 -0.6104
vn 0.8035 -0.1729 -0.5696
vn 0.8743 -0.2211 -0.4321
vn 0.8127 -0.0301 -0.5819
vn 0.7906 -0.0498 -0.6102
vn 0.8321 -0.0601 -0.5514
vn 0.8325 -0.0501 -0.5517
vn 0.8326 -0.0507 -0.5515
vn 0.8332 -0.1506 -0.5320
vn 0.8207 0.0300 -0.5705
vn -0.6844 -0.2516 0.6844
vn -0.7457 -0.2318 0.6247
vn -0.7397 -0.2099 0.6394
vn -0.6707 -0.2703 0.6907
vn -0.7041 -0.1911 0.6839
vn -0.6489 -0.2496 0.7188
vn -0.6524 -0.1506 0.7428
vn -0.5739 -0.2920 0.7651
vn -0.5593 -0.3096 0.7690
vn -0.5488 -0.3293 0.7683
vn -0.5217 -0.3614 0.7728
vn -0.5219 -0.3613 0.7727
vn -0.6185 -0.2693 0.7382
vn -0.6241 -0.2919 0.7248
vn -0.5924 -0.3113 0.7431
vn -0.5305 -0.3303 0.7807
vn -0.5026 -0.3418 0.7941
vn -0.5614 -0.2707 0.7820
vn -0.5514 -0.1905 0.8122
vn 0.8246 -0.4906 0.2818
vn 0.8037 -0.5525 0.2210
vn 0.8607 -0.3893 -0.3279
vn 0.8996 -0.1533 -0.4089
vn 0.7999 -0.5025 -0.3282
vn 0.8564 -0.0835 -0.5096
vn 0.8687 -0.0202 -0.4949
vn 0.8254 0.0191 -0.5643
vn 0.8775 0.0102 -0.4795
vn 0.8294 0.0999 -0.5496
vn 0.8843 -0.0617 -0.4627
vn 0.9295 -0.1999 -0.3099
vn 0.9009 -0.3989 -0.1711
vn 0.8918 -0.2533 -0.3749
vn 0.8943 -0.4451 0.0460
vn 0.9274 -0.3658 -0.0785
vn 0.9581 -0.2223 -0.1805
vn 0.8025 -0.5029 0.3210
vn 0.9353 -0.3533 0.0208
vn 0.9624 -0.2114 -0.1705
vn 0.9275 -0.0714 -0.3669
vn 0.9627 -0.0510 -0.2657
vn 0.9300 -0.0678 -0.3612
vn 0.9564 -0.1520 -0.2494
vn 0.9070 -0.4099 -0.0970
vn 0.9586 -0.0509 -0.2803
vn 0.9560 -0.1509 -0.2516
vn 0.9068 -0.4064 -0.1122
vn -0.5114 -0.2808 0.8122
vn -0.5199 -0.2999 0.7998
vn -0.5107 -0.2203 0.8311
vn -0.5013 -0.1504 0.8521
vn -0.5301 -0.2501 0.8102
vn -0.5095 -0.1398 0.8490
vn -0.5192 -0.0998 0.8488
vn -0.4724 -0.1106 0.8744
vn -0.5187 -0.1097 0.8479
vn -0.6018 -0.1003 0.7924
vn -0.5820 -0.1304 0.8027
vn -0.5490 -0.1098 0.8286
vn -0.5012 -0.2706 0.8219
vn -0.5186 -0.2493 0.8178
vn -0.5021 -0.1908 0.8435
vn -0.4593 -0.1298 0.8787
vn 0.5611 -0.5110 0.6513
vn 0.7663 -0.4856 0.4207
vn 0.5674 -0.6788 0.4661
vn 0.9057 -0.4220 -0.0412
vn 0.7915 -0.6016 -0.1076
vn 0.5417 -0.5501 0.6355
vn 0.7988 -0.5675 0.1997
vn 0.7110 -0.5461 0.4431
vn 0.5225 -0.4611 0.7172
vn 0.3494 -0.2296 0.9084
vn 0.5771 -0.5970 0.5572
vn 0.7897 -0.6013 -0.1212
vn 0.9046 -0.4235 -0.0482
vn 0.9647 -0.2258 -0.1356
vn 0.8643 -0.3860 -0.3226
vn 0.9203 -0.3862 -0.0621
vn 0.8574 -0.5062 0.0930
vn 0.7739 -0.6332 0.0100
vn 0.4094 -0.6350 0.6551
vn 0.8196 -0.4683 0.3300
vn 0.9641 -0.2202 -0.1484
vn 0.9354 -0.1118 -0.3355
vn 0.9226 -0.3797 -0.0682
vn 0.9179 -0.3919 -0.0619
vn 0.7090 -0.6880 -0.1547
vn 0.9227 -0.3818 0.0531
vn -0.5017 -0.0602 0.8629
vn -0.4696 -0.0799 0.8793
vn -0.4632 0.0201 0.8860
vn -0.4818 0.0702 0.8735
vn -0.4311 -0.0000 0.9023
vn -0.4504 0.0601 0.8908
vn -0.4226 0.0402 0.9054
vn -0.4190 0.0100 0.9079
vn -0.4107 0.0100 0.9117
vn -0.5291 0.0100 0.8485
vn -0.5006 0.0901 0.8610
vn -0.4811 0.0902 0.8720
vn -0.5108 0.1203 0.8513
vn -0.4414 0.1605 0.8828
vn -0.4621 0.0703 0.8840
vn -0.4219 -0.1507 0.8940
vn -0.4319 -0.1205 0.8939
vn -0.3724 -0.0604 0.9261
vn -0.3102 -0.0000 0.9507
vn -0.4022 -0.0302 0.9151
vn -0.3324 -0.1108 0.9366
vn -0.3599 -0.0800 0.9296
vn -0.4378 -0.0796 0.8955
vn -0.4107 -0.0201 0.9116
vn -0.3606 -0.0501 0.9314
vn -0.3098 -0.1999 0.9295
vn 0.2596 -0.4975 0.8277
vn 0.3032 -0.5356 0.7882
vn 0.2584 -0.5778 0.7741
vn 0.2837 -0.5573 0.7803
vn 0.2967 -0.5380 0.7890
vn 0.7386 -0.6218 0.2606
vn 0.8771 -0.4622 0.1304
vn 0.8862 0.0473 -0.4608
vn 0.3731 -0.5759 0.7274
vn 0.3804 -0.5737 0.7254
vn 0.7111 -0.5197 0.4735
vn 0.2907 -0.5561 0.7786
vn 0.2986 -0.6071 0.7364
vn 0.5231 -0.6010 0.6043
vn 0.5289 -0.6001 0.6001
vn 0.7774 -0.2597 -0.5729
vn 0.8891 0.0432 -0.4556
vn 0.7764 -0.2602 -0.5741
vn 0.3608 0.4410 -0.8218
vn 0.8615 0.1903 0.4708
vn 0.9317 -0.3594 0.0533
vn 0.6231 -0.4593 0.6331
vn 0.7982 -0.5984 0.0693
vn 0.7985 -0.5988 0.0624
vn 0.5400 -0.3400 -0.7700
vn 0.9317 -0.3594 0.0532
vn 0.2199 -0.6898 0.6898
vn 0.3990 -0.7036 0.5880
vn 0.5595 -0.7325 0.3878
vn 0.5295 -0.5795 0.6195
vn 0.6822 -0.6289 0.3730
vn 0.7221 -0.6803 0.1256
vn 0.7299 -0.6347 0.2539
vn -0.3224 0.2720 0.9067
vn -0.2004 0.2704 0.9416
vn -0.3009 0.3611 0.8827
vn -0.3707 0.3206 0.8717
vn -0.4122 0.3419 0.8445
vn -0.3928 0.4432 0.8058
vn -0.3507 0.4108 0.8416
vn -0.3116 0.3719 0.8744
vn -0.4493 0.4194 0.7888
vn -0.3707 0.3707 0.8516
vn -0.4734 0.3324 0.8158
vn -0.1909 0.1809 0.9648
vn -0.1803 0.0601 0.9818
vn -0.2720 0.1007 0.9570
vn -0.3900 0.0400 0.9199
vn -0.3525 0.1309 0.9266
vn -0.3516 0.0603 0.9342
vn -0.2602 0.2902 0.9209
vn -0.2706 0.2005 0.9416
vn -0.2617 0.1912 0.9460
vn -0.1807 0.2409 0.9536
vn -0.3837 0.2121 0.8988
vn -0.2503 -0.1802 0.9512
vn -0.2598 -0.1099 0.9594
vn -0.1568 -0.1320 0.9788
vn -0.1500 -0.1300 0.9801
vn -0.1104 -0.1406 0.9839
vn -0.3409 -0.1203 0.9324
vn -0.3011 0.0201 0.9534
vn -0.2517 -0.0503 0.9665
vn -0.2211 -0.0302 0.9748
vn -0.2307 -0.0201 0.9728
vn -0.2517 -0.0504 0.9665
vn -0.2713 -0.2311 0.9344
vn -0.1912 -0.2617 0.9460
vn -0.1310 -0.3226 0.9374
vn 0.0099 -0.3730 0.9278
vn 0.1409 -0.4225 0.8953
vn 0.0101 -0.3731 0.9277
vn -0.1407 -0.2212 0.9650
vn -0.0603 -0.2914 0.9547
vn -0.1262 -0.3278 0.9363
vn 0.0433 -0.3629 0.9308
vn 0.0501 -0.3605 0.9314
vn 0.2645 -0.4478 0.8541
vn 0.0171 -0.3744 0.9271
vn 0.0509 -0.3608 0.9313
vn 0.2584 -0.4450 0.8575
vn -0.0402 -0.2210 0.9744
vn 0.0700 -0.3304 0.9413
vn 0.0701 -0.3304 0.9412
vn 0.1717 -0.4243 0.8891
vn 0.1718 -0.4243 0.8891
vn 0.3499 -0.4573 0.8176
vn 0.3211 -0.5017 0.8032
vn 0.3212 -0.5019 0.8031
vn 0.3168 -0.5286 0.7876
vn 0.3121 -0.5035 0.8056
vn 0.3123 -0.5339 0.7858
vn 0.2996 -0.4894 0.8190
vn 0.3525 -0.5237 0.7755
vn 0.3121 -0.5343 0.7856
vn 0.3312 -0.5118 0.7927
vn 0.2905 -0.5574 0.7778
vn 0.3173 -0.5370 0.7816
vn 0.2768 -0.5578 0.7825
vn 0.3017 -0.5714 0.7632
vn 0.3514 -0.5423 0.7632
vn 0.3930 -0.5239 0.7557
vn 0.3515 -0.5423 0.7632
vn 0.2599 -0.5853 0.7680
vn 0.2461 -0.5885 0.7701
vn 0.3632 -0.4570 0.8120
vn 0.3940 -0.4751 0.7868
vn 0.2707 -0.4489 0.8516
vn 0.3892 -0.4800 0.7862
vn 0.3928 -0.4808 0.7840
vn 0.3329 -0.5043 0.7968
vn 0.3537 -0.5672 0.7438
vn 0.3262 -0.5059 0.7986
vn 0.3820 -0.4725 0.7942
vn 0.3879 -0.5213 0.7601
vn 0.3898 -0.4703 0.7918
vn 0.3950 -0.5166 0.7597
vn 0.5101 -0.6600 0.5515
vn 0.5269 -0.6000 0.6020
vn 0.5369 -0.5995 0.5936
vn 0.8684 -0.4810 -0.1203
vn 0.5147 -0.6658 0.5402
vn 0.3183 -0.5052 0.8021
vn 0.3949 -0.4362 0.8086
vn 0.4204 -0.4731 0.7742
vn 0.3864 -0.4282 0.8169
vn 0.4254 -0.4760 0.7697
vn 0.8069 -0.5837 -0.0910
vn 0.3914 -0.4315 0.8128
vn 0.6637 -0.7479 0.0067
vn 0.6442 -0.5584 0.5226
vn 0.3138 -0.5755 0.7552
vn 0.5051 -0.4647 -0.7273
vn 0.8073 -0.5852 -0.0760
vn 0.6636 -0.7478 0.0216
vn 0.6498 -0.5570 0.5172
vn 0.7501 0.6610 0.0202
vn 0.8369 -0.0531 0.5447
vn 0.9327 -0.0477 -0.3574
vn 0.3670 -0.5654 0.7387
vn 0.5939 -0.5536 0.5838
vn 0.7070 -0.6934 0.1388
vn 0.5190 -0.6561 0.5479
vn 0.9387 -0.0479 -0.3413
vn 0.4854 -0.0324 -0.8737
vn 0.7502 0.6611 0.0127
vn 0.7070 -0.6949 0.1318
vn -0.4115 0.1807 0.8933
vn -0.4749 0.2324 0.8488
vn -0.5339 0.2216 0.8160
vn -0.4581 0.1494 0.8763
vn -0.4717 0.1806 0.8631
vn -0.4009 0.1603 0.9020
vn -0.3530 0.1815 0.9178
vn -0.2413 0.1709 0.9553
vn -0.2606 0.0802 0.9621
vn -0.3404 0.1302 0.9312
vn -0.2415 0.0906 0.9662
vn -0.3211 0.1606 0.9333
vn -0.3195 0.1298 0.9386
vn -0.2402 0.1401 0.9606
vn -0.1695 0.1296 0.9770
vn -0.2303 0.0601 0.9713
vn -0.1701 0.1701 0.9706
vn -0.1098 0.1098 0.9879
vn -0.2011 0.0905 0.9754
vn -0.1199 0.0899 0.9887
vn -0.0403 0.0504 0.9979
vn -0.1104 -0.0201 0.9937
vn -0.2000 0.0100 0.9798
vn -0.0300 -0.0100 0.9995
vn -0.0705 -0.0201 0.9973
vn -0.1708 0.0302 0.9848
vn -0.0201 -0.1104 0.9937
vn 0.0100 -0.1104 0.9938
vn -0.1203 0.0201 0.9925
vn -0.1312 -0.0706 0.9888
vn -0.1304 -0.1304 0.9829
vn -0.0202 -0.2115 0.9772
vn -0.0404 -0.0101 0.9991
vn -0.0503 -0.0804 0.9955
vn -0.0301 -0.1806 0.9831
vn 0.0399 -0.0499 0.9980
vn 0.0400 -0.1902 0.9809
vn 0.0401 -0.1901 0.9809
vn 0.0903 -0.1605 0.9829
vn 0.0910 -0.2629 0.9605
vn 0.1321 -0.2728 0.9530
vn 0.0601 -0.2703 0.9609
vn 0.2101 -0.3301 0.9203
vn 0.2514 -0.3922 0.8849
vn 0.3725 -0.4430 0.8155
vn 0.3500 -0.4616 0.8151
vn 0.3609 -0.4211 0.8321
vn 0.1603 -0.2606 0.9521
vn 0.1604 -0.2606 0.9520
vn 0.3394 -0.3918 0.8552
vn 0.3025 -0.3730 0.8771
vn 0.1672 -0.2621 0.9504
vn 0.1374 -0.2781 0.9507
vn 0.1575 -0.2543 0.9542
vn 0.2977 -0.3688 0.8805
vn 0.3397 -0.3916 0.8552
vn 0.4215 -0.5019 0.7553
vn 0.3663 -0.4239 0.8283
vn 0.3497 -0.3989 0.8477
vn 0.3544 -0.4676 0.8098
vn 0.4225 -0.5030 0.7540
vn 0.4067 -0.4820 0.7761
vn 0.4649 -0.4993 0.7311
vn 0.4575 -0.4938 0.7395
vn 0.4510 -0.4309 0.7816
vn 0.3086 -0.3748 0.8742
vn 0.4114 -0.4773 0.7765
vn 0.4696 -0.4942 0.7316
vn 0.5066 -0.4450 0.7384
vn 0.5022 -0.4419 0.7433
vn 0.3989 -0.4754 0.7842
vn 0.2276 -0.2483 0.9416
vn 0.3482 -0.4575 0.8182
vn 0.5021 -0.4421 0.7433
vn 0.2521 -0.3960 0.8829
vn 0.4111 -0.4720 0.7798
vn 0.2381 -0.3930 0.8882
vn 0.2502 -0.3878 0.8871
vn 0.4111 -0.4512 0.7921
vn 0.4146 -0.4534 0.7890
vn 0.4109 -0.5011 0.7616
vn 0.4065 -0.4477 0.7964
vn 0.4148 -0.4350 0.7992
vn 0.3789 -0.4400 0.8142
vn 0.4923 -0.5368 0.6851
vn 0.4107 -0.5015 0.7615
vn 0.5041 -0.5371 0.6763
vn 0.8005 -0.5992 -0.0075
vn 0.4016 -0.5142 0.7578
vn 0.8015 -0.5980 -0.0068
vn 0.8000 -0.6000 -0.0000
vn 0.5161 -0.4959 0.6983
vn 0.6921 -0.7187 0.0665
vn 0.5104 -0.4957 0.7027
vn 0.4098 -0.4320 0.8034
vn 0.5144 -0.3503 0.7827
vn 0.5234 -0.3565 0.7739
vn 0.8139 -0.5809 0.0058
vn 0.2573 -0.3914 0.8835
vn 0.8575 -0.3662 0.3613
vn -0.4208 0.1002 0.9016
vn -0.3805 0.0801 0.9213
vn -0.3995 0.1798 0.8989
vn -0.4021 0.1407 0.9047
vn -0.3610 -0.0000 0.9326
vn -0.3394 0.1497 0.9286
vn -0.4236 0.1815 0.8875
vn -0.3304 0.0701 0.9412
vn -0.3116 0.1709 0.9347
vn -0.2695 0.1696 0.9479
vn -0.1412 -0.0505 0.9887
vn -0.1709 0.0201 0.9851
vn -0.2211 -0.0199 0.9750
vn -0.3009 0.0401 0.9528
vn -0.2009 0.1005 0.9744
vn -0.2109 0.0803 0.9742
vn -0.2402 0.0100 0.9707
vn -0.1799 0.0899 0.9796
vn -0.2209 0.0502 0.9740
vn 0.0299 -0.1595 0.9867
vn -0.1203 0.0200 0.9925
vn 0.0100 0.0200 0.9997
vn 0.0605 -0.0302 0.9977
vn 0.0801 -0.1101 0.9907
vn 0.0399 -0.0598 0.9974
vn 0.1103 -0.0401 0.9931
vn 0.1600 -0.1200 0.9798
vn -0.0504 -0.0604 0.9969
vn 0.1711 -0.1309 0.9765
vn 0.1774 -0.1340 0.9750
vn 0.1816 -0.1715 0.9683
vn 0.1660 -0.1237 0.9783
vn 0.1007 -0.1912 0.9764
vn 0.1599 -0.2699 0.9495
vn 0.1701 -0.1701 0.9706
vn 0.1809 -0.3618 0.9145
vn 0.2201 -0.2201 0.9503
vn 0.2190 -0.2227 0.9500
vn 0.2760 -0.2738 0.9213
vn 0.3105 -0.3839 0.8696
vn 0.1809 -0.3618 0.9146
vn 0.2495 -0.1397 0.9582
vn 0.2497 -0.1397 0.9582
vn 0.2827 -0.2688 0.9208
vn 0.4085 -0.3573 0.8399
vn 0.3187 -0.3929 0.8626
vn 0.2854 -0.2791 0.9169
vn 0.2314 -0.1859 0.9549
vn 0.2494 -0.1395 0.9583
vn 0.1544 -0.1246 0.9801
vn 0.1752 -0.1753 0.9688
vn 0.2263 -0.1946 0.9544
vn 0.2539 -0.1384 0.9573
vn 0.2390 -0.1884 0.9526
vn 0.3332 -0.2146 0.9181
vn 0.2830 -0.2728 0.9195
vn 0.3324 -0.2216 0.9167
vn 0.4008 -0.3106 0.8619
vn 0.2826 -0.2666 0.9214
vn 0.4108 -0.3506 0.8417
vn 0.2898 -0.2725 0.9175
vn 0.4009 -0.3106 0.8619
vn 0.4430 -0.3725 0.8155
vn 0.4108 -0.3507 0.8416
vn 0.4009 -0.3107 0.8619
vn 0.1862 -0.3659 0.9118
vn 0.4085 -0.4148 0.8131
vn 0.3024 -0.3730 0.8771
vn 0.4150 -0.4150 0.8097
vn 0.4181 -0.4199 0.8055
vn 0.3214 -0.3904 0.8627
vn 0.4410 -0.4410 0.7817
vn 0.4103 -0.4114 0.8139
vn 0.1852 -0.3561 0.9159
vn 0.3124 -0.3820 0.8698
vn 0.4205 -0.4172 0.8057
vn 0.4816 -0.4317 0.7627
vn 0.4818 -0.4330 0.7618
vn 0.3094 -0.5403 0.7825
vn 0.2960 -0.5464 0.7835
vn 0.4425 -0.6388 0.6294
vn 0.5028 -0.4223 0.7542
vn 0.4628 -0.3924 0.7949
vn 0.5180 -0.3984 0.7570
vn 0.4557 -0.6349 0.6239
vn -0.3101 0.1401 0.9403
vn -0.3410 0.1805 0.9226
vn -0.4024 0.1911 0.8953
vn -0.2902 0.1101 0.9506
vn -0.1814 0.1108 0.9772
vn -0.1903 0.0200 0.9815
vn -0.3011 -0.0100 0.9535
vn -0.1903 -0.0100 0.9817
vn -0.2919 0.0100 0.9564
vn -0.1999 -0.0300 0.9794
vn -0.2489 0.0197 0.9683
vn -0.4009 0.0804 0.9126
vn -0.4525 0.1107 0.8849
vn -0.3409 0.1203 0.9324
vn -0.3694 0.0299 0.9288
vn -0.3995 0.1198 0.9089
vn -0.3124 0.0705 0.9473
vn -0.2512 0.1608 0.9545
vn -0.1210 -0.0908 0.9885
vn -0.1498 0.0100 0.9887
vn -0.1104 -0.0000 0.9939
vn -0.0805 -0.0302 0.9963
vn -0.0405 -0.1115 0.9929
vn -0.0199 -0.0399 0.9990
vn 0.0201 -0.0805 0.9965
vn -0.1110 -0.1009 0.9887
vn -0.0100 -0.1498 0.9887
vn 0.0702 -0.1705 0.9829
vn 0.1809 -0.1909 0.9648
vn 0.2312 -0.2051 0.9510
vn 0.0401 -0.1805 0.9828
vn 0.1001 -0.2200 0.9703
vn 0.1705 -0.2106 0.9626
vn 0.2322 -0.2121 0.9493
vn 0.1106 -0.1307 0.9852
vn 0.1407 -0.1709 0.9752
vn 0.3211 -0.2509 0.9132
vn 0.2323 -0.2121 0.9493
vn 0.2418 -0.2115 0.9470
vn 0.2463 -0.2167 0.9447
vn 0.3802 -0.2501 0.8904
vn 0.2418 -0.2116 0.9470
vn 0.2365 -0.2637 0.9352
vn 0.2434 -0.2568 0.9353
vn 0.2386 -0.1970 0.9509
vn 0.3912 -0.3209 0.8625
vn 0.3324 -0.2217 0.9167
vn 0.2397 -0.1951 0.9510
vn 0.2455 -0.2645 0.9326
vn 0.3911 -0.3210 0.8626
vn 0.2323 -0.2191 0.9476
vn 0.3394 -0.3094 0.8883
vn 0.4410 -0.3608 0.8218
vn 0.4409 -0.3609 0.8218
vn 0.4854 -0.4348 0.7585
vn 0.4429 -0.3725 0.8155
vn 0.3988 -0.3174 0.8604
vn 0.4398 -0.3617 0.8220
vn 0.4323 -0.3418 0.8345
vn 0.4326 -0.3415 0.8344
vn 0.4406 -0.3606 0.8221
vn 0.3974 -0.3223 0.8592
vn 0.5180 -0.4266 0.7414
vn 0.4831 -0.4296 0.7629
vn 0.4383 -0.3553 0.8257
vn 0.5149 -0.4221 0.7461
vn 0.4236 -0.2925 0.8573
vn 0.5515 -0.3610 0.7520
vn 0.4297 -0.2933 0.8540
vn 0.4769 -0.2918 0.8291
vn 0.3802 -0.2502 0.8904
vn 0.4832 -0.2919 0.8254
vn 0.5898 -0.2999 0.7498
vn -0.4472 -0.0000 0.8944
vn -0.2827 0.0202 0.9590
vn -0.4706 -0.1402 0.8711
vn -0.3316 -0.1306 0.9344
vn -0.3403 -0.1902 0.9209
vn -0.4225 -0.1408 0.8953
vn -0.3195 -0.1897 0.9284
vn -0.1803 -0.0601 0.9818
vn -0.1903 -0.0200 0.9815
vn -0.1824 -0.1419 0.9729
vn -0.0991 -0.3003 0.9487
vn -0.2305 0.0401 0.9722
vn -0.2198 -0.1099 0.9693
vn -0.2118 -0.1917 0.9583
vn -0.1596 -0.2394 0.9577
vn -0.2292 -0.1794 0.9567
vn -0.1306 -0.1809 0.9748
vn -0.0800 -0.2299 0.9699
vn 0.0304 -0.1824 0.9828
vn 0.0900 -0.1100 0.9898
vn -0.0910 -0.1719 0.9809
vn -0.0301 -0.2306 0.9726
vn -0.0000 -0.3313 0.9435
vn 0.0402 -0.3519 0.9352
vn 0.0902 -0.3508 0.9321
vn -0.0303 -0.2826 0.9588
vn 0.0100 -0.3401 0.9403
vn 0.0800 -0.3598 0.9296
vn 0.1209 -0.4031 0.9071
vn 0.2123 -0.1819 0.9601
vn 0.3037 -0.2430 0.9213
vn 0.1707 -0.2813 0.9443
vn 0.2159 -0.1878 0.9582
vn 0.1773 -0.2836 0.9424
vn 0.3100 -0.3600 0.8800
vn 0.2546 -0.3887 0.8855
vn 0.2625 -0.3928 0.8814
vn 0.4209 -0.3250 0.8469
vn 0.3724 -0.3825 0.8456
vn 0.3062 -0.2494 0.9187
vn 0.4219 -0.3315 0.8438
vn 0.4909 -0.4408 0.7514
vn 0.0951 -0.3555 0.9298
vn 0.2527 -0.4246 0.8694
vn 0.4315 -0.4115 0.8028
vn 0.5199 -0.4599 0.7199
vn 0.1210 -0.4032 0.9071
vn 0.3489 -0.4043 0.8455
vn 0.3552 -0.4056 0.8422
vn 0.4737 -0.3933 0.7879
vn 0.4236 -0.3247 0.8456
vn 0.4776 -0.3905 0.7870
vn 0.4782 -0.3968 0.7835
vn 0.4207 -0.3383 0.8418
vn 0.4848 -0.4411 0.7553
vn -0.3035 -0.0416 0.9519
vn -0.1528 0.0294 0.9878
vn -0.0713 0.0395 0.9967
vn 0.0096 0.0254 0.9996
vn 0.0411 -0.0695 0.9967
vn 0.0935 -0.0281 0.9952
vn 0.1166 -0.0179 0.9930
vn 0.2837 0.0498 0.9576
vn 0.4132 -0.4233 0.8063
vn 0.2848 0.0570 0.9569
vn -0.2609 0.6623 -0.7024
vn -0.4032 0.5947 -0.6955
vn -0.3108 0.6517 -0.6918
vn -0.5745 0.5039 -0.6450
vn -0.6743 0.4145 -0.6111
vn -0.7019 0.4111 -0.5816
vn -0.6616 0.4611 -0.5914
vn -0.5779 0.4978 -0.6467
vn -0.4634 0.5742 -0.6749
vn -0.6249 0.4938 -0.6047
vn -0.5519 0.5319 -0.6423
vn -0.4931 0.5736 -0.6541
vn -0.3793 0.6288 -0.6787
vn -0.1814 0.6954 -0.6954
vn -0.0501 0.7308 -0.6808
vn 0.0500 0.7404 -0.6703
vn 0.2016 0.7458 -0.6349
vn -0.2310 0.6829 -0.6930
vn -0.1005 0.7233 -0.6832
vn 0.0401 0.7407 -0.6706
vn 0.1602 0.7509 -0.6407
vn -0.1096 0.7078 -0.6978
vn -0.0101 0.7367 -0.6762
vn 0.1208 0.7551 -0.6444
vn -0.2782 0.6690 -0.6892
vn -0.1498 0.7091 -0.6891
vn 0.0904 0.7432 -0.6629
vn 0.3025 0.7534 -0.5839
vn 0.4004 0.7609 -0.5106
vn 0.4590 0.7483 -0.4789
vn 0.4703 0.7705 -0.4303
vn 0.3696 0.7492 -0.5496
vn 0.4005 0.7609 -0.5106
vn 0.4418 0.7630 -0.4719
vn 0.2409 0.7529 -0.6124
vn 0.3210 0.7625 -0.5618
vn 0.3507 0.7714 -0.5310
vn 0.1916 0.7565 -0.6253
vn 0.2914 0.7736 -0.5627
vn 0.5349 0.7367 -0.4138
vn -0.7622 0.4212 -0.4915
vn -0.7627 0.4315 -0.4817
vn -0.7623 0.4212 -0.4914
vn -0.7924 0.4313 -0.4313
vn -0.7484 0.4690 -0.4690
vn -0.7597 0.4598 -0.4598
vn -0.7106 0.4504 -0.5405
vn -0.7020 0.4111 -0.5816
vn -0.6711 0.4607 -0.5809
vn -0.6033 0.5329 -0.5933
vn -0.7204 0.5003 -0.4803
vn -0.7622 0.4213 -0.4915
vn -0.5015 0.6118 -0.6118
vn -0.4015 0.6324 -0.6625
vn -0.5400 0.5800 -0.6100
vn -0.6233 0.5529 -0.5529
vn 0.2799 0.7496 -0.5997
vn 0.3108 0.7519 -0.5815
vn 0.4243 0.7375 -0.5254
vn 0.5923 0.6927 -0.4116
vn 0.6312 0.6312 -0.4508
vn 0.6791 0.6092 -0.4095
vn 0.5414 0.7218 -0.4311
vn 0.5927 0.6732 -0.4420
vn 0.6226 0.6527 -0.4318
vn 0.6323 0.6222 -0.4616
vn 0.6313 0.6514 -0.4209
vn 0.6763 0.6067 -0.4177
vn 0.5514 0.7018 -0.4511
vn 0.6272 0.6571 -0.4181
vn 0.6498 0.6198 -0.4399
vn 0.7024 0.5419 -0.4616
vn 0.5435 0.6642 -0.5133
vn 0.6164 0.6263 -0.4772
vn 0.6678 0.5783 -0.4686
vn 0.6845 0.5939 -0.4228
vn -0.8124 0.4413 -0.3811
vn -0.8956 0.3522 -0.2717
vn -0.9529 0.2508 -0.1705
vn -0.9719 0.2126 -0.1012
vn -0.7705 0.4703 -0.4303
vn -0.8858 0.3523 -0.3020
vn -0.9442 0.2611 -0.2009
vn -0.8193 0.4297 -0.3797
vn -0.9016 0.3206 -0.2905
vn -0.7510 0.5007 -0.4306
vn -0.7904 0.4802 -0.3802
vn -0.7510 0.5006 -0.4306
vn 0.7198 0.5199 -0.4599
vn 0.6718 0.5715 -0.4712
vn 0.6910 0.5308 -0.4906
vn 0.6912 0.5209 -0.5009
vn 0.7032 0.5224 -0.4822
vn 0.7000 0.5100 -0.5000
vn 0.7110 0.5708 -0.4106
vn 0.7239 0.5027 -0.4725
vn 0.7112 0.5309 -0.4608
vn 0.7031 0.5725 -0.4219
vn 0.6819 0.6117 -0.4011
vn 0.7010 0.5608 -0.4406
vn 0.7217 0.5713 -0.3909
vn -0.9940 0.1014 -0.0406
vn -0.9984 -0.0403 0.0403
vn -0.9918 -0.0902 0.0902
vn -0.9760 -0.1207 0.1811
vn -0.9717 0.1721 -0.1619
vn -0.9955 0.0503 -0.0804
vn -0.9993 -0.0202 0.0303
vn -0.9884 -0.0101 0.1513
vn -0.9493 0.2222 -0.2222
vn -0.9781 0.1614 -0.1311
vn -0.9949 0.1005 -0.0100
vn -0.9919 0.0905 0.0896
vn -0.8853 0.3622 -0.2917
vn -0.9553 0.2413 -0.1709
vn -0.9734 0.2107 -0.0903
vn -0.9835 0.1806 0.0100
vn 0.7131 0.5523 -0.4318
vn 0.7535 0.5124 -0.4119
vn 0.7086 0.4990 -0.4990
vn 0.7395 0.4397 -0.5097
vn 0.7818 0.3709 -0.5012
vn 0.8386 0.2396 -0.4892
vn 0.7630 0.4719 -0.4417
vn 0.8124 0.3811 -0.4413
vn 0.8624 0.2808 -0.4212
vn 0.8098 0.4199 -0.4099
vn 0.8521 0.3108 -0.4211
vn -0.9541 -0.0703 0.2912
vn -0.9160 -0.1208 0.3825
vn -0.8711 -0.1702 0.4606
vn -0.9752 0.0101 0.2212
vn -0.9571 -0.0199 0.2891
vn -0.9336 -0.0703 0.3514
vn -0.8928 -0.0903 0.4414
vn -0.9811 0.0701 0.1802
vn -0.9828 0.0401 0.1805
vn -0.9622 0.0301 0.2706
vn -0.9684 -0.0000 0.2496
vn -0.9431 -0.0302 0.3310
vn -0.9925 0.1003 0.0702
vn -0.9914 0.0701 0.1102
vn -0.9840 0.0502 0.1707
vn 0.8380 0.1696 -0.5187
vn 0.8617 0.0802 -0.5010
vn 0.8883 -0.0100 -0.4591
vn 0.8798 0.1800 -0.4399
vn 0.9063 0.0906 -0.4129
vn 0.9150 -0.0302 -0.4022
vn 0.9171 -0.1109 -0.3829
vn 0.8917 0.1903 -0.4108
vn 0.9117 0.0100 -0.4107
vn 0.9205 -0.0900 -0.3802
vn 0.8966 0.1310 -0.4231
vn 0.9117 -0.0902 -0.4007
vn -0.8268 -0.1412 0.5445
vn -0.7722 -0.1304 0.6218
vn -0.7191 -0.0899 0.6891
vn -0.8826 -0.0903 0.4614
vn -0.8391 -0.0699 0.5394
vn -0.7996 -0.0300 0.5997
vn -0.9062 -0.0100 0.4228
vn -0.8645 0.0101 0.5026
vn -0.8529 0.0201 0.5217
vn -0.9644 0.0402 0.2612
vn -0.9184 0.0699 0.3893
vn -0.8727 0.0802 0.4815
vn 0.8256 0.0201 -0.5638
vn 0.8963 -0.0202 -0.4431
vn 0.8602 0.1000 -0.5001
vn 0.8294 0.1000 -0.5496
vn 0.8518 -0.1318 -0.5070
vn 0.9116 0.0200 -0.4107
vn 0.8559 -0.0604 -0.5135
vn 0.8558 -0.0608 -0.5137
vn 0.8004 -0.1501 -0.5803
vn 0.9184 -0.0699 -0.3893
vn 0.9117 -0.0000 -0.4108
vn 0.9050 -0.0503 -0.4223
vn 0.8657 -0.1308 -0.4832
vn 0.8834 -0.0803 -0.4618
vn 0.9280 -0.0499 -0.3692
vn 0.9203 -0.0300 -0.3901
vn 0.9094 -0.0699 -0.4101
vn 0.9088 -0.0799 -0.4095
vn -0.6804 -0.0600 0.7304
vn -0.6745 -0.0705 0.7349
vn -0.6409 -0.1001 0.7611
vn -0.5935 -0.0101 0.8048
vn -0.7599 -0.0100 0.6499
vn -0.7120 -0.0201 0.7019
vn -0.6756 0.0403 0.7361
vn -0.8283 0.0399 0.5589
vn -0.7775 0.0606 0.6260
vn -0.7217 0.1203 0.6816
vn -0.8331 0.1104 0.5420
vn -0.7858 0.1713 0.5944
vn 0.8421 -0.0406 -0.5378
vn 0.8899 -0.3138 -0.3310
vn 0.8485 -0.3201 -0.4214
vn 0.8968 -0.3005 -0.3247
vn 0.9378 -0.1080 -0.3299
vn 0.7119 -0.6841 -0.1586
vn 0.9156 -0.3964 -0.0670
vn 0.9637 -0.1775 -0.1993
vn 0.8495 -0.3301 -0.4116
vn 0.9011 -0.4102 -0.1405
vn 0.7963 -0.0101 -0.6048
vn 0.8512 -0.0912 -0.5168
vn 0.8188 -0.1126 -0.5629
vn 0.7660 -0.1008 -0.6349
vn 0.9614 -0.1769 -0.2107
vn 0.8102 -0.3158 -0.4939
vn 0.7485 -0.3465 -0.5654
vn 0.8990 -0.4094 -0.1557
vn 0.9107 -0.1350 -0.3904
vn 0.9582 0.0175 -0.2854
vn 0.9250 -0.0939 -0.3683
vn 0.8969 -0.1656 -0.4100
vn 0.9335 -0.1522 -0.3247
vn 0.9296 -0.0854 -0.3586
vn 0.9643 -0.0584 -0.2582
vn 0.9149 -0.1397 -0.3787
vn 0.9651 -0.0513 -0.2567
vn 0.9161 -0.1302 -0.3792
vn 0.9934 0.0400 -0.1076
vn 0.9666 -0.0458 -0.2522
vn 0.9941 0.0402 -0.1004
vn 0.9617 -0.0268 -0.2727
vn 0.9621 0.0198 -0.2719
vn 0.9163 -0.1320 -0.3781
vn -0.5821 0.3312 0.7426
vn -0.6609 0.2404 0.7110
vn -0.6700 0.3400 0.6600
vn -0.7095 0.2198 0.6695
vn -0.7502 0.2001 0.6302
vn -0.7420 0.2507 0.6217
vn -0.7295 0.2898 0.6195
vn -0.7356 0.3426 0.5844
vn -0.5622 0.0803 0.8231
vn -0.5525 0.1808 0.8137
vn -0.4827 0.2313 0.8447
vn -0.5010 0.3006 0.8116
vn -0.6301 0.1000 0.7701
vn -0.5827 0.1206 0.8037
vn -0.6129 0.1607 0.7736
vn -0.5931 0.2212 0.7741
vn -0.6917 0.1704 0.7018
vn 0.7868 -0.6131 -0.0715
vn 0.7133 -0.6688 -0.2097
vn 0.8086 -0.5862 0.0506
vn 0.7108 -0.6671 -0.2230
vn 0.7865 -0.6126 -0.0787
vn 0.8493 -0.5075 0.1450
vn 0.8674 -0.4388 0.2347
vn 0.8075 -0.5877 0.0506
vn 0.7276 -0.6299 0.2715
vn 0.5904 -0.5504 0.5904
vn 0.7497 -0.5759 0.3260
vn 0.4931 -0.6155 0.6149
vn 0.6957 -0.6957 0.1792
vn 0.7800 -0.5470 0.3039
vn 0.8851 -0.4646 0.0274
vn 0.7938 -0.6082 -0.0000
vn 0.6923 -0.7202 -0.0457
vn 0.7048 -0.7048 -0.0805
vn 0.9449 0.0405 -0.3247
vn 0.9583 -0.0367 -0.2833
vn 0.9416 0.0351 -0.3349
vn 0.9043 -0.0277 -0.4261
vn 0.9278 0.1210 -0.3530
vn 0.9406 0.0463 -0.3364
vn 0.9584 0.0248 -0.2844
vn 0.9040 -0.0135 -0.4273
vn 0.9408 0.0471 -0.3358
vn 0.8970 -0.1675 -0.4091
vn 0.9027 -0.0148 -0.4300
vn 0.8936 -0.1830 -0.4099
vn 0.8701 -0.3540 -0.3428
vn 0.8893 -0.4570 0.0142
vn 0.9291 0.1188 -0.3501
vn 0.6922 -0.7193 -0.0587
vn 0.7941 -0.6078 -0.0072
vn 0.7438 -0.6534 -0.1407
vn 0.8704 -0.3644 -0.3310
vn 0.6966 -0.6966 -0.1716
vn -0.6103 0.3702 0.7003
vn -0.5342 0.4334 0.7258
vn -0.5390 0.4392 0.7187
vn -0.5708 0.4106 0.7110
vn -0.6313 0.4209 0.6514
vn -0.6082 0.4287 0.6680
vn -0.7020 0.3811 0.6017
vn -0.6526 0.4016 0.6425
vn -0.7421 0.3810 0.5515
vn -0.7885 0.3594 0.4991
vn -0.7534 0.3717 0.5424
vn -0.8000 0.3600 0.4800
vn -0.8211 0.3505 0.4506
vn -0.4993 0.3994 0.7689
vn -0.4396 0.3896 0.8093
vn -0.4733 0.4532 0.7553
vn -0.7449 0.3724 0.5536
vn -0.8240 0.3416 0.4521
vn -0.8130 0.4015 0.4216
vn -0.8834 0.3313 0.3313
vn -0.8663 0.3727 0.3324
vn -0.8315 0.4308 0.3506
vn -0.5806 0.2903 0.7607
vn -0.6434 0.3016 0.7037
vn -0.5984 0.2593 0.7581
vn -0.6537 0.3017 0.6940
vn -0.5516 0.2607 0.7923
vn -0.7624 0.3210 0.5618
vn -0.7451 0.3222 0.5840
vn -0.8271 0.3388 0.4484
vn -0.8631 0.3312 0.3814
vn 0.8000 -0.6001 -0.0000
vn 0.5134 -0.3081 -0.8009
vn 0.8683 -0.4829 -0.1133
vn 0.6918 -0.7183 0.0736
vn 0.5347 -0.4641 -0.7062
vn 0.7434 -0.4526 -0.4925
vn 0.8132 -0.5817 0.0200
vn 0.9264 -0.0331 0.3750
vn 0.9319 0.3465 -0.1075
vn 0.9374 0.0094 -0.3480
vn 0.8593 -0.3631 0.3603
vn 0.9397 0.0122 -0.3417
vn 0.9579 -0.0248 -0.2861
vn 0.9324 0.3471 -0.1004
vn 0.6016 -0.0311 -0.7982
vn -0.6179 0.2937 0.7293
vn -0.6168 0.2731 0.7382
vn -0.5211 0.2305 0.8218
vn -0.5711 0.3306 0.7514
vn -0.7333 0.3817 0.5626
vn -0.7139 0.3720 0.5933
vn -0.7062 0.3834 0.5952
vn -0.7121 0.4212 0.5617
vn -0.7850 0.4227 0.4529
vn -0.7995 0.4197 0.4297
vn -0.8230 0.4115 0.3915
vn -0.8363 0.4434 0.3224
vn -0.8648 0.4223 0.2715
vn -0.8777 0.4136 0.2421
vn -0.8743 0.4321 0.2211
vn -0.4904 0.2302 0.8406
vn 0.6098 -0.5183 0.5996
vn 0.7086 -0.5461 0.4469
vn 0.7179 -0.5427 0.4359
vn 0.7079 -0.5496 0.4437
vn 0.6598 -0.7041 -0.2626
vn 0.5192 -0.4294 0.7389
vn 0.6619 -0.4481 0.6008
vn 0.6045 -0.4534 0.6549
vn 0.6623 -0.7070 -0.2481
vn 0.7130 -0.5461 0.4399
vn 0.3611 -0.3009 -0.8826
vn 0.5251 0.8373 -0.1520
vn 0.7130 -0.5460 0.4400
vn 0.9269 0.3058 0.2177
vn 0.7702 -0.4560 0.4459
vn 0.6914 -0.5592 0.4575
vn 0.9075 -0.4199 -0.0152
vn 0.9225 0.3198 0.2163
vn 0.8000 -0.4737 0.3684
vn 0.8054 -0.3874 0.4486
vn 0.7931 -0.6016 -0.0957
vn 0.8353 -0.4497 -0.3162
vn 0.7930 -0.6016 -0.0957
vn 0.8395 -0.4516 -0.3022
vn 0.8686 0.3159 -0.3817
vn 0.8651 0.3208 -0.3856
vn 0.5932 0.2482 -0.7658
vn 0.9070 -0.4208 -0.0156
vn 0.5927 0.2415 -0.7683
vn 0.8687 0.3214 -0.3770
vn -0.8790 0.2829 0.3839
vn -0.8953 0.2112 0.3923
vn -0.8680 0.1896 0.4589
vn -0.9013 0.3605 0.2403
vn -0.9255 0.2917 0.2414
vn -0.9346 0.2613 0.2412
vn -0.4936 0.2720 0.8260
vn -0.4501 0.2001 0.8703
vn -0.5245 0.2017 0.8271
vn -0.3711 0.1705 0.9128
vn -0.6063 0.1112 0.7874
vn -0.4733 0.0906 0.8762
vn -0.4333 0.1612 0.8867
vn -0.6462 0.3332 0.6866
vn -0.7575 0.3737 0.5353
vn -0.7564 0.2925 0.5850
vn -0.6898 0.2199 0.6898
vn -0.7687 0.2023 0.6068
vn -0.8513 0.3504 0.3906
vn 0.5428 -0.5629 0.6232
vn 0.6668 -0.4850 0.5658
vn 0.7350 -0.3520 0.5796
vn 0.7544 -0.3617 0.5477
vn 0.5572 -0.7856 -0.2691
vn 0.8160 -0.3822 0.4338
vn 0.7838 -0.5982 0.1670
vn 0.8598 -0.4407 0.2580
vn 0.5453 -0.4948 0.6766
vn 0.7445 -0.5743 0.3403
vn 0.7851 -0.5808 0.2151
vn 0.6058 -0.7357 0.3029
vn 0.7909 -0.5907 -0.1602
vn 0.6760 -0.7366 -0.0202
vn -0.0636 -0.8028 -0.5928
vn -0.3656 -0.2891 -0.8847
vn -0.0517 -0.8081 -0.5867
vn 0.5577 -0.7856 -0.2680
vn 0.3008 -0.2005 -0.9324
vn -0.6292 -0.3396 -0.6991
vn 0.7850 -0.5986 0.1597
vn -0.7873 0.0614 0.6135
vn -0.8879 0.1213 0.4437
vn -0.7543 -0.0604 0.6538
vn -0.8755 -0.0101 0.4831
vn -0.7671 -0.1413 0.6258
vn -0.8815 -0.1403 0.4508
vn -0.8151 -0.2343 0.5298
vn -0.9460 0.1409 0.2918
vn -0.9666 -0.0305 0.2544
vn -0.9392 -0.1414 0.3130
vn -0.9343 -0.2670 0.2362
vn -0.4950 -0.0102 0.8688
vn -0.5935 -0.0000 0.8048
vn -0.4807 -0.1001 0.8712
vn -0.6087 -0.0898 0.7883
vn -0.4920 -0.1104 0.8635
vn -0.5328 -0.1910 0.8244
vn -0.3904 -0.1902 0.9008
vn -0.6620 -0.1605 0.7322
vn -0.6758 -0.2118 0.7060
vn 0.5119 -0.4316 0.7428
vn 0.5004 -0.3430 0.7950
vn 0.5239 -0.3929 0.7557
vn 0.7142 -0.3571 0.6020
vn 0.4909 -0.4409 0.7514
vn 0.5246 -0.4439 0.7264
vn 0.4016 -0.5623 0.7229
vn 0.5063 -0.4354 0.7444
vn 0.4966 -0.4165 0.7615
vn 0.5011 -0.4109 0.7616
vn 0.8572 -0.3956 0.3297
vn 0.5532 -0.5114 0.6576
vn 0.7803 -0.4474 0.4370
vn 0.8339 -0.5132 0.2032
vn 0.5867 -0.3743 0.7182
vn 0.6535 -0.5385 0.5320
vn 0.5701 -0.4581 0.6820
vn 0.8068 -0.5532 0.2075
vn 0.8496 -0.5197 -0.0900
vn 0.8805 -0.4702 -0.0600
vn 0.8848 -0.4573 -0.0895
vn 0.8485 -0.4849 -0.2122
vn 0.8006 -0.5675 -0.1925
vn -0.8566 -0.1445 0.4954
vn -0.9403 -0.2361 0.2453
vn -0.5036 -0.1118 0.8567
vn -0.4127 -0.0917 0.9062
vn -0.6552 -0.1713 0.7358
vn -0.5464 -0.1720 0.8197
vn 0.3538 0.1105 0.9288
vn 0.4763 0.2042 0.8552
vn 0.4982 -0.3314 0.8013
vn 0.3541 0.1071 0.9291
vn 0.6611 0.1408 0.7370
vn 0.6608 0.1447 0.7365
vn 0.6818 -0.0650 0.7286
vn 0.8147 -0.0801 0.5743
vn 0.8153 -0.0853 0.5727
vn 0.6548 0.3922 0.6461
vn 0.9827 0.0663 0.1732
vn 0.9803 0.0758 0.1822
vn 0.8223 0.5674 0.0423
vn 0.9813 0.0691 0.1797
vn 0.6596 0.3875 0.6441
vn 0.8230 0.5653 0.0560
vn 0.6306 0.5169 -0.5789
vn 0.9813 0.0690 0.1797
vn 0.3058 0.9262 -0.2205
vn -0.3904 0.6707 -0.6307
vn -0.5992 0.6092 -0.5194
vn -0.4014 0.6722 -0.6221
vn -0.5143 0.6454 -0.5647
vn -0.4008 0.6914 -0.6012
vn -0.3110 0.6721 -0.6720
vn -0.1993 0.7077 -0.6778
vn 0.0400 0.7407 -0.6706
vn -0.2996 0.6991 -0.6492
vn -0.0804 0.7439 -0.6635
vn 0.0200 0.7506 -0.6605
vn -0.3107 0.7015 -0.6414
vn -0.2196 0.7286 -0.6488
vn 0.0201 0.7555 -0.6548
vn -0.3008 0.7321 -0.6112
vn 0.1506 0.7428 -0.6524
vn 0.2300 0.7501 -0.6201
vn 0.4027 0.7048 -0.5840
vn 0.1200 0.7502 -0.6502
vn 0.2205 0.7518 -0.6215
vn 0.2895 0.7386 -0.6088
vn 0.4028 0.7048 -0.5839
vn 0.2191 0.7471 -0.6276
vn 0.2916 0.7340 -0.6134
vn 0.4119 0.6925 -0.5922
vn 0.2208 0.7426 -0.6323
vn 0.3011 0.7226 -0.6222
vn 0.4194 0.6990 -0.5792
vn 0.5307 0.6608 -0.5307
vn 0.6029 0.6029 -0.5225
vn 0.5110 0.6512 -0.5611
vn 0.5289 0.6387 -0.5588
vn -0.7506 0.5404 -0.3803
vn -0.7901 0.5100 -0.3400
vn -0.7505 0.5604 -0.3503
vn -0.7403 0.5402 -0.4002
vn -0.7510 0.5005 -0.4307
vn -0.7509 0.5007 -0.4306
vn -0.6732 0.5928 -0.4421
vn -0.5812 0.6413 -0.5010
vn -0.7346 0.5535 -0.3925
vn -0.7589 0.5292 -0.3795
vn -0.7588 0.5294 -0.3794
vn -0.6857 0.5844 -0.4340
vn -0.6857 0.5847 -0.4335
vn -0.7589 0.5292 -0.3794
vn -0.4727 0.6940 -0.5431
vn -0.3796 0.7292 -0.5694
vn -0.5630 0.6636 -0.4926
vn -0.6856 0.5848 -0.4335
vn -0.6804 0.6003 -0.4202
vn -0.6804 0.6007 -0.4197
vn 0.4202 0.6804 -0.6004
vn 0.6869 0.5475 -0.4779
vn 0.6227 0.5826 -0.5223
vn 0.6686 0.5688 -0.4790
vn 0.6732 0.5928 -0.4421
vn 0.6407 0.5907 -0.4905
vn 0.5398 0.6197 -0.5697
vn 0.5901 0.6001 -0.5401
vn 0.6118 0.6118 -0.5015
vn 0.6288 0.5789 -0.5190
vn 0.6680 0.6082 -0.4287
vn -0.8229 0.4616 -0.3312
vn -0.8600 0.4200 -0.2900
vn -0.9213 0.3204 -0.2203
vn -0.9498 0.2799 -0.1400
vn -0.9578 0.2694 -0.0998
vn -0.9124 0.3509 -0.2106
vn -0.9348 0.3216 -0.1508
vn -0.8075 0.5084 -0.2991
vn -0.8703 0.4302 -0.2401
vn -0.9095 0.3698 -0.1899
vn -0.8335 0.4921 -0.2511
vn -0.8562 0.4580 -0.2390
vn 0.7427 0.5120 -0.4316
vn 0.7817 0.4410 -0.4410
vn 0.7091 0.5593 -0.4294
vn 0.7627 0.4315 -0.4817
vn 0.8218 0.3207 -0.4710
vn 0.7204 0.5004 -0.4803
vn 0.6783 0.5486 -0.4888
vn 0.7728 0.3613 -0.5219
vn 0.6823 0.5017 -0.5318
vn 0.7305 0.4303 -0.5303
vn -0.9813 0.1902 -0.0300
vn -0.9915 0.1203 0.0500
vn -0.9889 0.0999 0.1099
vn -0.9506 0.2902 -0.1100
vn -0.9761 0.2113 -0.0503
vn -0.9861 0.1610 -0.0403
vn -0.9857 0.1609 0.0503
vn -0.9537 0.2711 -0.1305
vn -0.9756 0.2112 -0.0603
vn -0.9705 0.2401 0.0200
vn -0.9191 0.3397 -0.1998
vn -0.9535 0.2610 -0.1506
vn -0.9502 0.3101 -0.0300
vn 0.8140 0.2914 -0.5025
vn 0.8489 0.1997 -0.4894
vn 0.7901 0.2900 -0.5401
vn 0.8660 0.0806 -0.4934
vn 0.8406 0.1101 -0.5304
vn 0.8821 -0.0000 -0.4711
vn 0.8924 -0.0100 -0.4512
vn 0.8705 0.2201 -0.4402
vn 0.9171 -0.0000 -0.3987
vn 0.9195 -0.0500 -0.3898
vn 0.8641 0.2210 -0.4522
vn 0.8975 0.0807 -0.4336
vn 0.8980 0.0300 -0.4390
vn -0.9207 0.1501 0.3603
vn -0.9524 0.2105 0.2205
vn -0.9480 0.2096 0.2395
vn -0.9209 0.1902 0.3403
vn -0.9533 0.2810 0.1104
vn -0.9422 0.2606 0.2105
vn -0.9300 0.2600 0.2600
vn -0.9325 0.3610 0.0101
vn -0.9378 0.3292 0.1098
vn -0.9359 0.3020 0.1812
vn -0.9684 0.1312 0.2120
vn -0.9400 0.1800 0.2900
vn -0.9621 0.2205 0.1603
vn 0.9054 -0.1006 -0.4125
vn 0.8896 -0.0800 -0.4498
vn 0.9023 -0.1303 -0.4110
vn 0.9231 -0.0500 -0.3813
vn 0.9100 -0.0101 -0.4145
vn 0.9276 -0.0202 -0.3730
vn 0.9231 -0.0502 -0.3813
vn 0.9106 -0.0500 -0.4102
vn 0.9170 -0.0897 -0.3887
vn 0.9125 -0.0803 -0.4011
vn 0.9153 -0.0201 -0.4023
vn -0.8867 0.1310 0.4434
vn -0.8605 0.1701 0.4803
vn -0.8292 0.2298 0.5095
vn -0.8917 0.2104 0.4008
vn -0.8696 0.2599 0.4198
vn -0.9155 0.2415 0.3219
vn -0.8820 0.2907 0.3709
vn -0.9442 0.2612 0.2009
vn -0.9184 0.2895 0.2696
vn -0.8989 0.3195 0.2998
vn 0.9095 -0.0700 -0.4098
vn 0.9274 -0.0907 -0.3629
vn 0.9263 -0.0102 -0.3766
vn 0.9564 -0.0449 -0.2884
vn 0.9564 -0.0442 -0.2888
vn 0.9242 0.0100 -0.3818
vn 0.9187 -0.0303 -0.3938
vn 0.9431 0.0301 -0.3311
vn 0.9309 -0.0601 -0.3604
vn 0.9226 -0.0602 -0.3811
vn 0.9274 -0.0912 -0.3629
vn 0.9308 -0.0910 -0.3541
vn 0.9294 -0.0848 -0.3592
vn 0.9351 -0.1453 -0.3232
vn 0.9251 -0.0565 -0.3754
vn 0.9507 -0.0272 -0.3088
vn 0.9602 -0.0237 -0.2783
vn 0.9511 -0.0130 -0.3087
vn 0.9654 -0.0441 -0.2570
vn 0.9183 -0.1312 -0.3734
vn 0.9506 -0.0196 -0.3096
vn 0.9355 -0.0302 -0.3521
vn 0.9428 -0.0401 -0.3310
vn 0.9275 -0.0906 -0.3626
vn 0.9273 -0.1713 -0.3328
vn 0.9300 -0.1689 -0.3264
vn 0.9589 -0.0539 -0.2788
vn 0.9300 -0.0913 -0.3561
vn -0.7902 0.2701 0.5501
vn -0.8106 0.3202 0.4903
vn -0.8418 0.2806 0.4611
vn -0.8704 0.3002 0.3902
vn -0.8645 0.3016 0.4021
vn -0.8914 0.3205 0.3205
vn -0.8960 0.2986 0.3285
vn -0.9016 0.2905 0.3206
vn 0.9391 -0.1414 -0.3131
vn 0.9274 -0.1714 -0.3326
vn 0.8973 -0.1396 -0.4188
vn 0.9444 -0.1380 -0.2983
vn 0.9576 -0.0576 -0.2824
vn 0.9574 -0.0578 -0.2828
vn 0.9345 -0.1604 -0.3177
vn 0.9587 -0.0549 -0.2792
vn 0.9415 -0.1400 -0.3064
vn 0.9483 -0.1388 -0.2854
vn 0.9446 -0.1479 -0.2929
vn 0.7989 -0.2730 -0.5360
vn 0.9295 -0.1673 -0.3287
vn 0.9299 -0.1603 -0.3309
vn 0.8964 -0.2576 -0.3606
vn 0.8106 -0.4044 -0.4236
vn 0.8097 -0.4411 -0.3870
vn 0.8931 -0.2607 -0.3667
vn 0.6977 -0.2325 -0.6776
vn 0.8354 -0.4606 -0.2999
vn 0.7101 -0.1400 -0.6901
vn 0.9288 -0.0992 -0.3571
vn 0.8703 -0.3597 -0.3365
vn 0.9304 -0.0848 -0.3567
vn 0.9058 -0.0143 -0.4234
vn 0.6866 -0.6866 -0.2388
vn 0.9294 -0.0920 -0.3575
vn 0.9294 -0.0919 -0.3575
vn -0.9356 0.2289 0.2687
vn -0.9113 0.2704 0.3105
vn -0.8247 0.3520 0.4426
vn -0.8286 0.3594 0.4293
vn -0.8597 0.3299 0.3899
vn -0.8800 0.3100 0.3600
vn -0.9044 0.2914 0.3115
vn -0.9079 0.3292 0.2594
vn -0.8856 0.4026 0.2315
vn -0.9323 0.2506 0.2607
vn -0.9271 0.3290 0.1794
vn -0.9376 0.3327 0.1008
vn -0.9397 0.2699 0.2100
vn -0.9549 0.2614 0.1407
vn -0.9630 0.1906 0.1906
vn -0.9642 0.2109 0.1607
vn -0.9749 0.2111 0.0704
vn -0.8927 0.4313 0.1304
vn -0.9034 0.4115 0.1205
vn -0.8958 0.4328 0.1007
vn -0.8888 0.4494 0.0899
vn -0.9169 0.3986 0.0199
vn -0.9113 0.4106 -0.0301
vn -0.9467 0.3222 -0.0000
vn -0.9405 0.3302 -0.0801
vn -0.9253 0.3520 -0.1408
vn -0.9047 0.4021 -0.1407
vn -0.9541 0.2912 -0.0703
vn -0.9092 0.3597 -0.2098
vn -0.9265 0.3625 0.1007
vn -0.9782 0.1815 0.1009
vn -0.9557 0.2917 -0.0402
vn -0.9095 0.4098 -0.0700
vn -0.9101 0.3900 -0.1400
vn -0.9468 0.3022 -0.1108
vn -0.8948 0.3820 -0.2312
vn -0.9455 0.2542 -0.2033
vn -0.8899 0.4099 -0.2000
vn -0.9975 -0.0101 0.0705
vn -0.9796 -0.1799 0.0900
vn -0.9449 -0.3217 0.0603
vn -0.9919 0.1202 -0.0401
vn -0.9991 0.0101 -0.0404
vn -0.9897 -0.1414 -0.0202
vn -0.9652 -0.2614 -0.0101
vn -0.9564 -0.2919 -0.0000
vn -0.9828 0.1404 -0.1203
vn -0.9914 0.0100 -0.1302
vn -0.9825 -0.1504 -0.1103
vn -0.9516 -0.2936 -0.0911
vn -0.9570 0.1007 -0.2720
vn -0.9752 -0.0000 -0.2213
vn -0.9734 -0.0904 -0.2107
vn -0.9453 -0.2715 -0.1810
vn -0.9519 -0.3038 0.0405
vn -0.9403 -0.3402 -0.0100
vn -0.9470 -0.3154 -0.0614
vn -0.9524 -0.2707 -0.1403
vn -0.1002 0.7519 -0.6516
vn 0.0100 0.7413 -0.6711
vn 0.0997 0.7376 -0.6678
vn -0.4528 0.7145 -0.5333
vn -0.6211 0.6411 -0.4508
vn -0.6833 0.6029 -0.4119
vn -0.7505 0.5604 -0.3502
vn -0.3420 0.7444 -0.5734
vn -0.4608 0.7112 -0.5309
vn -0.5620 0.6724 -0.4817
vn -0.2803 0.7407 -0.6106
vn -0.5416 0.6820 -0.4915
vn -0.4022 0.7139 -0.5731
vn -0.2710 0.7428 -0.6123
vn -0.1998 0.7592 -0.6194
vn -0.1710 0.7544 -0.6337
vn -0.2208 0.7426 -0.6323
vn -0.1702 0.7310 -0.6609
vn -0.0600 0.7400 -0.6700
vn 0.0200 0.7316 -0.6815
vn -0.1357 0.7435 -0.6548
vn -0.0700 0.7395 -0.6695
vn 0.0500 0.7211 -0.6911
vn -0.1906 0.7425 -0.6422
vn 0.3108 0.6918 -0.6517
vn 0.4318 0.6428 -0.6327
vn 0.2213 0.7143 -0.6640
vn 0.2421 0.6861 -0.6861
vn 0.3311 0.6622 -0.6722
vn 0.4015 0.6625 -0.6324
vn 0.1203 0.7217 -0.6816
vn 0.3199 0.6599 -0.6799
vn 0.3820 0.6535 -0.6535
vn 0.2722 0.6854 -0.6753
vn 0.1400 0.7101 -0.6901
vn 0.3220 0.6542 -0.6844
vn 0.5193 0.6191 -0.5891
vn 0.6038 0.5737 -0.5534
vn 0.5117 0.6321 -0.5819
vn 0.5807 0.5807 -0.5707
vn 0.5193 0.5892 -0.6191
vn -0.7139 0.5932 -0.3720
vn -0.8075 0.5085 -0.2991
vn -0.8099 0.5099 -0.2899
vn -0.8099 0.5099 -0.2900
vn -0.8618 0.4410 -0.2505
vn -0.7832 0.5322 -0.3213
vn -0.6899 0.6099 -0.3899
vn -0.7833 0.5322 -0.3213
vn -0.8173 0.4984 -0.2891
vn -0.6584 0.6185 -0.4289
vn -0.7616 0.5512 -0.3407
vn -0.6136 0.6539 -0.4426
vn -0.4933 0.6947 -0.5235
vn -0.5726 0.6630 -0.4822
vn 0.3929 0.6246 -0.6749
vn 0.6294 0.5495 -0.5495
vn 0.6067 0.5470 -0.5769
vn 0.6413 0.5010 -0.5812
vn 0.5216 0.5619 -0.6420
vn 0.5835 0.5433 -0.6036
vn 0.6118 0.5014 -0.6118
vn 0.6606 0.4504 -0.6006
vn 0.5371 0.5172 -0.6664
vn 0.5812 0.5010 -0.6413
vn 0.5897 0.4797 -0.6497
vn 0.6222 0.4616 -0.6323
vn 0.6955 0.4032 -0.5947
vn 0.7031 0.4218 -0.5725
vn 0.7407 0.3704 -0.5605
vn 0.7175 0.3887 -0.5780
vn -0.9104 0.3502 -0.2201
vn -0.9638 0.2510 -0.0904
vn -0.9177 0.3491 -0.1896
vn -0.9398 0.3199 -0.1200
vn -0.9261 0.3725 -0.0603
vn -0.8800 0.4100 -0.2400
vn -0.9128 0.3711 -0.1705
vn -0.9149 0.3820 -0.1307
vn -0.8840 0.4119 -0.2210
vn 0.6883 0.3791 -0.6185
vn 0.7693 0.2897 -0.5695
vn 0.8018 0.2305 -0.5513
vn 0.8685 0.0799 -0.4892
vn 0.7445 0.3420 -0.5734
vn 0.8072 0.2193 -0.5481
vn 0.8430 0.1305 -0.5219
vn 0.7519 0.3108 -0.5815
vn 0.8077 0.1895 -0.5584
vn 0.8215 0.1803 -0.5410
vn 0.7222 0.3410 -0.6018
vn 0.7692 0.2697 -0.5794
vn 0.8122 0.1905 -0.5515
vn -0.9206 0.3903 -0.0100
vn -0.9397 0.3299 0.0899
vn -0.9242 0.3817 0.0100
vn -0.9033 0.4215 -0.0803
vn -0.9143 0.4019 -0.0502
vn -0.8870 0.4486 -0.1097
vn -0.9101 0.4100 -0.0600
vn -0.8842 0.4421 -0.1507
vn 0.8754 0.0201 -0.4830
vn 0.8982 -0.0199 -0.4391
vn 0.9235 0.0401 -0.3815
vn 0.9424 -0.0501 -0.3308
vn 0.8768 0.0498 -0.4783
vn 0.9093 -0.0404 -0.4141
vn 0.8545 0.1307 -0.5027
vn 0.8692 0.0699 -0.4895
vn 0.8643 0.0201 -0.5025
vn 0.8860 -0.0201 -0.4632
vn 0.8275 0.1595 -0.5384
vn 0.8586 0.0599 -0.5092
vn 0.9143 0.0502 -0.4019
vn -0.9348 0.3216 0.1508
vn -0.9252 0.3218 0.2011
vn -0.9203 0.3301 0.2101
vn -0.9324 0.3409 0.1203
vn -0.9314 0.3605 0.0500
vn -0.9203 0.3901 -0.0300
vn -0.9321 0.3608 -0.0301
vn 0.9176 -0.1197 -0.3790
vn 0.9206 0.0100 -0.3903
vn 0.9347 0.0503 -0.3518
vn 0.9384 -0.0403 -0.3431
vn 0.9175 -0.0605 -0.3932
vn 0.9428 0.0401 -0.3310
vn 0.9270 0.0402 -0.3729
vn 0.9325 0.0100 -0.3610
vn 0.9432 0.0300 -0.3310
vn 0.9241 0.0201 -0.3817
vn 0.9359 -0.0000 -0.3522
vn 0.9058 0.0302 -0.4227
vn 0.9266 0.0504 -0.3727
vn 0.9284 0.0399 -0.3694
vn -0.9146 0.3317 0.2311
vn -0.9312 0.2904 0.2203
vn -0.9344 0.3416 0.1005
vn -0.9449 0.3116 0.1005
vn -0.9431 0.3311 0.0301
vn -0.9475 0.3191 0.0200
vn -0.9428 0.3310 0.0401
vn -0.9469 0.3190 -0.0399
vn -0.9370 0.3491 -0.0100
vn -0.9404 0.3401 -0.0000
vn 0.9221 -0.2790 -0.2682
vn 0.8156 -0.4078 -0.4103
vn 0.8147 -0.4433 -0.3738
vn 0.9174 -0.3873 -0.0917
vn 0.9185 -0.2934 -0.2652
vn 0.8149 -0.4094 -0.4104
vn 0.8377 -0.4606 -0.2933
vn 0.8922 -0.4461 0.0710
vn 0.9465 -0.1165 -0.3009
vn 0.9471 -0.1285 -0.2940
vn 0.9760 -0.1873 -0.1114
vn 0.9280 -0.3712 -0.0309
vn 0.8305 -0.5411 0.1326
vn 0.9385 -0.3331 -0.0909
vn 0.9357 -0.0202 -0.3522
vn 0.9763 -0.1810 -0.1187
vn 0.9357 -0.0201 -0.3522
vn 0.9443 -0.1233 -0.3052
vn 0.9483 -0.1051 -0.2994
vn 0.9490 -0.1185 -0.2923
vn 0.9040 -0.2749 -0.3275
vn 0.9261 -0.2617 -0.2718
vn 0.9495 -0.2499 -0.1899
vn 0.9318 -0.0401 -0.3607
vn 0.8947 -0.0915 -0.4372
vn 0.9171 -0.1411 -0.3729
vn 0.9018 -0.2736 -0.3345
vn 0.9408 -0.2041 -0.2705
vn 0.9166 -0.2938 -0.2712
vn -0.9480 0.2395 0.2096
vn -0.9629 0.2006 0.1806
vn -0.9604 0.2601 0.1000
vn -0.9691 0.2098 0.1299
vn -0.9770 0.2014 0.0705
vn -0.9809 0.1602 0.1101
vn -0.9534 0.3011 0.0201
vn -0.9660 0.2490 0.0697
vn -0.9899 0.1400 0.0200
vn -0.9683 0.2496 -0.0100
vn -0.9796 0.1999 -0.0200
vn 0.8593 -0.3561 -0.3671
vn 0.8311 -0.5221 -0.1918
vn 0.7059 -0.4719 -0.5282
vn 0.8556 -0.3608 -0.3711
vn 0.6458 -0.6458 -0.4074
vn 0.7003 -0.4839 -0.5249
vn 0.8524 -0.3672 -0.3722
vn -0.9844 0.1507 0.0904
vn -0.9939 0.1104 -0.0000
vn -0.9869 0.1611 0.0101
vn -0.9947 0.1005 -0.0201
vn -0.9790 0.1997 -0.0401
vn -0.9631 0.2407 -0.1204
vn -0.9416 0.2905 -0.1703
vn -0.9324 0.3008 -0.2005
vn -0.9821 0.1704 -0.0802
vn -0.9642 0.2308 -0.1306
vn -0.9915 0.1202 -0.0501
vn -0.9803 0.1701 -0.1000
vn -0.9577 0.2394 -0.1596
vn -0.9949 0.0804 -0.0603
vn -0.9931 0.1003 -0.0602
vn -0.9851 0.1608 -0.0603
vn -0.9670 0.2193 -0.1296
vn -0.9071 0.2822 -0.3124
vn -0.8768 0.3686 -0.3088
vn -0.8892 0.3696 -0.2697
vn -0.9228 0.3008 -0.2408
vn -0.8768 0.3686 -0.3089
vn -0.8880 0.3492 -0.2993
vn -0.9250 0.3016 -0.2312
vn -0.9116 0.2805 -0.3005
vn -0.9505 0.2601 -0.1701
vn -0.9242 0.3114 -0.2210
vn -0.9564 0.0101 -0.2920
vn -0.9544 -0.1005 -0.2813
vn -0.9365 -0.2215 -0.2719
vn -0.9374 0.1310 -0.3226
vn -0.9378 -0.1098 -0.3292
vn -0.9116 -0.2304 -0.3406
vn -0.9466 0.0101 -0.3223
vn -0.9213 -0.2203 -0.3204
vn -0.9403 0.0100 -0.3401
vn -0.9145 -0.1809 -0.3618
vn -0.8980 -0.2623 -0.3532
vn -0.9261 -0.2718 -0.2617
vn -0.9132 -0.2509 -0.3211
vn -0.8146 -0.3218 -0.4827
vn -0.8337 -0.3317 -0.4416
vn -0.8366 -0.3248 -0.4411
vn -0.8107 -0.3228 -0.4885
vn -0.8336 -0.3314 -0.4419
vn -0.2601 0.7401 -0.6201
vn -0.1712 0.7452 -0.6445
vn -0.1102 0.7417 -0.6616
vn -0.0200 0.7316 -0.6815
vn 0.0699 0.7203 -0.6902
vn 0.1508 0.7139 -0.6838
vn -0.3715 0.7230 -0.5824
vn -0.4301 0.7001 -0.5701
vn -0.3212 0.7226 -0.6122
vn -0.2305 0.7317 -0.6415
vn -0.5399 0.6698 -0.5098
vn -0.5399 0.6697 -0.5099
vn -0.6300 0.6400 -0.4400
vn -0.2992 0.7181 -0.6283
vn -0.4135 0.7061 -0.5749
vn -0.5024 0.7036 -0.5026
vn -0.2102 0.7207 -0.6606
vn -0.3513 0.7413 -0.5718
vn -0.0000 0.7267 -0.6869
vn 0.0700 0.7299 -0.6799
vn -0.1409 0.7344 -0.6640
vn -0.0501 0.7211 -0.6910
vn 0.0199 0.7169 -0.6969
vn 0.0906 0.7042 -0.7042
vn -0.1606 0.7128 -0.6827
vn 0.0301 0.7017 -0.7118
vn 0.1508 0.6734 -0.7237
vn 0.3598 0.6497 -0.6697
vn 0.4528 0.5836 -0.6741
vn 0.1596 0.7079 -0.6880
vn 0.3018 0.6640 -0.6841
vn 0.3876 0.6161 -0.6857
vn 0.4790 0.5688 -0.6686
vn 0.2292 0.6577 -0.7176
vn 0.3305 0.6208 -0.7109
vn 0.4004 0.5906 -0.7006
vn 0.4914 0.5416 -0.6820
vn 0.2716 0.6338 -0.7243
vn 0.3215 0.6228 -0.7132
vn 0.4300 0.5701 -0.7001
vn 0.5582 0.5183 -0.6479
vn 0.6102 0.4802 -0.6302
vn 0.5706 0.5124 -0.6418
vn -0.7319 0.5715 -0.3710
vn -0.7974 0.5183 -0.3090
vn -0.8442 0.4623 -0.2713
vn -0.7974 0.5184 -0.3090
vn -0.8803 0.4301 -0.2000
vn -0.8122 0.5114 -0.2808
vn -0.6239 0.6440 -0.4427
vn -0.7320 0.5715 -0.3710
vn -0.6993 0.5994 -0.3896
vn -0.7531 0.5623 -0.3414
vn -0.8022 0.5214 -0.2908
vn -0.6239 0.6440 -0.4428
vn 0.5017 0.5318 -0.6823
vn 0.6695 0.4097 -0.6196
vn 0.6400 0.4400 -0.6300
vn 0.7029 0.3615 -0.6126
vn 0.7431 0.2912 -0.6025
vn 0.7751 0.2416 -0.5838
vn 0.5935 0.4828 -0.6439
vn 0.6612 0.4208 -0.6211
vn 0.6830 0.3817 -0.6227
vn 0.7296 0.3098 -0.6096
vn 0.6239 0.4428 -0.6440
vn 0.6996 0.3600 -0.6172
vn 0.6313 0.4209 -0.6514
vn 0.7772 0.2491 -0.5779
vn -0.9007 0.4203 -0.1100
vn -0.8739 0.4621 -0.1507
vn -0.8939 0.4319 -0.1205
vn -0.8530 0.4817 -0.2007
vn -0.8789 0.4494 -0.1598
vn -0.8535 0.4719 -0.2209
vn -0.8294 0.4997 -0.2499
vn 0.7629 0.2811 -0.5822
vn 0.8009 0.2103 -0.5606
vn 0.8393 0.1599 -0.5196
vn 0.8000 0.2400 -0.5500
vn 0.8536 0.1707 -0.4921
vn 0.8356 0.2417 -0.4933
vn 0.8556 0.1208 -0.5033
vn 0.8793 0.0799 -0.4696
vn -0.9125 0.4011 -0.0802
vn -0.9296 0.3598 -0.0800
vn -0.8996 0.4172 -0.1290
vn -0.8775 0.4487 -0.1695
vn -0.9017 0.4207 -0.1002
vn 0.8802 0.1500 -0.4502
vn 0.8919 0.1002 -0.4410
vn 0.9109 0.1001 -0.4004
vn 0.9329 0.0802 -0.3511
vn 0.9364 0.0399 -0.3487
vn 0.9023 0.1303 -0.4110
vn 0.9034 0.1506 -0.4015
vn 0.9233 0.1305 -0.3613
vn 0.9478 0.1098 -0.2993
vn 0.8804 0.2201 -0.4202
vn 0.9076 0.1714 -0.3832
vn 0.9135 0.1104 -0.3915
vn 0.9109 0.1602 -0.3804
vn 0.9199 0.1300 -0.3700
vn -0.9428 0.3310 -0.0401
vn -0.9396 0.3399 -0.0400
vn -0.9434 0.3312 -0.0201
vn -0.9352 0.3519 -0.0402
vn -0.9203 0.3902 -0.0301
vn -0.9325 0.3610 -0.0100
vn -0.9477 0.3192 -0.0000
vn 0.9650 0.0201 -0.2613
vn 0.9650 0.0201 -0.2614
vn 0.9805 -0.0500 -0.1901
vn 0.9452 -0.2018 -0.2567
vn 0.9194 -0.1432 -0.3663
vn 0.9927 -0.0902 -0.0802
vn 0.9199 -0.2968 -0.2564
vn 0.9621 -0.2719 0.0209
vn 0.9561 0.0805 -0.2818
vn 0.9813 0.0101 -0.1922
vn 0.9957 -0.0603 -0.0704
vn 0.9099 0.1100 -0.4000
vn 0.9089 0.1198 -0.3995
vn 0.9346 0.0102 -0.3555
vn 0.9168 0.1042 -0.3855
vn 0.9346 0.0101 -0.3555
vn 0.9021 0.1762 -0.3940
vn 0.9810 0.0109 -0.1937
vn 0.9838 0.0169 -0.1787
vn 0.9857 0.0066 -0.1681
vn 0.9494 0.1199 -0.2902
vn 0.9463 0.0201 -0.3226
vn 0.9465 0.0197 -0.3220
vn 0.9611 0.1316 -0.2428
vn 0.9367 0.1441 -0.3191
vn -0.9619 0.2705 -0.0401
vn -0.9750 0.2211 -0.0201
vn -0.9695 0.2399 -0.0500
vn -0.9645 0.2612 -0.0402
vn -0.9880 0.1512 -0.0302
vn -0.9897 0.1400 -0.0300
vn -0.9703 0.2400 -0.0300
vn -0.9652 0.2614 0.0100
vn -0.7641 -0.5704 0.3013
vn 0.1224 -0.9336 0.3367
vn 0.0893 -0.6933 0.7151
vn 0.8321 -0.5230 -0.1846
vn 0.7906 -0.5575 0.2534
vn 0.7330 -0.5824 0.3514
vn 0.9015 -0.4137 0.1273
vn 0.7790 -0.6171 0.1113
vn 0.8986 -0.4238 -0.1139
vn 0.6658 -0.7186 -0.2008
vn 0.8569 -0.4719 -0.2072
vn 0.9447 -0.2272 -0.2365
vn 0.9010 -0.4177 -0.1173
vn 0.7219 -0.6542 0.2256
vn 0.9427 -0.2401 -0.2317
vn 0.8509 -0.4844 -0.2031
vn 0.4236 -0.8711 0.2484
vn 0.0886 -0.6938 0.7147
vn -0.9949 0.1005 -0.0101
vn -0.9951 0.0904 -0.0402
vn -0.9955 0.0804 -0.0503
vn -0.9958 0.0896 -0.0199
vn -0.9958 0.0898 0.0201
vn -0.9975 0.0698 -0.0100
vn -0.9937 0.1104 -0.0201
vn -0.9934 0.1104 -0.0301
vn -0.9891 0.1299 -0.0699
vn -0.9926 0.1103 -0.0501
vn -0.9968 0.0797 0.0100
vn -0.9959 0.0896 -0.0100
vn -0.9950 0.0703 -0.0703
vn -0.9664 0.2215 -0.1309
vn -0.9446 0.2110 -0.2512
vn -0.9829 0.1605 -0.0902
vn -0.9748 0.1809 -0.1306
vn -0.9669 0.1595 -0.1994
vn -0.9829 0.1605 -0.0903
vn -0.9813 0.0901 -0.1702
vn -0.9903 0.1200 -0.0700
vn -0.9835 0.1505 -0.1004
vn -0.9875 0.0499 -0.1496
vn -0.9796 -0.0200 -0.1999
vn -0.9374 0.1396 -0.3191
vn -0.9435 -0.0100 -0.3312
vn -0.8899 -0.2800 -0.3600
vn -0.9569 0.1096 -0.2691
vn -0.9025 -0.2005 -0.3811
vn -0.9084 -0.2296 -0.3494
vn -0.9599 0.0100 -0.2800
vn -0.9245 -0.1207 -0.3617
vn -0.8585 -0.2727 -0.4343
vn -0.9553 -0.0905 -0.2815
vn -0.9240 -0.1908 -0.3314
vn -0.8904 -0.2501 -0.3802
vn -0.8090 -0.3791 -0.4492
vn -0.8867 -0.2852 -0.3639
vn -0.9232 -0.2508 -0.2910
vn -0.8438 -0.3219 -0.4294
vn -0.8849 -0.2514 -0.3921
vn -0.7709 -0.3204 -0.5506
vn -0.8834 -0.2532 -0.3943
vn -0.8548 -0.2769 -0.4390
vn -0.7941 -0.3418 -0.5026
vn -0.7939 -0.3426 -0.5024
vn -0.8088 -0.3795 -0.4493
vn -0.6878 -0.3397 -0.6415
vn -0.7942 -0.3419 -0.5024
vn -0.2503 0.7511 -0.6109
vn -0.1212 0.7265 -0.6764
vn 0.0301 0.7118 -0.7018
vn 0.2007 0.6724 -0.7125
vn -0.6941 0.6036 -0.3923
vn -0.6045 0.6549 -0.4534
vn -0.7751 0.5436 -0.3221
vn -0.5571 0.6864 -0.4675
vn -0.7304 0.5803 -0.3602
vn -0.5654 0.6833 -0.4621
vn -0.5635 0.6842 -0.4629
vn -0.4520 0.7232 -0.5223
vn -0.3012 0.7629 -0.5721
vn -0.2103 0.7712 -0.6009
vn -0.4583 0.7205 -0.5204
vn -0.1498 0.7788 -0.6091
vn -0.4399 0.7233 -0.5322
vn -0.4334 0.7258 -0.5342
vn -0.2718 0.7650 -0.5838
vn -0.1398 0.7885 -0.5989
vn -0.4914 0.7121 -0.5015
vn -0.5635 0.6843 -0.4629
vn -0.4023 0.7443 -0.5331
vn -0.2593 0.7879 -0.5585
vn -0.0802 0.7625 -0.6420
vn 0.0100 0.7599 -0.6499
vn 0.1004 0.7330 -0.6728
vn 0.2516 0.6944 -0.6742
vn -0.0199 0.7865 -0.6173
vn 0.0696 0.7761 -0.6268
vn 0.1699 0.7496 -0.6397
vn 0.2606 0.7216 -0.6414
vn 0.2811 0.7128 -0.6425
vn 0.2794 0.6587 -0.6986
vn 0.3817 0.6227 -0.6830
vn 0.4686 0.5782 -0.6679
vn 0.5335 0.5234 -0.6644
vn 0.4042 0.6467 -0.6468
vn 0.5114 0.5716 -0.6417
vn 0.6038 0.4831 -0.6341
vn 0.3508 0.6916 -0.6314
vn 0.4694 0.6092 -0.6392
vn 0.5599 0.5499 -0.6198
vn 0.6202 0.4802 -0.6202
vn 0.3990 0.6383 -0.6583
vn 0.4015 0.6324 -0.6625
vn 0.4831 0.6038 -0.6340
vn 0.7007 0.4004 -0.5906
vn -0.8311 0.5107 -0.2202
vn -0.8598 0.4699 -0.1999
vn -0.7624 0.5618 -0.3210
vn -0.8102 0.5202 -0.2701
vn -0.7129 0.6125 -0.3414
vn -0.6777 0.6179 -0.3986
vn -0.7791 0.5793 -0.2397
vn -0.6425 0.6526 -0.4016
vn -0.7128 0.6127 -0.3413
vn 0.6616 0.4611 -0.5914
vn 0.5897 0.5297 -0.6097
vn 0.6804 0.4603 -0.5703
vn 0.7383 0.3293 -0.5886
vn 0.7574 0.3389 -0.5581
vn 0.8022 0.2908 -0.5214
vn 0.7217 0.3909 -0.5713
vn 0.7822 0.3409 -0.5215
vn 0.8230 0.3011 -0.4817
vn 0.7346 0.3925 -0.5535
vn 0.7689 0.3994 -0.4993
vn 0.7083 0.4788 -0.5187
vn 0.6906 0.4805 -0.5405
vn 0.7741 0.4323 -0.4625
vn -0.8675 0.4740 -0.1513
vn -0.8719 0.4812 -0.0905
vn -0.8908 0.4504 -0.0601
vn -0.8396 0.5298 -0.1199
vn -0.8118 0.5616 -0.1603
vn -0.8793 0.4696 -0.0799
vn -0.8162 0.5673 -0.1095
vn -0.8496 0.5198 -0.0900
vn -0.8691 0.4897 -0.0698
vn 0.8600 0.2900 -0.4200
vn 0.8619 0.2505 -0.4409
vn 0.8917 0.2104 -0.4008
vn 0.9128 0.1906 -0.3611
vn 0.8848 0.2717 -0.3785
vn 0.8308 0.3403 -0.4404
vn 0.8390 0.3695 -0.3994
vn 0.8716 0.3207 -0.3707
vn 0.8910 0.3004 -0.3404
vn 0.8753 0.3419 -0.3421
vn 0.9113 0.2704 -0.3105
vn -0.9291 0.3697 -0.0100
vn -0.9016 0.4307 -0.0401
vn -0.9169 0.3987 -0.0199
vn -0.8873 0.4586 -0.0499
vn -0.9324 0.3609 -0.0201
vn -0.9072 0.4187 -0.0399
vn -0.9068 0.4187 -0.0502
vn -0.9359 0.3522 -0.0101
vn -0.5795 -0.5295 0.6195
vn -0.5701 -0.5501 0.6102
vn -0.5990 -0.4692 0.6489
vn -0.5604 -0.6005 0.5704
vn -0.7132 -0.5216 0.4684
vn 0.9136 0.2209 -0.3413
vn 0.9390 0.1498 -0.3097
vn -0.6001 -0.5901 0.5401
vn -0.5551 -0.8237 0.1160
vn -0.3862 -0.4766 -0.7897
vn -0.6271 -0.7664 -0.1394
vn 0.9286 0.1498 -0.3395
vn 0.9112 0.1802 -0.3705
vn 0.9334 0.2536 -0.2537
vn 0.9641 0.1288 -0.2324
vn -0.4007 -0.7911 0.4623
vn -0.5570 -0.8223 0.1164
vn -0.6257 -0.7662 -0.1464
vn 0.9466 0.2517 -0.2014
vn -0.5325 -0.7607 0.3712
vn -0.6381 -0.6279 0.4456
vn 0.8971 -0.2315 -0.3762
vn 0.9993 0.0163 -0.0337
vn 0.9336 0.2584 -0.2482
vn 0.8993 -0.2357 -0.3684
vn 0.9988 0.0305 -0.0380
vn 0.9614 0.1277 -0.2439
vn 0.9569 0.1611 -0.2417
vn 0.9569 0.1612 -0.2417
vn 0.9693 0.0404 -0.2427
vn 0.9510 0.1502 -0.2703
vn 0.9694 0.0404 -0.2423
vn -0.9865 0.1611 0.0302
vn -0.9568 0.2891 0.0299
vn -0.9676 0.2494 0.0399
vn -0.9813 0.1902 0.0300
vn -0.9619 0.2705 0.0401
vn -0.9684 0.2496 -0.0000
vn -0.9815 0.1903 0.0200
vn 0.2484 -0.9382 -0.2410
vn -0.7773 -0.6182 0.1168
vn -0.9980 -0.0599 -0.0200
vn 0.0845 -0.9907 0.1068
vn -0.7761 -0.6208 0.1108
vn 0.0820 -0.9899 0.1153
vn 0.3867 -0.7728 -0.5033
vn -0.7786 -0.6188 0.1044
vn 0.3854 -0.7728 -0.5042
vn 0.3560 -0.8358 -0.4179
vn 0.8971 -0.2316 -0.3762
vn 0.0717 -0.9920 0.1038
vn 0.8711 -0.3054 0.3846
vn 0.4684 -0.4213 0.7766
vn 0.3599 -0.4935 0.7918
vn 0.6672 -0.6420 0.3777
vn 0.3986 -0.8884 0.2278
vn 0.7961 -0.5687 -0.2068
vn 0.2554 -0.9363 -0.2411
vn 0.9198 -0.2850 -0.2697
vn 0.9150 -0.2988 -0.2711
vn 0.7098 -0.5798 -0.3999
vn 0.9654 0.1146 -0.2343
vn 0.3788 -0.7756 -0.5050
vn 0.3787 -0.7756 -0.5050
vn 0.9664 0.1161 -0.2295
vn 0.3854 -0.7731 -0.5038
vn 0.9003 -0.2280 -0.3707
vn -0.9971 0.0698 0.0299
vn -0.9919 0.1202 0.0401
vn -0.9974 0.0599 0.0400
vn -0.9952 0.0896 0.0398
vn -0.9901 0.1399 0.0100
vn -0.9957 0.0905 0.0201
vn -0.9999 -0.0000 0.0100
vn -0.9958 0.0896 0.0199
vn -0.9988 0.0499 -0.0000
vn -0.9975 0.0499 -0.0499
vn -0.9996 -0.0000 -0.0300
vn -0.9980 -0.0599 -0.0199
vn -0.9962 -0.0503 -0.0705
vn -0.9909 -0.0600 -0.1201
vn -0.9877 0.0698 -0.1397
vn -0.9825 0.1103 -0.1503
vn -0.9652 -0.1005 -0.2413
vn -0.9750 0.0201 -0.2211
vn -0.9752 -0.0000 -0.2212
vn -0.9669 -0.0403 -0.2518
vn -0.9495 -0.1199 -0.2899
vn -0.9796 -0.0199 -0.2001
vn -0.9583 -0.0599 -0.2795
vn -0.9432 -0.1605 -0.2910
vn -0.9416 -0.1302 -0.3106
vn -0.9432 -0.1606 -0.2910
vn -0.9000 -0.2600 -0.3500
vn -0.9252 -0.2009 -0.3218
vn -0.8545 -0.3355 -0.3966
vn -0.4674 -0.5566 -0.6868
vn -0.7810 -0.4105 -0.4706
vn -0.8471 -0.3453 -0.4040
vn -0.8771 -0.3025 -0.3730
vn -0.6878 -0.5080 -0.5185
vn -0.8812 -0.2804 -0.3805
vn -0.9252 -0.2011 -0.3218
vn -0.7364 -0.5198 -0.4331
vn -0.7993 -0.4249 -0.4249
vn 0.0154 -0.9560 -0.2929
vn -0.0989 -0.9420 -0.3208
vn -0.8720 -0.3308 -0.3608
vn -0.8481 -0.4543 -0.2726
vn 0.1088 -0.9928 -0.0511
vn -0.1065 -0.9415 -0.3198
vn 0.9041 -0.4257 -0.0370
vn 0.0154 -0.9560 -0.2930
vn 0.1091 -0.9928 -0.0488
vn 0.8142 -0.5696 0.1129
vn 0.8910 -0.4405 -0.1101
vn -0.3710 -0.1807 -0.9109
vn -0.1970 -0.4882 -0.8502
vn -0.1999 -0.2530 -0.9466
vn -0.1101 0.8208 -0.5605
vn -0.4202 0.7504 -0.5103
vn -0.3000 0.7998 -0.5199
vn -0.1910 0.8244 -0.5328
vn -0.1808 0.8335 -0.5222
vn -0.0803 0.8430 -0.5319
vn -0.0100 0.8081 -0.5889
vn 0.0704 0.7944 -0.6033
vn 0.1899 0.7696 -0.6097
vn 0.3502 0.7105 -0.6104
vn 0.0200 0.8333 -0.5524
vn 0.0999 0.8090 -0.5793
vn 0.2410 0.7835 -0.5727
vn 0.4291 0.6486 -0.6286
vn -0.5342 0.7257 -0.4334
vn -0.6231 0.6934 -0.3618
vn -0.6702 0.6599 -0.3398
vn -0.6796 0.6695 -0.2998
vn -0.7216 0.6414 -0.2606
vn -0.6700 0.6600 -0.3400
vn -0.7425 0.6422 -0.1906
vn -0.6228 0.7133 -0.3215
vn -0.5342 0.7259 -0.4333
vn -0.4803 0.7904 -0.3802
vn -0.6623 0.7024 -0.2609
vn -0.6795 0.6696 -0.2998
vn -0.6229 0.7132 -0.3214
vn -0.5506 0.7708 -0.3203
vn -0.6898 0.6898 -0.2199
vn -0.4426 0.8248 -0.3520
vn -0.6088 0.7386 -0.2895
vn -0.6609 0.7110 -0.2403
vn -0.3924 0.7949 -0.4628
vn -0.2898 0.8394 -0.4597
vn -0.1805 0.8521 -0.4912
vn -0.3403 0.8508 -0.4004
vn -0.0498 0.8768 -0.4783
vn -0.2495 0.8681 -0.4291
vn 0.3515 0.7632 -0.5422
vn 0.1408 0.8344 -0.5328
vn 0.2508 0.8024 -0.5416
vn 0.3613 0.7728 -0.5218
vn 0.0401 0.8594 -0.5097
vn 0.2506 0.8220 -0.5113
vn 0.3929 0.7758 -0.4937
vn 0.4607 0.6710 -0.5809
vn 0.5284 0.6481 -0.5484
vn 0.5298 0.5997 -0.5997
vn 0.6388 0.5390 -0.5490
vn 0.6910 0.5308 -0.4907
vn 0.7322 0.4915 -0.4714
vn 0.4924 0.7034 -0.5125
vn 0.5945 0.6347 -0.4937
vn 0.6624 0.5821 -0.4717
vn 0.7421 0.5215 -0.4212
vn 0.5015 0.7121 -0.4914
vn 0.5342 0.7258 -0.4334
vn 0.6387 0.6387 -0.4291
vn 0.6492 0.6592 -0.3795
vn 0.6991 0.6292 -0.3396
vn -0.7896 0.5997 -0.1300
vn -0.8072 0.5780 -0.1196
vn -0.8540 0.5124 -0.0904
vn -0.7701 0.6201 -0.1500
vn -0.8502 0.5101 -0.1300
vn -0.7439 0.6434 -0.1809
vn -0.8063 0.5745 -0.1411
vn -0.7127 0.6722 -0.2005
vn -0.6813 0.6913 -0.2404
vn 0.7520 0.5515 -0.3610
vn 0.7757 0.5541 -0.3022
vn -0.7248 -0.6744 0.1409
vn -0.7160 -0.6857 0.1311
vn -0.7997 -0.5927 0.0959
vn 0.8096 0.4298 -0.3998
vn 0.8536 0.4017 -0.3315
vn 0.8924 0.3610 -0.2707
vn 0.8171 0.4842 -0.3127
vn 0.8496 0.4698 -0.2399
vn 0.8705 0.4403 -0.2201
vn 0.9007 0.3803 -0.2102
vn 0.7833 0.5322 -0.3213
vn 0.7938 0.5224 -0.3115
vn 0.8292 0.4895 -0.2697
vn 0.8860 0.4128 -0.2114
vn 0.7924 0.5416 -0.2808
vn 0.8477 0.4945 -0.1918
vn -0.8799 0.4700 -0.0700
vn -0.9288 0.3694 -0.0299
vn -0.8785 0.4692 -0.0898
vn -0.8967 0.4333 -0.0907
vn -0.8798 0.4599 -0.1200
vn -0.9255 0.3623 -0.1106
vn -0.9007 0.4203 -0.1101
vn -0.6848 -0.7150 0.1410
vn 0.9318 0.2805 -0.2305
vn -0.6036 -0.5835 0.5433
vn 0.9333 0.3211 -0.1606
vn -0.8544 -0.5083 0.1082
vn -0.6678 -0.6365 0.3860
vn 0.9795 0.1722 -0.1046
vn 0.9276 0.3092 -0.2095
vn -0.8523 -0.5226 0.0205
vn -0.7581 -0.6484 0.0698
vn -0.7219 -0.6919 0.0100
vn -0.8810 -0.4720 -0.0314
vn 0.9205 0.3002 -0.2501
vn -0.9595 -0.2816 -0.0000
vn 0.8953 0.3923 -0.2112
vn -0.7070 -0.7070 -0.0199
vn 0.9595 0.1931 -0.2053
vn -0.6094 -0.7923 0.0305
vn -0.9057 -0.4205 0.0539
vn 0.9332 0.2910 -0.2107
vn -0.9945 -0.1025 0.0205
vn 0.9187 0.2738 -0.2848
vn 0.8401 0.5001 -0.2100
vn -0.8247 -0.5643 -0.0387
vn -0.7399 -0.5897 -0.3238
vn -0.7991 -0.5937 0.0948
vn -0.8280 -0.5591 -0.0430
vn 0.9272 0.3427 -0.1512
vn -0.6829 -0.7255 0.0854
vn -0.7425 -0.5842 -0.3278
vn -0.6831 -0.7245 0.0921
vn -0.8338 -0.5156 0.1975
vn 0.9703 0.1847 -0.1559
vn -0.9072 -0.3913 0.1547
vn 0.9189 0.2684 -0.2891
vn 0.9541 -0.2983 -0.0257
vn 0.9725 0.1713 -0.1577
vn 0.8401 0.5000 -0.2100
vn 0.9616 0.1783 -0.2086
vn 0.7205 0.6497 -0.2423
vn 0.9744 0.1641 -0.1539
vn -0.9534 0.3012 -0.0201
vn -0.9778 0.2095 -0.0000
vn -0.9476 0.3092 -0.0798
vn -0.9666 0.2491 -0.0598
vn -0.9478 0.2994 -0.1098
vn -0.9618 0.2505 -0.1102
vn 0.9821 0.1581 -0.1022
vn 0.9031 -0.3965 -0.1652
vn 0.6615 -0.7232 -0.1986
vn 0.5353 -0.7575 -0.3737
vn 0.8570 -0.4820 -0.1821
vn 0.4376 -0.8734 -0.2136
vn 0.8942 -0.3939 -0.2129
vn -0.9125 -0.3911 -0.1203
vn 0.4622 -0.8666 -0.1878
vn 0.4310 -0.8763 -0.2154
vn 0.4685 -0.8634 -0.1872
vn 0.9073 -0.3843 -0.1708
vn 0.3195 -0.9149 -0.2469
vn -0.9957 0.0905 -0.0201
vn -0.9997 -0.0100 -0.0200
vn -0.9861 0.1610 -0.0402
vn -0.9951 0.0905 -0.0402
vn -0.9969 0.0604 -0.0503
vn -0.9980 -0.0200 -0.0599
vn -0.9835 0.1506 -0.1004
vn -0.9963 -0.0805 -0.0302
vn -0.9883 -0.1298 -0.0799
vn -0.9828 -0.1404 -0.1203
vn -0.9897 -0.1299 -0.0600
vn -0.9804 -0.1801 -0.0800
vn -0.9626 -0.2106 -0.1705
vn -0.9762 -0.2013 -0.0805
vn -0.9652 -0.2413 -0.1005
vn -0.9599 -0.2526 -0.1213
vn -0.9734 -0.0903 -0.2107
vn -0.9621 -0.0802 -0.2606
vn -0.8948 -0.2614 -0.3619
vn -0.9702 -0.1500 -0.1900
vn -0.9702 -0.1500 -0.1901
vn -0.9409 -0.1902 -0.2803
vn -0.8834 -0.3212 -0.3413
vn -0.9544 -0.2110 -0.2110
vn -0.9545 -0.2110 -0.2110
vn -0.9502 -0.2300 -0.2101
vn -0.9251 -0.2685 -0.2686
vn -0.7544 -0.5477 -0.3617
vn -0.9734 -0.2007 -0.1104
vn -0.9619 -0.2468 -0.1176
vn -0.8092 -0.3942 -0.4357
vn -0.7160 -0.5421 -0.4398
vn 0.7366 -0.6722 0.0746
vn 0.2800 -0.7798 -0.5599
vn 0.3603 -0.7306 -0.5800
vn 0.9146 -0.3616 -0.1808
vn 0.9104 -0.4033 -0.0922
vn -0.8659 -0.3222 -0.3826
vn -0.8491 -0.3786 -0.3683
vn -0.5433 -0.7345 -0.4067
vn -0.5364 -0.4707 -0.7005
vn -0.6377 -0.5952 -0.4889
vn -0.3476 -0.6166 -0.7064
vn 0.7224 -0.5800 0.3765
vn 0.6804 -0.6490 0.3405
vn 0.8811 -0.4671 -0.0743
vn 0.4912 -0.8207 -0.2918
vn -0.5486 -0.7307 -0.4064
vn 0.4374 -0.7074 -0.5552
vn 0.3279 -0.6146 -0.7174
vn 0.4315 -0.7098 -0.5567
vn 0.3280 -0.6135 -0.7184
vn 0.4855 -0.8216 -0.2987
vn 0.3302 -0.8755 -0.3529
vn 0.3233 -0.8776 -0.3541
vn 0.4251 -0.7118 -0.5592
vn 0.9360 -0.3187 -0.1494
vn -0.0492 -0.9045 -0.4237
vn -0.0565 -0.9040 -0.4237
vn -0.4413 0.8124 -0.3811
vn -0.5214 0.7822 -0.3410
vn -0.5215 0.7822 -0.3409
vn -0.4898 0.7896 -0.3698
vn -0.4897 0.7896 -0.3698
vn -0.3914 0.8231 -0.4115
vn -0.2305 0.8724 -0.4311
vn -0.1304 0.8828 -0.4514
vn -0.0202 0.8963 -0.4431
vn -0.3197 0.8393 -0.4396
vn -0.2207 0.8643 -0.4520
vn -0.1402 0.8815 -0.4508
vn -0.0501 0.8913 -0.4507
vn -0.3003 0.8408 -0.4504
vn 0.0803 0.8834 -0.4618
vn 0.1701 0.8605 -0.4803
vn 0.2400 0.8601 -0.4501
vn 0.3507 0.8315 -0.4308
vn 0.1695 0.8775 -0.4487
vn 0.1800 0.8798 -0.4399
vn 0.0603 0.8948 -0.4424
vn 0.1505 0.8940 -0.4220
vn 0.2599 0.8696 -0.4198
vn 0.3594 0.8386 -0.4093
vn 0.3898 0.8296 -0.3998
vn 0.2595 0.8882 -0.3792
vn 0.3313 0.8835 -0.3313
vn 0.5240 0.7557 -0.3929
vn 0.6520 0.6821 -0.3310
vn 0.6264 0.7159 -0.3083
vn 0.5515 0.7520 -0.3610
vn 0.5003 0.8004 -0.3302
vn 0.3512 0.8831 -0.3111
vn -0.7391 0.6492 -0.1798
vn -0.8081 0.5787 -0.1098
vn -0.8610 0.5006 -0.0901
vn -0.7116 0.6816 -0.1704
vn -0.7674 0.6279 -0.1296
vn -0.7712 0.6210 -0.1402
vn -0.8217 0.5611 -0.1001
vn -0.6535 0.7239 -0.2212
vn -0.7310 0.6608 -0.1702
vn -0.6782 0.6982 -0.2294
vn -0.6625 0.7125 -0.2310
vn -0.6813 0.6914 -0.2405
vn -0.6625 0.7126 -0.2309
vn -0.5618 0.7624 -0.3210
vn -0.6014 0.7517 -0.2706
vn -0.5100 0.7901 -0.3400
vn -0.4512 0.8022 -0.3911
vn -0.5739 0.7651 -0.2919
vn -0.5737 0.7655 -0.2916
vn 0.7005 0.6605 -0.2702
vn 0.7645 0.5936 -0.2513
vn -0.7054 -0.7054 0.0699
vn -0.7115 -0.7015 0.0401
vn -0.7053 -0.7053 0.0705
vn 0.7502 0.6302 -0.2001
vn -0.7004 -0.7103 0.0700
vn 0.6320 0.7223 -0.2809
vn 0.6928 0.6926 -0.2006
vn 0.7502 0.6302 -0.2000
vn -0.7139 -0.6838 0.1508
vn -0.7177 -0.6778 0.1595
vn 0.5302 0.8003 -0.2801
vn 0.5910 0.7814 -0.2003
vn 0.6737 0.7139 -0.1910
vn 0.7509 0.6407 -0.1602
vn 0.7829 0.5922 -0.1907
vn 0.7885 0.5989 -0.1397
vn 0.8321 0.5414 -0.1203
vn 0.7836 0.6027 -0.1507
vn 0.7721 0.5300 -0.3508
vn 0.9992 -0.0069 -0.0386
vn -0.9095 0.4098 -0.0701
vn -0.8754 0.4729 -0.1006
vn -0.9081 0.4091 -0.0898
vn -0.9436 0.3212 -0.0803
vn -0.9321 0.3508 -0.0902
vn -0.4626 -0.8840 -0.0668
vn -0.8667 -0.4978 0.0309
vn 0.9161 0.3927 -0.0806
vn -0.8739 -0.4851 0.0313
vn -0.7496 -0.6351 0.1863
vn -0.8317 -0.5537 -0.0400
vn -0.8281 -0.5595 -0.0358
vn -0.7401 -0.6463 0.1857
vn -0.7334 -0.6578 0.1718
vn 0.9830 0.1831 -0.0126
vn -0.8839 -0.4643 0.0570
vn 0.9856 0.1688 -0.0101
vn 0.9451 -0.3190 0.0709
vn -0.4465 -0.8756 0.1841
vn 0.1264 -0.9509 0.2825
vn 0.1969 0.9785 -0.0609
vn -0.9156 0.3836 -0.1206
vn 0.7155 0.6547 -0.2436
vn -0.9962 -0.0480 -0.0720
vn 0.1336 -0.9500 0.2821
vn -0.4461 -0.8756 0.1851
vn 0.2036 0.9772 -0.0611
vn 0.2036 0.9771 -0.0611
vn 0.9736 0.1709 -0.1515
vn 0.9909 0.0273 -0.1319
vn -0.8080 -0.5801 0.1036
vn 0.8752 0.4628 -0.1408
vn -0.8402 -0.5376 0.0717
vn -0.8119 -0.5753 0.0992
vn 0.9436 0.3212 -0.0803
vn -0.8323 -0.5496 0.0723
vn -0.8469 -0.5318 0.0036
vn -0.8851 -0.4628 0.0498
vn -0.7411 -0.6514 0.1626
vn -0.8535 -0.5210 -0.0027
vn -0.2258 -0.9728 -0.0521
vn -0.4465 -0.8752 0.1861
vn -0.9868 0.0408 0.1569
vn 0.9957 0.0590 0.0719
vn -0.9564 -0.2581 -0.1367
vn 0.8818 0.3392 -0.3278
vn -0.8396 -0.5379 0.0763
vn 0.7631 0.5781 -0.2890
vn 0.9282 0.3633 -0.0807
vn -0.7599 -0.6499 -0.0100
vn -0.8220 -0.5658 0.0640
vn 0.9309 0.3562 -0.0811
vn 0.9544 -0.2983 -0.0119
vn -0.4690 -0.8584 0.2079
vn 0.0729 0.9838 0.1639
vn -0.9279 -0.1820 0.3254
vn -0.4697 -0.8583 0.2069
vn 0.0800 0.9832 0.1639
vn 0.9692 0.2442 0.0332
vn 0.7667 0.5330 -0.3578
vn -0.4514 -0.8896 -0.0694
vn 0.4102 -0.8197 0.3999
vn 0.9992 0.0070 -0.0387
vn 0.7713 0.5267 -0.3574
vn -0.9552 -0.2586 -0.1437
vn -0.4576 -0.8857 -0.0786
vn -0.7570 0.4490 0.4747
vn 0.7713 0.5267 -0.3573
vn 0.0067 1.0000 0.0029
vn 0.9851 0.1584 -0.0675
vn -0.0000 1.0000 -0.0000
vn 0.3633 -0.0604 -0.9297
vn 0.4404 0.8565 -0.2692
vn -0.8575 0.1008 -0.5045
vn 0.3593 -0.0553 -0.9316
vn 0.4395 0.8547 -0.2761
vn 0.4471 0.8945 -0.0000
vn -0.0000 -0.0000 1.0000
vn -0.4473 -0.8944 -0.0000
vn 0.9286 0.3475 -0.1302
vn 0.3613 -0.0633 -0.9303
vn -0.8557 0.0953 -0.5086
vn -0.9157 -0.4017 -0.0135
vn -0.8258 -0.5599 0.0672
vn 0.9312 0.3404 -0.1302
vn 0.9391 0.3316 0.0904
vn -0.4692 -0.8591 0.2045
vn -0.5100 -0.4407 0.7387
vn -0.8795 -0.4649 0.1014
vn -0.5069 -0.4435 0.7391
vn 0.7067 0.6934 0.1406
vn -0.5069 -0.4435 0.7392
vn -0.5067 -0.4436 0.7392
vn 0.7025 0.6992 0.1323
vn 0.0800 0.9834 0.1630
vn 0.9728 0.2299 0.0295
vn 0.7119 0.6903 0.1291
vn 0.9618 0.2718 -0.0314
vn -0.9335 0.3413 -0.1104
vn -0.9524 0.2706 -0.1403
vn -0.9589 0.2197 -0.1798
vn -0.9549 0.2614 -0.1407
vn -0.9687 0.1598 -0.1897
vn -0.9714 0.2103 -0.1101
vn -0.9738 0.1706 -0.1506
vn -0.9607 0.2502 -0.1201
vn 0.3675 -0.7568 -0.5406
vn -0.9148 -0.3212 -0.2450
vn 0.1236 -0.8804 -0.4579
vn 0.1370 -0.8792 -0.4564
vn 0.9911 0.0139 -0.1324
vn 0.3605 -0.7596 -0.5414
vn 0.3610 -0.7597 -0.5408
vn 0.3126 -0.9170 -0.2477
vn -0.9098 -0.3348 -0.2455
vn -0.9863 0.0549 0.1554
vn 0.1613 -0.8873 0.4322
vn 0.1304 -0.8802 -0.4564
vn 0.9963 0.0448 0.0733
vn 0.1746 -0.8854 0.4309
vn -0.3792 -0.6605 0.6481
vn -0.9669 -0.2400 0.0868
vn -0.9872 0.0414 0.1538
vn -0.9307 -0.1778 0.3197
vn -0.9663 -0.2441 0.0813
vn -0.3864 -0.6522 0.6521
vn 0.9794 -0.1211 0.1615
vn 0.5884 -0.7845 0.1961
vn 0.5821 -0.7890 0.1967
vn -0.6001 -0.7930 0.1048
vn -0.9275 -0.1819 0.3266
vn -0.8990 -0.4341 -0.0582
vn -0.9663 -0.2440 0.0818
vn 0.9580 -0.2448 -0.1490
vn -0.4729 -0.8198 -0.3229
vn -0.9681 -0.2385 0.0772
vn -0.4787 -0.8179 -0.3192
vn 0.5883 -0.7845 0.1961
vn -0.4788 -0.8179 -0.3192
vn -0.9739 0.1606 -0.1606
vn -0.9853 0.0804 -0.1508
vn -0.9910 -0.0300 -0.1301
vn -0.9619 0.1303 -0.2405
vn -0.9584 0.1697 -0.2296
vn -0.9707 -0.0000 -0.2402
vn -0.9594 0.1099 -0.2598
vn -0.9596 0.0800 -0.2699
vn -0.9627 -0.0000 -0.2707
vn -0.9829 0.0702 -0.1704
vn -0.9713 0.0901 -0.2203
vn -0.9666 0.0598 -0.2491
vn -0.9730 -0.0101 -0.2307
vn -0.9813 -0.1202 -0.1501
vn -0.9782 -0.1697 -0.1198
vn -0.9638 -0.2509 -0.0904
vn -0.9638 -0.2510 -0.0904
vn -0.9713 -0.0901 -0.2203
vn -0.9705 -0.1601 -0.1801
vn -0.9558 -0.2314 -0.1811
vn -0.9360 -0.3179 -0.1511
vn -0.9607 -0.1201 -0.2502
vn -0.9564 -0.2014 -0.2114
vn -0.9332 -0.2910 -0.2107
vn -0.9529 -0.2508 -0.1705
vn -0.9119 -0.3445 -0.2229
vn -0.8211 -0.4516 -0.3490
vn -0.8281 -0.0000 0.5606
vn -0.3714 -0.0000 -0.9285
vn -0.9335 -0.3247 -0.1522
vn -0.8161 -0.5407 -0.2040
vn -0.8155 -0.4429 -0.3725
vn -0.8899 -0.4449 -0.1011
vn -0.9029 -0.4058 -0.1420
vn -0.7352 -0.5591 -0.3832
vn 0.7348 -0.6754 0.0625
vn 0.4191 -0.7264 0.5448
vn 0.3980 -0.6965 0.5970
vn -0.5062 -0.7560 -0.4151
vn 0.1057 -0.7742 -0.6241
vn -0.5020 -0.7572 -0.4180
vn -0.3304 -0.8421 0.4263
vn 0.4253 -0.7253 0.5413
vn -0.4966 -0.7631 -0.4137
vn 0.4190 -0.7264 0.5448
vn 0.1208 -0.7730 -0.6228
vn 0.4229 -0.9062 -0.0000
vn 0.4230 -0.9061 -0.0000
vn -0.8609 -0.4509 -0.2357
vn -0.7978 -0.5830 -0.1534
vn -0.7568 -0.6137 -0.2250
vn -0.7264 -0.6854 -0.0512
vn -0.5904 -0.7975 -0.1243
vn -0.5859 -0.8014 -0.1201
vn -0.0000 -0.0000 -0.0000
vn -0.8723 -0.4712 -0.1303
vn -0.8520 -0.4993 -0.1575
vn -0.7592 -0.6344 -0.1456
vn -0.5874 -0.8001 -0.1216
vn -0.8363 -0.5240 -0.1612
vn -0.5973 -0.7827 -0.1751
vn -0.4531 -0.8660 -0.2114
vn -0.1710 0.8751 -0.4527
vn -0.0803 0.9033 -0.4215
vn -0.1407 0.9047 -0.4021
vn 0.0500 0.9106 -0.4103
vn 0.1805 0.9226 -0.3410
vn 0.0100 0.9291 -0.3697
vn -0.7126 0.6624 -0.2309
vn -0.6115 0.7318 -0.3007
vn -0.5933 0.7240 -0.3519
vn -0.6466 0.7062 -0.2885
vn -0.3608 0.8218 -0.4410
vn -0.4199 0.8098 -0.4099
vn -0.4712 0.7911 -0.3900
vn -0.4199 0.8097 -0.4099
vn -0.5197 0.7795 -0.3498
vn -0.6115 0.7318 -0.3008
vn -0.3797 0.8193 -0.4296
vn -0.4315 0.8128 -0.3913
vn -0.5104 0.7808 -0.3602
vn -0.5126 0.7639 -0.3920
vn -0.3589 0.8574 -0.3689
vn -0.4315 0.8128 -0.3914
vn -0.2704 0.8611 -0.4306
vn -0.2010 0.9143 -0.3517
vn -0.3211 0.8530 -0.4115
vn -0.2902 0.8906 -0.3502
vn -0.2011 0.9252 -0.3218
vn 0.0703 0.9443 -0.3214
vn 0.2100 0.9203 -0.3301
vn 0.2905 0.9117 -0.2905
vn -0.0503 0.9347 -0.3518
vn 0.1810 0.9453 -0.2715
vn -0.0800 0.9505 -0.3002
vn 0.2897 0.9291 -0.2298
vn 0.5009 0.8315 -0.2404
vn 0.5944 0.7758 -0.2116
vn 0.6812 0.7012 -0.2104
vn 0.7018 0.6917 -0.1704
vn 0.4209 0.8718 -0.2505
vn 0.5707 0.7910 -0.2203
vn 0.7344 0.6640 -0.1408
vn 0.6630 0.7333 -0.1507
vn 0.4531 0.8660 -0.2115
vn 0.5489 0.8185 -0.1696
vn 0.6226 0.7732 -0.1205
vn 0.7439 0.6635 -0.0804
vn 0.8715 0.4903 0.0082
vn 0.7722 0.6218 -0.1304
vn -0.8051 0.5736 -0.1510
vn -0.6835 0.6735 -0.2815
vn -0.7547 0.6139 -0.2314
vn -0.8423 0.5114 -0.1705
vn -0.9149 0.3821 -0.1307
vn -0.6821 0.6521 -0.3310
vn -0.7799 0.5599 -0.2799
vn -0.8622 0.4511 -0.2306
vn -0.8942 0.3902 -0.2196
vn -0.5906 0.7007 -0.4004
vn -0.7214 0.5912 -0.3607
vn -0.8204 0.4803 -0.3102
vn -0.9013 0.3605 -0.2403
vn 0.3972 -0.8229 0.4063
vn -0.7290 -0.6604 0.1799
vn -0.3957 -0.3788 0.8366
vn -0.6721 -0.7322 0.1103
vn -0.6918 -0.7218 0.0201
vn -0.6812 -0.7315 0.0300
vn -0.6950 -0.6950 0.1840
vn -0.5345 -0.8437 0.0506
vn -0.6382 -0.6183 0.4587
vn -0.3758 -0.8978 0.2297
vn 0.2145 -0.9762 0.0322
vn -0.3975 -0.3766 0.8367
vn 0.8781 0.4783 0.0109
vn -0.3928 -0.3727 0.8407
vn 0.7251 0.6884 0.0178
vn 0.8751 0.4839 0.0046
vn -0.0001 1.0000 -0.0001
vn -0.3974 -0.3766 0.8368
vn -0.7523 0.4518 0.4794
vn -0.3975 -0.3766 0.8368
vn 0.0070 1.0000 0.0016
vn 0.7303 0.6827 0.0261
vn 0.7294 0.6837 0.0207
vn -0.3287 -0.9411 0.0800
vn -0.0149 -0.9087 0.4171
vn 0.3081 0.8009 -0.5134
vn -0.8564 0.1080 -0.5049
vn 0.9651 -0.2373 0.1108
vn 0.9859 0.1563 -0.0602
vn 0.9632 -0.2439 0.1131
vn 0.7295 0.6837 0.0207
vn 0.9846 0.1631 -0.0623
vn 0.9633 -0.2443 0.1114
vn 0.3082 0.8009 -0.5134
vn -0.9685 -0.0851 -0.2341
vn -0.8584 0.0930 -0.5045
vn -0.9154 -0.4016 -0.0276
vn 0.9142 0.2670 -0.3049
vn 0.9385 0.3357 0.0806
vn -0.8820 -0.4632 0.0867
vn -0.7397 -0.6373 -0.2162
vn 0.6957 0.6781 -0.2370
vn 0.9123 0.2656 -0.3118
vn 0.9355 0.3433 0.0839
vn 0.7088 0.6940 0.1264
vn 0.6964 0.6770 -0.2381
vn 0.9761 0.1536 -0.1535
vn 0.7990 0.5893 -0.1199
vn 0.7289 0.6844 0.0197
vn 0.8645 0.4925 -0.1005
vn -0.6910 -0.7211 0.0501
vn 0.9632 -0.2442 0.1120
vn 0.7302 0.6828 0.0232
vn 0.9669 -0.2286 0.1132
vn 0.8513 -0.5212 -0.0610
vn -0.2409 -0.9693 0.0496
vn -0.0764 0.8297 -0.5530
vn -0.9464 -0.2227 -0.2338
vn -0.3288 -0.9410 0.0794
vn -0.2553 -0.9656 0.0493
vn 0.3012 0.8028 -0.5147
vn 0.9139 0.2677 -0.3050
vn -0.0691 0.8301 -0.5534
vn 0.9102 -0.2609 -0.3216
vn -0.3326 -0.1083 -0.9368
vn -0.2606 -0.8238 -0.5034
vn -0.3309 -0.1103 -0.9372
vn 0.6920 0.6798 -0.2429
vn 0.0686 0.9881 -0.1378
vn -0.9480 0.0936 -0.3043
vn -0.3308 -0.1102 -0.9373
vn 0.9100 0.2651 -0.3186
vn 0.6908 0.6785 -0.2498
vn 0.9069 -0.2674 -0.3255
vn -0.3307 -0.1103 -0.9373
vn 0.9093 -0.2675 -0.3187
vn 0.9123 0.2656 -0.3117
vn 0.0618 0.9884 -0.1390
vn 0.9914 0.1293 -0.0215
vn 0.8503 0.5100 -0.1300
vn -0.7760 -0.6085 -0.1662
vn 0.8502 0.5101 -0.1300
vn -0.1314 -0.9913 -0.0000
vn -0.1383 -0.8641 -0.4840
vn -0.1379 -0.8642 -0.4840
vn 0.1518 0.9865 -0.0607
vn -0.9456 0.3232 -0.0359
vn -0.2556 -0.8289 -0.4977
vn 0.1518 0.9866 -0.0607
vn 0.7808 0.3604 -0.5104
vn 0.9853 -0.0225 -0.1695
vn 0.7808 0.3603 -0.5105
vn -0.5294 -0.8470 0.0470
vn 0.2213 -0.9747 0.0321
vn 0.9855 -0.0069 -0.1695
vn 0.7807 0.3603 -0.5105
vn -0.7790 -0.6047 -0.1657
vn -0.5293 -0.8471 0.0470
vn -0.9605 -0.2703 0.0662
vn -0.7775 -0.6047 -0.1729
vn 0.9958 0.0337 -0.0852
vn 0.7791 0.3630 -0.5110
vn -0.9642 -0.2569 0.0661
vn -0.9929 -0.0000 0.1187
vn -0.0716 -0.9326 0.3538
vn -0.0511 0.6454 0.7621
vn 0.3579 0.8360 -0.4159
vn 0.3713 0.8303 -0.4157
vn -0.9844 0.1507 -0.0904
vn -0.9865 0.1208 -0.1107
vn -0.9596 0.2699 -0.0800
vn -0.9749 0.2111 -0.0704
vn -0.9713 0.2202 -0.0901
vn -0.9786 0.1897 -0.0799
vn -0.9418 0.3006 -0.1503
vn -0.9614 0.2306 -0.1502
vn -0.9664 0.2092 -0.1494
vn -0.5995 -0.7952 0.0908
vn 0.2244 -0.9342 -0.2774
vn 0.2985 -0.6646 -0.6850
vn -0.8981 -0.4339 -0.0718
vn 0.2239 -0.9315 -0.2866
vn 0.2841 -0.6678 -0.6880
vn -0.9477 0.0883 -0.3067
vn -0.2721 -0.8656 -0.4204
vn -0.2720 -0.8624 -0.4269
vn 0.2233 -0.9326 -0.2836
vn -0.7429 -0.6321 -0.2201
vn -0.2720 -0.8656 -0.4204
vn -0.9432 0.3302 -0.0358
vn -0.5421 -0.8262 -0.1533
vn -0.5483 -0.8223 -0.1523
vn 0.3643 0.8330 -0.4164
vn -0.9861 0.0406 -0.1611
vn -0.9951 0.0402 -0.0905
vn -0.9913 -0.0200 -0.1301
vn -0.9923 -0.0301 -0.1203
vn -0.9971 -0.0302 -0.0705
vn -0.9863 0.1007 -0.1308
vn -0.9887 -0.0100 -0.1498
vn -0.9927 0.0100 -0.1203
vn -0.9811 -0.0701 -0.1802
vn -0.9801 -0.1300 -0.1500
vn -0.9661 -0.2245 -0.1277
vn -0.9841 -0.1205 -0.1305
vn -0.9752 -0.1404 -0.1713
vn -0.9963 -0.0604 -0.0604
vn -0.9967 -0.0705 -0.0403
vn -0.9837 -0.1606 -0.0803
vn -0.9545 -0.2512 -0.1607
vn -0.9641 -0.2309 -0.1309
vn -0.9752 -0.1408 -0.1709
vn -0.9829 -0.1304 -0.1304
vn -0.9526 -0.2635 -0.1520
vn -0.9782 -0.1815 -0.1009
vn -0.9432 -0.3010 -0.1405
vn -0.8966 -0.4231 -0.1310
vn -0.8014 -0.5959 -0.0514
vn -0.5207 -0.7926 -0.3171
vn -0.3786 -0.9165 -0.1295
vn -0.2852 -0.9268 -0.2444
vn -0.9255 -0.3622 -0.1107
vn -0.8929 -0.4363 -0.1116
vn -0.6805 -0.7114 -0.1753
vn -0.6036 -0.7847 -0.1408
vn -0.2126 0.0072 -0.9771
vn -0.5215 -0.7893 -0.3241
vn -0.1002 0.8818 -0.4609
vn -0.2124 -0.0072 -0.9772
vn -0.9128 -0.3611 -0.1906
vn -0.7535 -0.6090 -0.2477
vn -0.7007 -0.7007 -0.1340
vn -0.6065 -0.7948 -0.0209
vn -0.5071 -0.7709 0.3854
vn -0.5992 -0.7542 0.2686
vn -0.3901 -0.8803 0.2701
vn -0.8907 -0.4352 -0.1316
vn -0.7756 -0.5817 -0.2449
vn -0.7622 -0.6471 -0.0210
vn -0.7532 -0.6577 -0.0106
vn -0.4754 -0.8699 0.1315
vn -0.4010 0.8618 -0.3105
vn -0.4506 0.8211 -0.3505
vn -0.5105 0.7807 -0.3604
vn -0.5104 0.7808 -0.3604
vn -0.4607 0.8315 -0.3105
vn -0.5191 0.7887 -0.3294
vn -0.5199 0.7998 -0.2999
vn -0.4478 0.8559 -0.2588
vn -0.3590 0.8874 -0.2892
vn -0.2897 0.9090 -0.2997
vn -0.2094 0.9371 -0.2792
vn -0.2895 0.9184 -0.2695
vn -0.3897 0.8892 -0.2398
vn -0.3398 0.9094 -0.2398
vn -0.2195 0.9377 -0.2693
vn -0.3829 0.8968 -0.2217
vn -0.2693 0.9275 -0.2593
vn 0.0400 0.9592 -0.2798
vn 0.1506 0.9535 -0.2609
vn 0.2296 0.9482 -0.2196
vn -0.1005 0.9544 -0.2813
vn 0.0302 0.9648 -0.2613
vn 0.1299 0.9595 -0.2499
vn -0.1403 0.9524 -0.2706
vn -0.0301 0.9648 -0.2613
vn 0.1096 0.9671 -0.2296
vn 0.2014 0.9564 -0.2114
vn 0.4100 0.8899 -0.2000
vn 0.3618 0.9145 -0.1809
vn 0.5020 0.8534 -0.1406
vn 0.6129 0.7837 -0.1005
vn 0.6907 0.7207 -0.0601
vn 0.3416 0.9242 -0.1708
vn 0.6756 0.7361 -0.0404
vn 0.3014 0.9342 -0.1909
vn 0.4706 0.8711 -0.1402
vn 0.5616 0.8224 -0.0903
vn -0.7646 0.5332 -0.3622
vn -0.8449 0.4373 -0.3081
vn -0.6509 0.6509 -0.3906
vn -0.6777 0.6179 -0.3987
vn -0.6913 0.6012 -0.4008
vn -0.6909 0.6208 -0.3705
vn -0.6940 0.6336 -0.3420
vn -0.7132 0.6228 -0.3215
vn -0.5908 0.7217 -0.3609
vn -0.5911 0.7214 -0.3607
vn -0.5512 0.7616 -0.3407
vn -0.5906 0.7407 -0.3203
vn -0.6599 0.6800 -0.3198
vn -0.6509 0.6510 -0.3905
vn 0.2126 -0.9512 0.2238
vn -0.4354 -0.8916 0.1244
vn -0.6868 -0.7266 -0.0199
vn -0.6710 -0.7412 -0.0200
vn -0.6511 -0.7351 0.1890
vn -0.6679 -0.7201 0.1878
vn -0.6160 -0.7877 -0.0098
vn -0.0926 -0.9850 0.1453
vn -0.5368 -0.6065 0.5865
vn -0.5401 -0.8401 0.0500
vn -0.4892 -0.8662 0.1019
vn -0.3929 -0.8081 0.4389
vn -0.6037 -0.7949 0.0604
vn -0.6740 -0.7343 0.0805
vn -0.5800 -0.8038 0.1323
vn 0.9282 -0.3676 0.0577
vn 0.7479 0.6594 -0.0764
vn 0.0005 0.9976 0.0687
vn -0.9504 -0.1912 0.2454
vn -0.0000 0.9983 0.0576
vn 0.9709 -0.2354 0.0441
vn -0.9530 -0.1772 0.2458
vn 0.0243 -0.9937 0.1091
vn -0.3580 0.9240 0.1343
vn -0.9980 -0.0123 0.0616
vn -0.3580 0.9241 0.1339
vn 0.0242 -0.9937 0.1091
vn -0.3647 0.9214 0.1344
vn -0.0518 0.6470 0.7608
vn 0.9969 0.0560 0.0560
vn -0.0905 -0.9956 0.0226
vn -0.0977 -0.9950 0.0229
vn -0.0586 0.6448 0.7621
vn -0.0570 -0.9334 0.3542
vn -0.0830 -0.9963 0.0227
vn 0.9978 -0.0352 0.0570
vn 0.9980 -0.0281 0.0563
vn -0.0725 0.9911 0.1117
vn -0.8925 -0.4050 0.1984
vn -0.0925 -0.9850 0.1456
vn -0.0799 0.9905 0.1118
vn 0.9866 -0.1487 0.0676
vn -0.8925 -0.4051 0.1983
vn 0.0120 -0.9981 0.0602
vn 0.0666 0.9963 0.0552
vn -0.3580 0.9238 0.1356
vn -0.9947 -0.0881 0.0537
vn -0.9979 -0.0196 0.0614
vn 0.0765 0.9955 0.0552
vn 0.0044 -0.9982 0.0600
vn 0.0738 0.9957 0.0553
vn 0.9988 -0.0476 0.0119
vn -0.9959 -0.0733 0.0535
vn 0.0682 -0.9966 0.0457
vn 0.9988 -0.0475 0.0119
vn 0.0545 -0.9974 0.0463
vn 0.2120 0.7420 0.6360
vn 0.1367 0.9890 0.0573
vn -0.9406 0.3386 0.0251
vn 0.2194 0.7402 0.6355
vn 0.9742 0.2214 0.0443
vn 0.1217 0.9909 0.0575
vn 0.8551 0.4633 0.2326
vn -0.3829 -0.8100 0.4442
vn 0.8615 0.4504 0.2345
vn -0.3893 -0.8065 0.4449
vn 0.6280 0.7508 0.2048
vn 0.8580 0.4567 0.2353
vn -0.3893 -0.8065 0.4450
vn 0.6335 0.7461 0.2049
vn 0.6330 0.7476 0.2008
vn 0.9860 -0.1662 -0.0141
vn 0.2645 -0.9609 0.0817
vn 0.0188 0.9954 0.0939
vn -0.9775 -0.0427 0.2066
vn 0.2646 -0.9610 0.0810
vn 0.9852 -0.0915 0.1448
vn -0.9780 -0.0362 0.2053
vn -0.2072 -0.9323 0.2965
vn 0.5709 0.8183 0.0670
vn -0.7524 -0.0000 0.6587
vn -0.1321 -0.0000 -0.9912
vn 0.9859 -0.0842 0.1443
vn -0.2130 -0.9284 0.3044
vn 0.5767 0.8141 0.0679
vn 0.7501 0.6601 -0.0400
vn 0.6322 0.7488 0.1990
vn 0.9863 -0.1645 -0.0143
vn 0.9858 -0.1539 0.0674
vn -0.0740 -0.9485 0.3080
vn 0.0225 0.9875 0.1559
vn -0.8921 -0.2616 0.3683
vn 0.9869 -0.1467 0.0667
vn -0.0810 -0.9482 0.3072
vn 0.0157 0.9875 0.1568
vn 0.8981 0.3988 0.1853
vn -0.1796 -0.2566 0.9497
vn -0.6767 -0.6710 0.3031
vn -0.8890 -0.2752 0.3659
vn -0.1868 -0.2539 0.9490
vn 0.8952 0.4016 0.1932
vn -0.1797 -0.2567 0.9497
vn 0.6403 0.7277 0.2459
vn 0.8969 0.3950 0.1987
vn 0.9436 -0.0000 -0.3310
vn -0.7809 -0.0001 0.6247
vn -0.1797 -0.2566 0.9497
vn 0.5826 0.8099 0.0676
vn 0.6464 0.7243 0.2399
vn 0.6464 0.7261 0.2344
vn 0.9772 0.2124 -0.0000
vn -0.8849 0.3922 -0.2514
vn -0.9352 0.2916 -0.2011
vn -0.9453 0.2715 -0.1810
vn -0.9611 0.1902 -0.2002
vn -0.8181 0.4949 -0.2929
vn -0.8635 0.4316 -0.2611
vn -0.9125 0.3309 -0.2407
vn -0.7962 0.5241 -0.3024
vn -0.8900 0.3600 -0.2800
vn -0.9428 0.2307 -0.2407
vn -0.9379 0.3460 0.0244
vn 0.6981 -0.6982 0.1587
vn 0.6928 -0.7032 0.1601
vn -0.8846 0.1351 0.4463
vn -0.0083 -0.8750 0.4841
vn -0.0000 -0.8706 0.4920
vn 0.4783 -0.8780 -0.0185
vn 0.4722 -0.8814 -0.0157
vn -0.9945 0.0301 -0.1004
vn -0.9915 0.0501 -0.1202
vn -0.9793 0.1099 -0.1699
vn -0.9934 0.0301 -0.1104
vn -0.9903 0.0700 -0.1200
vn -0.9931 0.0401 -0.1103
vn -0.9971 0.0302 -0.0705
vn -0.9827 0.1203 -0.1404
vn -0.9938 -0.0100 -0.1104
vn -0.9909 -0.1001 -0.0901
vn -0.9931 -0.1103 -0.0401
vn -0.9652 -0.2413 -0.1006
vn -0.9544 -0.2812 -0.1004
vn -0.9818 -0.1721 -0.0810
vn -0.9713 -0.2203 -0.0901
vn -0.9764 -0.1913 -0.1007
vn -0.9728 -0.2206 -0.0702
vn -0.9060 -0.3826 -0.1812
vn -0.9931 -0.0401 -0.1103
vn -0.9816 -0.1618 -0.1012
vn -0.9419 -0.3206 -0.1002
vn -0.8557 -0.5093 -0.0917
vn -0.9523 -0.2877 -0.1021
vn -0.8762 -0.4733 -0.0906
vn -0.7931 -0.5897 -0.1525
vn -0.7303 -0.6491 -0.2130
vn -0.7682 -0.5683 -0.2947
vn -0.7112 -0.5520 -0.4352
vn -0.5428 -0.8091 -0.2253
vn -0.8178 -0.5553 -0.1514
vn -0.6641 -0.7357 -0.1328
vn -0.6204 -0.7019 -0.3500
vn -0.5740 -0.5840 -0.5740
vn -0.8235 -0.5316 -0.1981
vn -0.7421 -0.6700 0.0206
vn -0.7121 -0.7018 0.0206
vn -0.6007 -0.7942 0.0916
vn -0.8247 -0.5296 -0.1984
vn -0.9176 -0.3691 -0.1477
vn -0.8313 -0.5506 0.0756
vn -0.6857 -0.7160 0.1311
vn -0.4984 0.8273 -0.2592
vn -0.1894 0.9471 -0.2592
vn -0.4198 0.8696 -0.2599
vn -0.2612 0.9347 -0.2411
vn -0.4584 0.8471 -0.2691
vn -0.3811 0.8926 -0.2407
vn -0.2799 0.9296 -0.2399
vn -0.1794 0.9567 -0.2292
vn 0.1708 0.9646 -0.2009
vn -0.1502 0.9510 -0.2703
vn -0.0802 0.9621 -0.2606
vn 0.0501 0.9718 -0.2304
vn -0.1608 0.9545 -0.2512
vn -0.1195 0.9660 -0.2291
vn -0.0000 0.9778 -0.2095
vn 0.1205 0.9742 -0.1908
vn 0.4102 0.9011 -0.1402
vn 0.6533 0.7538 -0.0705
vn 0.2512 0.9545 -0.1608
vn 0.5309 0.8415 -0.1002
vn 0.6528 0.7533 -0.0804
vn 0.3815 0.9136 -0.1406
vn 0.5780 0.8072 -0.1196
vn 0.2414 0.9553 -0.1709
vn -0.6970 0.6472 -0.3087
vn -0.7108 0.6407 -0.2903
vn -0.5888 0.7584 -0.2794
vn -0.6587 0.6986 -0.2794
vn -0.6888 0.6689 -0.2795
vn -0.5416 0.7923 -0.2808
vn -0.5614 0.7820 -0.2707
vn -0.6231 0.7336 -0.2713
vn -0.6495 0.7101 -0.2720
vn -0.6706 0.6908 -0.2704
vn -0.6977 0.6678 -0.2592
vn -0.4908 0.8314 -0.2605
vn -0.5087 -0.8189 0.2659
vn -0.6284 -0.7624 0.1545
vn -0.6349 -0.7660 0.1008
vn 0.0501 -0.8520 0.5212
vn -0.3274 -0.8554 0.4013
vn -0.5771 -0.8104 0.1010
vn 0.6135 0.7845 -0.0905
vn 0.7444 0.6640 -0.0704
vn 0.8560 0.5065 0.1034
vn -0.5922 -0.7964 0.1225
vn -0.2011 -0.5943 0.7787
vn -0.1936 -0.6048 0.7725
vn 0.8625 0.4949 0.1062
vn -0.1971 -0.5969 0.7777
vn 0.6716 0.7223 0.1647
vn 0.8588 0.5009 0.1074
vn 0.0157 0.9875 0.1567
vn -0.2005 -0.6015 0.7733
vn -0.8917 -0.2617 0.3694
vn 0.6664 0.7273 0.1641
vn 0.8982 0.3986 0.1852
vn 0.6766 0.7185 0.1612
vn -0.7494 -0.6583 0.0709
vn 0.8971 0.4004 0.1868
vn 0.9785 0.1634 -0.1258
vn 0.6765 0.7187 0.1606
vn 0.7407 0.6706 -0.0400
vn 0.7598 0.6498 -0.0200
vn -0.6246 -0.7757 0.0907
vn 0.8209 0.5707 -0.0200
vn 0.6748 0.7208 0.1584
vn -0.4572 -0.8876 0.0557
vn 0.8210 0.5706 -0.0200
vn 0.9929 -0.1171 0.0223
vn 0.7008 0.7108 -0.0601
vn -0.5792 -0.8129 0.0610
vn -0.5734 -0.8192 -0.0102
vn -0.6077 -0.7900 0.0810
vn -0.7457 -0.6651 0.0403
vn 0.5369 0.1193 0.8352
vn 0.6859 0.7274 0.0208
vn 0.8211 0.5708 -0.0100
vn 0.9192 0.3925 -0.0310
vn 0.6246 0.7757 -0.0907
vn 0.7211 0.6910 -0.0501
vn -0.6487 -0.7606 0.0268
vn -0.6361 -0.7603 0.1318
vn 0.8046 0.5935 -0.0201
vn 0.8252 0.5648 -0.0092
vn -0.6549 -0.7556 0.0101
vn -0.3162 -0.9487 -0.0000
vn 0.8787 0.0366 -0.4760
vn 0.9944 0.0947 -0.0473
vn 0.8047 0.5934 -0.0201
vn 0.8211 0.5707 -0.0100
vn -0.7519 0.5815 -0.3108
vn -0.8314 0.4608 -0.3104
vn -0.9209 0.2903 -0.2602
vn -0.8099 0.5098 -0.2900
vn -0.7797 0.5697 -0.2599
vn -0.8535 0.4619 -0.2410
vn -0.9116 0.3406 -0.2304
vn -0.7328 0.6324 -0.2510
vn -0.8043 0.5429 -0.2413
vn -0.8580 0.4490 -0.2494
vn -0.7328 0.6325 -0.2510
vn -0.2525 -0.9642 -0.0803
vn 0.0073 0.7070 0.7071
vn -0.9383 -0.3312 0.0993
vn -0.1534 -0.9718 0.1790
vn -0.2525 -0.9642 -0.0804
vn 0.9794 0.1561 -0.1277
vn 0.4722 -0.8814 -0.0158
vn 0.9374 -0.3207 0.1357
vn -0.0073 0.7070 0.7072
vn 0.0194 -0.9923 0.1225
vn -0.1605 -0.9705 0.1800
vn 0.0123 -0.9924 0.1225
vn 0.9397 -0.3139 0.1358
vn -0.0475 0.9027 0.4276
vn -0.9533 -0.2986 0.0459
vn 0.9930 -0.1175 0.0098
vn -0.4572 -0.8876 0.0564
vn 0.9621 -0.2532 0.1013
vn -0.1338 -0.9897 0.0515
vn 0.9640 -0.2459 0.1015
vn -0.1487 -0.9876 0.0512
vn -0.4363 -0.8989 0.0397
vn 0.5369 0.1194 0.8351
vn -0.8367 -0.5469 -0.0299
vn -0.4349 -0.8999 0.0326
vn 0.5360 0.1263 0.8347
vn -0.4426 -0.8959 0.0378
vn 0.8295 -0.5535 -0.0743
vn -0.0959 -0.9947 -0.0359
vn 0.8335 -0.5474 -0.0746
vn -0.0959 -0.9947 -0.0360
vn 0.8787 0.0367 -0.4759
vn -0.4383 -0.8977 0.0449
vn -0.3163 -0.9487 -0.0000
vn 0.9937 0.1019 -0.0473
vn -0.8384 -0.5442 -0.0310
vn -0.9514 -0.3062 -0.0328
vn 0.9468 -0.3197 -0.0369
vn -0.1075 -0.9939 -0.0253
vn 0.9490 -0.3130 -0.0372
vn -0.1217 -0.9922 -0.0256
vn -0.9591 0.1899 -0.2098
vn -0.9813 0.1202 -0.1502
vn -0.9870 0.0798 -0.1396
vn -0.9402 0.2601 -0.2200
vn -0.9592 0.1998 -0.1999
vn -0.9518 0.2404 -0.1904
vn -0.9720 0.1503 -0.1804
vn -0.9835 0.0602 -0.1706
vn -0.9502 0.2300 -0.2100
vn -0.9860 0.0704 -0.1509
vn -0.9900 -0.0201 -0.1397
vn -0.9693 -0.2198 -0.1099
vn -0.9553 -0.2939 -0.0315
vn -0.9815 -0.1301 -0.1401
vn -0.9885 -0.0200 -0.1498
vn -0.9844 -0.1507 -0.0904
vn -0.9718 -0.2275 -0.0620
vn -0.9399 -0.3405 -0.0259
vn -0.9895 -0.0800 -0.1200
vn -0.9788 -0.1498 -0.1398
vn -0.9677 -0.2419 -0.0706
vn -0.9036 -0.4264 0.0406
vn -0.9532 -0.3009 -0.0303
vn -0.8443 -0.5354 -0.0206
vn -0.6946 -0.7156 -0.0737
vn -0.7060 -0.6656 0.2420
vn -0.5664 -0.8239 -0.0206
vn -0.9406 -0.3388 -0.0204
vn -0.8922 -0.4513 0.0200
vn -0.8908 -0.4504 -0.0600
vn -0.7969 -0.6027 -0.0409
vn -0.7165 -0.6761 -0.1716
vn -0.6014 -0.7517 -0.2706
vn -0.8922 -0.4511 0.0200
vn -0.9096 -0.4144 0.0303
vn -0.8284 -0.5556 0.0707
vn -0.8243 -0.5618 0.0705
vn -0.6811 -0.7311 0.0400
vn -0.9316 -0.3544 -0.0810
vn -0.8180 -0.5711 -0.0693
vn -0.8092 -0.5834 -0.0702
vn -0.6202 -0.7803 -0.0800
vn -0.4090 0.8778 -0.2494
vn -0.2106 0.9524 -0.2206
vn -0.3301 0.9102 -0.2501
vn -0.2791 0.9372 -0.2092
vn -0.1301 0.9711 -0.2002
vn -0.0299 0.9774 -0.2094
vn 0.0901 0.9713 -0.2203
vn -0.1999 0.9592 -0.2000
vn -0.1005 0.9744 -0.2009
vn -0.1902 0.9611 -0.2002
vn 0.0101 0.9752 -0.2212
vn 0.2305 0.9522 -0.2005
vn 0.3591 0.9177 -0.1696
vn 0.3296 0.9287 -0.1698
vn 0.1998 0.9592 -0.1998
vn -0.6123 0.7428 -0.2710
vn -0.6879 0.6779 -0.2592
vn -0.6407 0.7108 -0.2903
vn -0.5997 0.7497 -0.2799
vn -0.6678 0.6977 -0.2591
vn -0.5215 0.8124 -0.2608
vn -0.4187 0.8673 -0.2692
vn -0.4410 0.8618 -0.2505
vn -0.3923 0.8953 -0.2112
vn -0.5388 0.7982 -0.2694
vn 0.4645 0.8786 -0.1111
vn 0.5911 0.8015 -0.0902
vn 0.3906 0.9113 -0.1302
vn 0.5443 0.8367 -0.0605
vn 0.2616 0.9549 -0.1407
vn 0.3721 0.9238 -0.0899
vn -0.6312 -0.6813 0.3707
vn -0.5425 -0.7780 0.3168
vn 0.7822 0.6218 -0.0401
vn 0.6906 0.7207 -0.0600
vn -0.6338 -0.7667 0.1022
vn -0.6657 -0.7363 0.1210
vn 0.7822 0.6217 -0.0401
vn 0.8046 0.5934 -0.0201
vn 0.8806 -0.4736 0.0165
vn -0.6450 -0.6919 0.3245
vn -0.7002 -0.7104 0.0710
vn -0.6366 -0.7701 -0.0411
vn 0.7649 0.6441 0.0101
vn 0.6710 0.7412 -0.0201
vn -0.6888 -0.7192 -0.0911
vn -0.6541 -0.7547 -0.0503
vn 0.9700 -0.2400 0.0388
vn -0.6222 -0.7828 0.0100
vn -0.5935 -0.8048 -0.0100
vn 0.3766 -0.4711 0.7976
vn 0.8623 0.5021 0.0654
vn -0.8496 0.4698 -0.2399
vn -0.8820 0.4110 -0.2305
vn -0.7600 0.6000 -0.2500
vn -0.8292 0.5095 -0.2298
vn -0.8666 0.4482 -0.2191
vn -0.7607 0.6106 -0.2202
vn -0.8133 0.5423 -0.2109
vn -0.8660 0.4531 -0.2114
vn -0.8134 0.5422 -0.2109
vn -0.7110 0.6609 -0.2403
vn -0.7079 0.6680 -0.2293
vn -0.2253 -0.9725 0.0593
vn -0.0525 0.9972 0.0525
vn -0.9345 -0.3518 0.0550
vn 0.8806 -0.4736 0.0164
vn -0.0525 0.9972 0.0524
vn 0.8464 -0.5312 0.0373
vn -0.1120 -0.9915 0.0658
vn 0.8502 -0.5251 0.0375
vn -0.1258 -0.9898 0.0663
vn -0.1254 -0.9918 0.0228
vn -0.9733 -0.2271 -0.0325
vn 0.9598 -0.2795 0.0243
vn -0.1688 -0.9855 -0.0145
vn 0.9599 -0.2794 0.0243
vn -0.1763 -0.9842 -0.0147
vn -0.1846 -0.9804 -0.0692
vn -0.0995 0.9950 -0.0000
vn -0.9640 -0.2660 -0.0000
vn 0.9717 -0.2332 0.0388
vn 0.9574 -0.2885 0.0131
vn -0.2538 -0.9669 -0.0242
vn 0.9594 -0.2818 0.0140
vn -0.4843 -0.8619 0.1501
vn 0.3715 -0.4777 0.7961
vn -0.7632 -0.6173 0.1908
vn -0.4843 -0.8619 0.1500
vn 0.9546 -0.2864 0.0819
vn 0.9567 -0.2795 0.0817
vn -0.9735 0.1405 -0.1806
vn -0.9222 0.3308 -0.2005
vn -0.9687 0.1897 -0.1598
vn -0.9759 0.1593 -0.1494
vn -0.9883 -0.0202 -0.1513
vn -0.9859 -0.0905 -0.1408
vn -0.9875 -0.1209 -0.1008
vn -0.9678 -0.2343 -0.0917
vn -0.9840 0.0502 -0.1707
vn -0.9919 -0.0401 -0.1202
vn -0.9853 -0.1207 -0.1207
vn -0.9570 -0.2720 -0.1007
vn -0.9829 0.0903 -0.1605
vn -0.9459 -0.2818 -0.1609
vn -0.9570 -0.2720 -0.1008
vn -0.9853 -0.1207 -0.1206
vn -0.9925 -0.1002 -0.0702
vn -0.9925 -0.1003 -0.0702
vn -0.9509 -0.3035 -0.0607
vn -0.9109 -0.4004 -0.1001
vn -0.7781 -0.5938 -0.2047
vn -0.7371 -0.6663 -0.1126
vn -0.7820 -0.5880 -0.2067
vn -0.8966 -0.4231 -0.1309
vn -0.7277 -0.6765 -0.1128
vn -0.7018 -0.7018 -0.1221
vn -0.9144 -0.3861 -0.1219
vn -0.8378 -0.5383 -0.0917
vn -0.8321 -0.5469 -0.0925
vn -0.7685 -0.6370 -0.0607
vn -0.8634 -0.5020 -0.0502
vn -0.8351 -0.5468 -0.0596
vn -0.9144 -0.3860 -0.1220
vn -0.9083 -0.3936 -0.1413
vn -0.9059 -0.3972 -0.1471
vn -0.8131 -0.5692 -0.1220
vn -0.8447 -0.5329 -0.0503
vn -0.8948 -0.4424 -0.0603
vn -0.8463 -0.5302 0.0510
vn -0.8059 -0.5917 0.0204
vn -0.7627 -0.6403 0.0914
vn -0.0700 0.9793 -0.1899
vn 0.0797 0.9767 -0.1993
vn 0.1496 0.9774 -0.1496
vn -0.6337 0.7243 -0.2716
vn -0.6230 0.7336 -0.2713
vn -0.6276 0.7471 -0.2191
vn -0.6186 0.7483 -0.2395
vn -0.6314 0.7517 -0.1904
vn -0.6139 0.7748 -0.1508
vn -0.3099 0.9295 -0.1999
vn -0.6093 0.7492 -0.2597
vn -0.5021 0.8334 -0.2309
vn -0.4211 0.8823 -0.2105
vn -0.3098 0.9295 -0.1999
vn -0.5618 0.8026 -0.2006
vn -0.6194 0.7592 -0.1998
vn -0.3530 0.9178 -0.1816
vn -0.4699 0.8598 -0.1999
vn -0.5971 0.7862 -0.1592
vn -0.2004 0.9611 -0.1900
vn 0.0199 0.9870 -0.1595
vn 0.0797 0.9870 -0.1396
vn -0.1300 0.9801 -0.1500
vn -0.0201 0.9947 -0.1005
vn 0.0603 0.9949 -0.0804
vn -0.2414 0.9553 -0.1710
vn -0.1098 0.9879 -0.1098
vn 0.2109 0.9742 -0.0803
vn 0.4631 0.8858 -0.0302
vn 0.3400 0.9400 -0.0300
vn 0.3696 0.9290 -0.0200
vn 0.1397 0.9877 -0.0699
vn 0.3010 0.9531 -0.0301
vn 0.4831 0.8755 -0.0101
vn -0.0000 0.0333 0.9994
vn -0.0000 0.7188 -0.6952
vn 0.0499 0.9975 -0.0499
vn 0.1497 0.9879 -0.0399
vn 0.4748 0.8800 -0.0109
vn 0.6441 0.7649 0.0001
vn 0.7413 0.6711 0.0100
vn -0.6549 -0.7556 -0.0101
vn -0.6321 -0.7725 0.0602
vn 0.8690 0.4932 0.0402
vn 0.8552 0.5146 0.0610
vn 0.5144 0.8573 -0.0202
vn 0.6500 0.7600 -0.0000
vn 0.7317 0.6816 -0.0000
vn -0.6756 -0.7361 0.0404
vn -0.6558 -0.7541 -0.0350
vn 0.8259 0.5618 0.0476
vn 0.8294 0.5563 0.0506
vn 0.6440 0.7648 -0.0201
vn -0.6612 -0.7487 -0.0471
vn -0.6750 -0.7370 0.0332
vn -0.6728 -0.7330 -0.1004
vn -0.7270 -0.6842 -0.0571
vn 0.8488 0.5240 -0.0708
vn 0.7639 0.6433 -0.0503
vn 0.6391 0.7689 -0.0200
vn 0.7649 0.6441 -0.0101
vn -0.7261 -0.6858 -0.0504
vn -0.6902 -0.7202 0.0700
vn -0.6679 -0.7387 0.0911
vn 0.3909 -0.0912 -0.9159
vn 0.9513 0.3069 -0.0307
vn 0.9491 0.3136 -0.0298
vn -0.8025 0.5718 -0.1705
vn -0.8605 0.4803 -0.1701
vn -0.8430 0.5218 -0.1305
vn -0.6502 0.7302 -0.2101
vn -0.7013 0.6812 -0.2104
vn -0.7377 0.6480 -0.1894
vn -0.6485 0.7483 -0.1397
vn -0.7188 0.6789 -0.1498
vn -0.7425 0.6623 -0.1003
vn -0.7915 0.6011 -0.1102
vn -0.3501 -0.9331 0.0826
vn 0.8759 0.4807 0.0414
vn 0.9113 -0.3899 0.1322
vn 0.9168 -0.3766 0.1329
vn -0.3501 -0.9331 0.0827
vn -0.6217 -0.7822 0.0401
vn -0.7538 -0.6533 0.0704
vn 0.8334 0.5503 0.0516
vn 0.9392 -0.3406 0.0431
vn 0.0413 -0.9896 0.1375
vn 0.9443 -0.3261 0.0436
vn 0.0412 -0.9897 0.1374
vn -0.0000 -0.6743 0.7385
vn -0.0077 0.9425 0.3341
vn -0.9486 -0.0739 0.3079
vn -0.9507 -0.0699 0.3020
vn 0.1010 -0.8079 0.5806
vn 0.0054 -0.6707 0.7417
vn -0.5881 -0.7950 -0.1488
vn -0.5848 -0.7987 -0.1418
vn -0.8724 -0.4523 -0.1853
vn 0.8529 0.5172 -0.0711
vn 0.9348 -0.3550 -0.0101
vn -0.1159 -0.9931 0.0166
vn 0.4866 0.8700 0.0793
vn -0.8769 0.4721 0.0900
vn 0.9348 -0.3549 -0.0112
vn -0.1159 -0.9931 0.0165
vn -0.2771 -0.5900 0.7584
vn -0.9499 -0.3057 0.0655
vn -0.9510 -0.3036 0.0580
vn -0.2678 -0.8871 0.3758
vn -0.1477 -0.9890 -0.0121
vn -0.5880 -0.7955 -0.1461
vn 0.3879 -0.1034 -0.9159
vn -0.5824 -0.7993 -0.1485
vn -0.1547 -0.9879 -0.0119
vn 0.9512 0.3069 -0.0307
vn 0.3863 -0.0965 -0.9173
vn -0.8758 -0.4464 -0.1837
vn -0.5824 -0.8006 -0.1413
vn -0.9994 0.0070 -0.0340
vn 0.3863 -0.0966 -0.9173
vn 0.3484 0.9210 -0.1742
vn -0.8701 -0.4543 -0.1909
vn 0.3920 -0.0926 -0.9153
vn 0.8550 0.5130 -0.0760
vn 0.3417 0.9235 -0.1740
vn 0.8554 0.5132 -0.0706
vn 0.9995 0.0201 -0.0259
vn 0.3417 0.9235 -0.1741
vn 0.9347 -0.3552 -0.0124
vn -0.9995 -0.0000 -0.0322
vn -0.3760 -0.9266 -0.0001
vn -0.8723 -0.4527 -0.1850
vn -0.8735 -0.4480 -0.1904
vn -0.3758 -0.9267 0.0013
vn -0.1671 0.9778 0.1263
vn -0.9942 -0.0000 0.1078
vn -0.8769 0.4722 0.0899
vn -0.1531 0.9803 0.1248
vn 0.9996 0.0127 -0.0253
vn -0.3823 -0.9240 -0.0000
vn 0.1894 -0.7574 -0.6248
vn -0.1382 -0.9904 -0.0000
vn -0.9947 -0.0058 0.1026
vn -0.2737 -0.8840 0.3789
vn 0.0080 -0.6732 0.7394
vn 0.9639 -0.1190 0.2380
vn 0.0077 0.9425 0.3340
vn 0.1073 -0.8077 0.5797
vn 0.4864 0.8701 0.0791
vn 0.8804 -0.4094 0.2396
vn 0.8739 -0.4189 0.2467
vn -0.2838 -0.5897 0.7561
vn -0.2736 -0.8841 0.3789
vn 0.8797 -0.4113 0.2385
vn -0.1529 0.9803 0.1248
vn 0.4862 0.8703 0.0782
vn 0.9978 0.0401 -0.0531
vn -0.1382 -0.9904 -0.0001
vn 0.9980 0.0329 -0.0548
vn 0.1821 -0.7587 -0.6254
vn 0.8766 -0.4099 0.2521
vn 0.9981 0.0377 -0.0494
vn -0.2737 -0.8841 0.3788
vn -0.8991 0.3896 -0.1998
vn -0.9143 0.3516 -0.2010
vn -0.9521 0.2606 -0.1603
vn -0.9123 0.3810 -0.1504
vn -0.9693 0.2198 -0.1099
vn -0.9034 0.4116 -0.1205
vn -0.9428 0.3109 -0.1204
vn -0.8723 0.4713 -0.1304
vn -0.9221 0.3708 -0.1103
vn -0.9449 0.3116 -0.1005
vn -0.9875 0.1209 -0.1008
vn -0.9723 -0.2330 -0.0203
vn -0.9853 0.1508 -0.0804
vn -0.9974 -0.0200 -0.0698
vn -0.9891 0.1295 -0.0700
vn -0.9957 0.0704 -0.0603
vn -0.9992 -0.0000 -0.0400
vn -0.9751 -0.2133 -0.0609
vn -0.9638 0.2510 -0.0903
vn -0.9949 -0.0603 -0.0804
vn -0.9770 -0.2014 -0.0705
vn -0.9325 -0.3610 0.0101
vn -0.9143 -0.4019 0.0502
vn -0.8874 -0.4538 0.0807
vn -0.7119 -0.6916 0.1220
vn -0.8440 -0.5333 0.0571
vn -0.7134 -0.6889 0.1286
vn -0.8047 -0.5931 0.0274
vn -0.7166 -0.6864 0.1238
vn -0.7069 -0.6968 0.1219
vn -0.6662 -0.7079 0.2346
vn -0.7534 -0.6509 0.0930
vn -0.9241 -0.3817 -0.0201
vn -0.8902 -0.4501 -0.0700
vn -0.7474 -0.6643 -0.0104
vn -0.6047 -0.7962 -0.0202
vn -0.6715 -0.7039 0.2313
vn -0.9190 -0.3896 -0.0599
vn -0.9039 -0.4219 -0.0703
vn -0.8917 -0.4508 -0.0401
vn -0.7567 -0.6530 -0.0311
vn -0.5209 -0.8528 -0.0373
vn -0.9284 -0.3694 -0.0399
vn -0.8453 -0.5296 -0.0713
vn -0.7695 -0.6379 -0.0304
vn -0.3389 -0.9375 0.0791
vn -0.7529 -0.6576 -0.0270
vn -0.5088 -0.8604 -0.0297
vn -0.4959 -0.5162 0.6983
vn -0.6705 -0.7050 0.2310
vn -0.6266 -0.7627 0.1605
vn -0.6280 -0.7615 0.1603
vn -0.5800 -0.8140 0.0305
vn -0.6520 -0.6846 -0.3260
vn -0.2996 -0.9513 -0.0731
vn -0.5328 -0.6133 -0.5831
vn -0.3033 -0.9496 -0.0791
vn -0.5597 -0.7947 0.2351
vn -0.4990 -0.8656 -0.0407
vn -0.5597 -0.7947 0.2350
vn -0.5594 -0.8250 -0.0798
vn -0.5720 0.8128 -0.1104
vn -0.6003 0.7906 -0.1212
vn -0.5698 0.8098 -0.1400
vn -0.4785 0.8574 -0.1894
vn -0.5490 0.8184 -0.1697
vn -0.4100 0.8899 -0.2000
vn -0.4910 0.8522 -0.1805
vn -0.4301 0.8803 -0.2001
vn -0.4287 0.8874 -0.1695
vn -0.5218 0.8430 -0.1305
vn -0.5506 0.8309 -0.0801
vn -0.2116 0.9671 -0.1410
vn -0.0604 0.9941 -0.0904
vn -0.3416 0.9242 -0.1708
vn -0.1404 0.9828 -0.1203
vn -0.2212 0.9650 -0.1407
vn -0.0701 0.9914 -0.1102
vn -0.2394 0.9577 -0.1596
vn 0.4941 0.8673 -0.0605
vn 0.0101 0.9958 -0.0905
vn 0.1410 0.9867 -0.0805
vn 0.3004 0.9512 -0.0701
vn 0.4844 0.8678 -0.1110
vn 0.0401 0.9931 -0.1103
vn 0.3109 0.9428 -0.1204
vn 0.7596 0.6497 -0.0300
vn -0.6892 -0.6992 0.1898
vn -0.5953 -0.7871 0.1614
vn 0.9490 0.3137 -0.0305
vn 0.5860 0.1661 0.7931
vn 0.8178 0.5755 0.0101
vn 0.6648 0.7454 -0.0504
vn 0.5825 0.0015 -0.8129
vn 0.9868 -0.1388 0.0835
vn 0.6312 0.7715 -0.0801
vn 0.7304 0.6803 -0.0600
vn 0.8796 0.4473 0.1623
vn 0.7233 0.6832 -0.1004
vn 0.8028 0.5921 -0.0702
vn -0.6294 0.7693 -0.1099
vn -0.6528 0.7533 -0.0803
vn -0.6941 0.7142 -0.0905
vn -0.8423 0.5314 -0.0902
vn -0.7635 0.6430 -0.0603
vn -0.8421 0.5317 -0.0901
vn -0.8515 0.5209 -0.0601
vn -0.6033 0.7944 -0.0704
vn -0.6599 0.7497 -0.0500
vn -0.5877 0.8069 -0.0598
vn -0.6598 0.7498 -0.0500
vn -0.5877 0.8068 -0.0598
vn -0.7593 0.6482 -0.0577
vn -0.7062 0.7062 -0.0497
vn -0.7063 0.7062 -0.0497
vn -0.7730 0.6324 -0.0502
vn -0.8395 0.5399 -0.0604
vn -0.2455 -0.9683 0.0458
vn 0.5838 0.1592 0.7961
vn -0.9787 -0.2011 0.0402
vn -0.9995 0.0070 -0.0305
vn -0.9995 0.0071 -0.0308
vn 0.5890 0.1618 0.7918
vn -0.2388 -0.9700 0.0448
vn 0.5817 0.1661 0.7963
vn -0.2388 -0.9700 0.0447
vn 0.3418 0.9231 -0.1761
vn 0.9671 -0.2431 0.0748
vn -0.9773 -0.2076 0.0425
vn 0.0573 0.9827 0.1763
vn -0.9942 -0.0000 0.1077
vn -0.1532 0.9802 0.1256
vn -0.9307 0.0446 0.3630
vn -0.9942 -0.0046 0.1075
vn 0.0716 0.9816 0.1773
vn 0.9689 -0.2360 0.0746
vn -0.5066 -0.7405 0.4416
vn -0.1629 0.6977 -0.6976
vn 0.2105 -0.9022 0.3765
vn -0.9940 -0.0071 0.1093
vn -0.9308 0.0517 0.3620
vn -0.8611 -0.4306 0.2704
vn 0.5813 -0.0000 -0.8137
vn 0.1048 -0.9527 0.2852
vn 0.9869 -0.1389 0.0818
vn -0.9786 -0.2030 0.0332
vn -0.2402 -0.9700 0.0377
vn -0.9717 -0.0441 0.2319
vn 0.5812 -0.0000 -0.8138
vn 0.0586 0.9863 0.1540
vn -0.9803 -0.1937 0.0380
vn 0.5812 -0.0000 -0.8137
vn 0.8136 0.5814 0.0102
vn 0.0585 0.9864 0.1534
vn 0.8957 0.4353 0.0904
vn 0.0657 0.9860 0.1534
vn 0.8956 0.4355 0.0906
vn -0.7828 -0.3795 0.4932
vn -0.7789 -0.3795 0.4993
vn -0.7789 -0.3794 0.4993
vn 0.8974 0.4308 0.0957
vn -0.7758 -0.3776 0.5056
vn 0.7108 0.6561 0.2535
vn 0.8974 0.4307 0.0957
vn 0.0644 0.9821 0.1771
vn -0.9316 0.0447 0.3606
vn 0.7071 0.6625 0.2473
vn -0.7898 -0.5743 0.2154
vn -0.7790 -0.3855 0.4945
vn 0.0943 -0.9501 0.2974
vn -0.4990 -0.7085 0.4990
vn -0.4983 -0.6105 0.6156
vn -0.4970 -0.6058 0.6213
vn 0.8854 0.4347 0.1644
vn 0.9879 -0.1317 0.0823
vn 0.9867 -0.1374 0.0866
vn 0.6432 0.7454 0.1754
vn 0.8821 0.4411 0.1654
vn -0.4971 -0.6057 0.6213
vn 0.6484 0.7406 0.1761
vn 0.6466 0.7440 0.1686
vn 0.8447 0.5329 -0.0503
vn -0.7820 -0.5943 0.1877
vn -0.9730 -0.0384 0.2277
vn -0.7820 -0.5943 0.1876
vn 0.8532 0.5119 -0.1003
vn 0.8494 0.5177 -0.1025
vn 0.8955 0.4357 0.0908
vn 0.7139 0.6580 0.2395
vn -0.7257 -0.6854 0.0605
vn -0.7020 -0.7121 -0.0100
vn -0.4517 -0.8727 0.1852
vn -0.5693 -0.8074 0.1553
vn -0.7085 -0.6984 0.1011
vn -0.7675 -0.5874 0.2567
vn 0.9754 0.2148 0.0505
vn -0.0000 -0.8640 0.5035
vn -0.0000 -0.4930 -0.8700
vn 0.9361 -0.2469 0.2505
vn 0.9983 0.0262 -0.0513
vn 0.9784 0.2005 0.0512
vn 0.9752 0.2148 0.0531
vn 0.7171 0.6532 0.2432
vn 0.7121 0.6573 0.2465
vn 0.9581 0.2816 0.0521
vn 0.9618 0.2585 0.0900
vn 0.8569 0.5057 -0.1000
vn 0.8934 0.4137 -0.1752
vn 0.9832 0.1674 -0.0732
vn 0.9450 0.2174 -0.2442
vn -0.8888 0.4494 -0.0898
vn -0.9490 0.3097 -0.0599
vn -0.9221 0.3708 -0.1102
vn -0.8889 0.4492 -0.0899
vn -0.8913 0.4507 -0.0501
vn -0.8888 0.4494 -0.0899
vn -0.9147 0.4021 -0.0402
vn -0.9221 0.3709 -0.1102
vn -0.9635 0.2610 -0.0602
vn -0.9431 0.3312 -0.0300
vn -0.9635 0.2609 -0.0602
vn -0.9756 0.2112 -0.0602
vn -0.8917 0.4509 -0.0401
vn -0.9163 0.3984 -0.0399
vn 0.9994 -0.0200 0.0300
vn 0.8125 -0.5290 -0.2451
vn 0.8167 -0.5229 -0.2441
vn -0.0301 -0.9897 -0.1400
vn 0.0963 -0.9945 -0.0404
vn -0.9970 -0.0307 -0.0704
vn -0.9861 -0.1610 -0.0402
vn -0.9813 0.1702 -0.0901
vn -0.9927 0.0902 -0.0802
vn -0.9992 -0.0100 -0.0400
vn -0.9744 -0.2210 -0.0402
vn -0.9837 0.1606 -0.0803
vn -0.9838 0.1603 -0.0804
vn -0.9711 -0.2351 -0.0409
vn -0.9987 0.0398 -0.0303
vn -0.9634 -0.2665 -0.0307
vn -0.9355 -0.3521 -0.0302
vn -0.8819 -0.4710 0.0200
vn -0.8645 -0.5026 0.0101
vn -0.7974 -0.6031 0.0205
vn -0.6132 -0.7576 0.2238
vn -0.9309 -0.3603 -0.0601
vn -0.8977 -0.4236 -0.1210
vn -0.7848 -0.6069 -0.1256
vn -0.7199 -0.6794 -0.1420
vn -0.8803 -0.4501 -0.1501
vn -0.8206 -0.5334 -0.2052
vn -0.7780 -0.5557 -0.2930
vn -0.7551 -0.6122 -0.2347
vn -0.8840 -0.4621 -0.0703
vn -0.8962 -0.4431 -0.0201
vn -0.8282 -0.5487 0.1139
vn -0.7298 -0.6770 0.0952
vn -0.6093 -0.7588 0.2300
vn -0.6593 -0.7254 0.1978
vn -0.4655 -0.5566 0.6881
vn -0.6604 -0.7264 0.1903
vn -0.7085 -0.6982 -0.1027
vn -0.8039 -0.5875 -0.0928
vn -0.8902 -0.4555 -0.0104
vn -0.7688 -0.6355 0.0718
vn -0.4991 -0.8071 0.3156
vn -0.5405 -0.8408 -0.0300
vn -0.5014 -0.8109 0.3018
vn -0.6046 -0.7962 -0.0202
vn -0.6283 -0.7779 -0.0000
vn -0.4811 0.8619 -0.1604
vn -0.5314 0.8423 -0.0903
vn -0.1999 0.9698 -0.1399
vn -0.0899 0.9887 -0.1198
vn 0.1502 0.9813 -0.1202
vn -0.5916 0.8022 -0.0802
vn -0.8329 0.5519 -0.0402
vn -0.5202 0.8503 -0.0800
vn -0.5880 0.8073 -0.0498
vn -0.6600 0.7496 -0.0503
vn -0.7646 0.6438 -0.0302
vn -0.8382 0.5453 -0.0101
vn -0.5747 0.8168 -0.0504
vn -0.6704 0.7403 -0.0500
vn -0.7594 0.6494 -0.0403
vn -0.8332 0.5521 -0.0301
vn -0.8817 0.4709 -0.0301
vn -0.9459 0.3220 -0.0403
vn -0.9726 0.2306 -0.0301
vn -0.9170 0.3987 -0.0100
vn -0.9459 0.3220 -0.0402
vn -0.8858 0.4630 -0.0302
vn -0.9562 0.2919 -0.0201
vn -0.9730 0.2307 -0.0000
vn -0.9739 0.2244 -0.0334
vn -0.9897 0.1404 -0.0296
vn -0.9949 0.1005 -0.0000
vn -0.9982 -0.0100 -0.0599
vn -0.9769 -0.2115 -0.0302
vn -0.9887 0.1498 -0.0000
vn -0.9994 0.0200 -0.0300
vn -0.9810 -0.1839 0.0613
vn -0.9369 -0.3425 0.0704
vn -0.8988 -0.4342 0.0606
vn -0.7586 -0.6356 0.1435
vn -0.7087 -0.6779 0.1952
vn -0.7579 -0.6043 0.2458
vn -0.9507 -0.3102 -0.0000
vn -0.8881 -0.4542 -0.0706
vn -0.8172 -0.5750 -0.0404
vn -0.7867 -0.6153 -0.0504
vn -0.7689 -0.6374 0.0506
vn -0.9266 -0.3727 -0.0503
vn -0.8653 -0.4930 -0.0906
vn -0.7674 -0.6361 -0.0808
vn -0.3363 -0.8796 -0.3363
vn -0.9125 -0.4011 0.0802
vn -0.8571 -0.5143 0.0303
vn -0.7582 -0.6455 0.0922
vn -0.5391 -0.8301 0.1422
vn -0.6464 -0.7007 -0.3019
vn -0.0388 -0.5572 -0.8295
vn -0.7133 -0.4078 -0.5700
vn -0.3427 -0.8776 -0.3353
vn -0.0389 -0.5573 -0.8294
vn -0.6357 -0.7065 -0.3112
vn 0.3354 -0.9257 0.1748
vn -0.5296 -0.8355 0.1463
vn -0.5384 -0.8284 0.1543
vn -0.2522 -0.7167 0.6502
vn 0.3314 -0.9275 0.1730
vn -0.2522 -0.7166 0.6503
vn 0.6125 -0.3408 0.7132
vn 0.3326 -0.9288 0.1631
vn -0.5810 -0.7807 0.2302
vn -0.6283 -0.7779 0.0100
vn -0.5919 -0.7966 -0.1225
vn -0.9403 0.3402 -0.0100
vn -0.9425 0.3339 -0.0131
vn -0.9579 0.2860 -0.0239
vn -0.9650 0.2614 0.0201
vn -0.9716 0.2367 0.0038
vn -0.9403 0.3401 -0.0100
vn -0.9900 0.1400 0.0200
vn -0.9974 0.0598 0.0398
vn -0.9925 -0.0913 0.0810
vn -0.9158 -0.3969 0.0611
vn -0.8591 -0.5053 0.0809
vn -0.8075 -0.5826 0.0920
vn -0.6035 -0.7956 0.0528
vn -0.7544 -0.6492 0.0971
vn -0.5981 -0.7992 0.0604
vn -0.3918 -0.9179 0.0628
vn -0.5552 -0.8056 -0.2068
vn -0.3427 -0.8966 -0.2805
vn -0.4510 -0.7517 -0.4811
vn -0.5548 -0.8040 -0.2141
vn -0.5974 -0.8002 0.0533
vn -0.5151 -0.8484 -0.1216
vn -0.5142 -0.8468 -0.1359
vt 0.470850 0.206900
vt 0.469080 0.209230
vt 0.465880 0.207390
vt 0.471840 0.209200
vt 0.474200 0.206940
vt 0.474160 0.209050
vt 0.476900 0.207290
vt 0.463070 0.208190
vt 0.462670 0.205850
vt 0.465480 0.205210
vt 0.468270 0.204760
vt 0.462230 0.203930
vt 0.460040 0.204600
vt 0.465030 0.203280
vt 0.467810 0.202950
vt 0.462130 0.202150
vt 0.459710 0.202880
vt 0.467330 0.201260
vt 0.602080 0.967810
vt 0.602580 0.966010
vt 0.604830 0.967700
vt 0.461270 0.201000
vt 0.464050 0.200420
vt 0.466820 0.199910
vt 0.471030 0.204630
vt 0.473760 0.204710
vt 0.476460 0.205030
vt 0.479050 0.205720
vt 0.470570 0.202690
vt 0.473280 0.202890
vt 0.475950 0.203360
vt 0.477140 0.203930
vt 0.470070 0.201120
vt 0.472760 0.201390
vt 0.475370 0.202240
vt 0.469540 0.199850
vt 0.472220 0.200060
vt 0.912250 0.989590
vt 0.908990 0.986740
vt 0.911140 0.986640
vt 0.604250 0.969520
vt 0.606940 0.969480
vt 0.606860 0.971010
vt 0.603700 0.971260
vt 0.468930 0.198910
vt 0.466210 0.198890
vt 0.909490 0.984230
vt 0.906450 0.983400
vt 0.467780 0.187740
vt 0.465760 0.188330
vt 0.463060 0.188060
vt 0.460410 0.188230
vt 0.468650 0.188270
vt 0.471920 0.187650
vt 0.460060 0.186020
vt 0.457300 0.186590
vt 0.462950 0.185660
vt 0.454100 0.185280
vt 0.458400 0.184360
vt 0.461810 0.183210
vt 0.456600 0.182870
vt 0.452200 0.183900
vt 0.456890 0.181420
vt 0.452940 0.182070
vt 0.461870 0.180480
vt 0.468090 0.181450
vt 0.474340 0.180700
vt 0.472900 0.182640
vt 0.469360 0.179590
vt 0.466990 0.179850
vt 0.472380 0.178960
vt 0.470220 0.185090
vt 0.473300 0.184780
vt 0.465420 0.183720
vt 0.470240 0.183010
vt 0.475350 0.182710
vt 0.477730 0.180260
vt 0.478360 0.182560
vt 0.480330 0.180260
vt 0.480720 0.182480
vt 0.482860 0.180540
vt 0.477160 0.178230
vt 0.481950 0.176960
vt 0.484440 0.177050
vt 0.475950 0.184510
vt 0.476270 0.187390
vt 0.480870 0.184570
vt 0.478920 0.187250
vt 0.481490 0.187690
vt 0.483560 0.185030
vt 0.486420 0.177700
vt 0.487210 0.180060
vt 0.486920 0.182460
vt 0.486260 0.185900
vt 0.489610 0.184900
vt 0.490570 0.182880
vt 0.491370 0.179080
vt 0.492520 0.181170
vt 0.492520 0.181680
vt 0.455760 0.180090
vt 0.452970 0.180600
vt 0.457880 0.179250
vt 0.461020 0.179210
vt 0.452660 0.179280
vt 0.457500 0.177350
vt 0.461640 0.177280
vt 0.454880 0.177700
vt 0.638700 0.976800
vt 0.642200 0.978800
vt 0.640570 0.979650
vt 0.460090 0.177040
vt 0.459530 0.175950
vt 0.468870 0.178120
vt 0.472820 0.177420
vt 0.468410 0.176910
vt 0.470910 0.176270
vt 0.470130 0.173760
vt 0.464860 0.178330
vt 0.464980 0.175540
vt 0.467320 0.175300
vt 0.645560 0.980710
vt 0.462000 0.174840
vt 0.476710 0.177020
vt 0.476020 0.175080
vt 0.481670 0.174260
vt 0.472920 0.174130
vt 0.478160 0.173310
vt 0.475280 0.173090
vt 0.489520 0.177950
vt 0.483550 0.174150
vt 0.488290 0.174870
vt 0.489070 0.176090
vt 0.486800 0.173130
vt 0.482930 0.172420
vt 0.490490 0.173350
vt 0.491560 0.176650
vt 0.491050 0.174990
vt 0.494460 0.179680
vt 0.494020 0.177370
vt 0.496420 0.178730
vt 0.493370 0.174500
vt 0.495950 0.176670
vt 0.495740 0.174820
vt 0.464850 0.173470
vt 0.467000 0.173100
vt 0.470780 0.172560
vt 0.649310 0.980740
vt 0.646300 0.982940
vt 0.647150 0.985590
vt 0.645390 0.984390
vt 0.468410 0.171910
vt 0.650740 0.983700
vt 0.652260 0.987040
vt 0.652970 0.984390
vt 0.860590 0.555940
vt 0.862860 0.558430
vt 0.861250 0.557650
vt 0.476090 0.172130
vt 0.479900 0.171590
vt 0.474200 0.170790
vt 0.476280 0.170030
vt 0.479390 0.170280
vt 0.478740 0.169070
vt 0.646140 0.989170
vt 0.644190 0.986710
vt 0.648970 0.988320
vt 0.647000 0.990440
vt 0.651190 0.989130
vt 0.472440 0.170140
vt 0.475230 0.168280
vt 0.473210 0.168960
vt 0.649970 0.992080
vt 0.647820 0.992060
vt 0.478320 0.168270
vt 0.485870 0.170550
vt 0.489960 0.171960
vt 0.482830 0.169910
vt 0.489440 0.170590
vt 0.481430 0.169090
vt 0.486210 0.169470
vt 0.644940 0.993590
vt 0.645620 0.995080
vt 0.643050 0.994630
vt 0.490010 0.169140
vt 0.651550 0.993130
vt 0.646970 0.993280
vt 0.648100 0.994740
vt 0.488310 0.168670
vt 0.484980 0.168620
vt 0.492470 0.172470
vt 0.495450 0.173080
vt 0.492010 0.171200
vt 0.494330 0.171900
vt 0.496400 0.172420
vt 0.491360 0.169970
vt 0.496250 0.170990
vt 0.493050 0.168210
vt 0.496190 0.169660
vt 0.465990 0.170480
vt 0.467920 0.168930
vt 0.469830 0.169480
vt 0.651580 0.990450
vt 0.653080 0.992600
vt 0.469610 0.167360
vt 0.472200 0.166960
vt 0.474120 0.165660
vt 0.476720 0.165400
vt 0.478990 0.167080
vt 0.656230 0.989280
vt 0.656890 0.987720
vt 0.658460 0.989430
vt 0.658240 0.990710
vt 0.651420 0.994100
vt 0.489110 0.167310
vt 0.482770 0.167470
vt 0.655610 0.994440
vt 0.482360 0.165760
vt 0.486940 0.166630
vt 0.479210 0.165430
vt 0.485310 0.165420
vt 0.656940 0.993220
vt 0.657670 0.992100
vt 0.658980 0.993620
vt 0.495090 0.168470
vt 0.489680 0.166550
vt 0.492230 0.166620
vt 0.489110 0.165550
vt 0.470050 0.218850
vt 0.469980 0.221630
vt 0.466960 0.220960
vt 0.469750 0.223940
vt 0.924780 0.260260
vt 0.921420 0.258830
vt 0.922910 0.256060
vt 0.472850 0.218840
vt 0.472810 0.221740
vt 0.475520 0.219490
vt 0.475520 0.221420
vt 0.477650 0.220760
vt 0.472610 0.224180
vt 0.475290 0.223750
vt 0.477820 0.222900
vt 0.595850 0.960080
vt 0.593590 0.957780
vt 0.596520 0.957630
vt 0.456650 0.216160
vt 0.455560 0.212210
vt 0.457430 0.213890
vt 0.454170 0.214260
vt 0.457050 0.218320
vt 0.454620 0.216530
vt 0.466640 0.212560
vt 0.466800 0.214020
vt 0.463750 0.213260
vt 0.469460 0.212180
vt 0.469800 0.215090
vt 0.460520 0.211580
vt 0.463440 0.210520
vt 0.466280 0.209860
vt 0.466960 0.215670
vt 0.467100 0.218240
vt 0.464060 0.216730
vt 0.463710 0.217290
vt 0.460670 0.215910
vt 0.460860 0.214780
vt 0.587400 0.959210
vt 0.590390 0.959380
vt 0.587430 0.959850
vt 0.589500 0.962200
vt 0.592560 0.961460
vt 0.457300 0.210530
vt 0.457290 0.209250
vt 0.463950 0.220060
vt 0.462380 0.219400
vt 0.460190 0.218250
vt 0.919630 0.254990
vt 0.917360 0.257420
vt 0.917880 0.254360
vt 0.915350 0.253480
vt 0.914110 0.256440
vt 0.460120 0.220110
vt 0.472220 0.212180
vt 0.472590 0.215160
vt 0.474970 0.212350
vt 0.475200 0.215320
vt 0.477720 0.212840
vt 0.477310 0.209820
vt 0.479980 0.210450
vt 0.480140 0.211920
vt 0.479550 0.208000
vt 0.475420 0.217940
vt 0.478080 0.216870
vt 0.480410 0.215660
vt 0.478060 0.220550
vt 0.480450 0.218990
vt 0.480200 0.221110
vt 0.481290 0.211100
vt 0.482020 0.209350
vt 0.906190 0.944780
vt 0.906870 0.945790
vt 0.904760 0.944790
vt 0.904600 0.946590
vt 0.906430 0.948380
vt 0.481330 0.214990
vt 0.907070 0.944930
vt 0.905620 0.941540
vt 0.908080 0.942070
vt 0.481860 0.217140
vt 0.482170 0.215800
vt 0.909650 0.946520
vt 0.909860 0.945810
vt 0.910920 0.943050
vt 0.908970 0.948880
vt 0.911970 0.950110
vt 0.911080 0.953180
vt 0.910190 0.945980
vt 0.913180 0.947590
vt 0.911540 0.943360
vt 0.914450 0.945080
vt 0.599200 0.957600
vt 0.598180 0.961140
vt 0.596890 0.960920
vt 0.601730 0.959180
vt 0.602120 0.957710
vt 0.601030 0.961550
vt 0.604380 0.960220
vt 0.604860 0.957960
vt 0.603750 0.962250
vt 0.609700 0.958940
vt 0.606210 0.963030
vt 0.452560 0.212730
vt 0.453850 0.210560
vt 0.452600 0.208880
vt 0.451120 0.211070
vt 0.602880 0.954860
vt 0.605420 0.955110
vt 0.607970 0.956740
vt 0.608300 0.955460
vt 0.453760 0.215880
vt 0.452670 0.214870
vt 0.918750 0.913690
vt 0.921590 0.912880
vt 0.919450 0.916850
vt 0.449970 0.211410
vt 0.450160 0.209510
vt 0.917870 0.910460
vt 0.917070 0.907790
vt 0.920850 0.910100
vt 0.919910 0.906990
vt 0.456750 0.208330
vt 0.459810 0.206870
vt 0.455750 0.206490
vt 0.455310 0.204630
vt 0.605750 0.965720
vt 0.455170 0.202910
vt 0.458590 0.201660
vt 0.478500 0.204670
vt 0.477920 0.203480
vt 0.915640 0.992450
vt 0.913710 0.992610
vt 0.912330 0.986580
vt 0.915750 0.989380
vt 0.916440 0.986360
vt 0.535420 0.614030
vt 0.538950 0.613530
vt 0.535770 0.614890
vt 0.532360 0.615810
vt 0.529840 0.618970
vt 0.528710 0.616040
vt 0.526170 0.618850
vt 0.524320 0.617080
vt 0.481640 0.207620
vt 0.919470 0.995050
vt 0.918480 0.992080
vt 0.917320 0.989110
vt 0.674260 0.282990
vt 0.676830 0.283450
vt 0.676670 0.284030
vt 0.906580 0.938850
vt 0.909150 0.939320
vt 0.919890 0.991790
vt 0.921370 0.991380
vt 0.910320 0.936760
vt 0.920420 0.988450
vt 0.489150 0.207870
vt 0.486420 0.206350
vt 0.488630 0.204310
vt 0.919950 0.985530
vt 0.485390 0.205630
vt 0.483710 0.204750
vt 0.485220 0.203830
vt 0.676300 0.279960
vt 0.677490 0.281150
vt 0.675050 0.280090
vt 0.912100 0.940530
vt 0.911820 0.937430
vt 0.913500 0.938340
vt 0.911600 0.934440
vt 0.914710 0.935790
vt 0.488580 0.210040
vt 0.485450 0.208450
vt 0.526230 0.619050
vt 0.912770 0.931880
vt 0.915840 0.933600
vt 0.482470 0.206920
vt 0.914790 0.942230
vt 0.916260 0.939770
vt 0.487840 0.210970
vt 0.486700 0.210600
vt 0.134370 0.205440
vt 0.131990 0.204540
vt 0.136420 0.203270
vt 0.482830 0.209030
vt 0.136360 0.206480
vt 0.492010 0.205960
vt 0.491430 0.205740
vt 0.491980 0.205400
vt 0.494790 0.204800
vt 0.494930 0.206450
vt 0.497480 0.204890
vt 0.497590 0.206190
vt 0.499920 0.205500
vt 0.491500 0.203170
vt 0.489050 0.204130
vt 0.494250 0.202860
vt 0.496970 0.202750
vt 0.499620 0.203040
vt 0.674160 0.283350
vt 0.488150 0.202150
vt 0.490970 0.201260
vt 0.493720 0.200890
vt 0.497560 0.201330
vt 0.491940 0.208870
vt 0.494840 0.209310
vt 0.497460 0.208960
vt 0.499860 0.208010
vt 0.491570 0.210890
vt 0.365550 0.061660
vt 0.363010 0.058360
vt 0.366110 0.058860
vt 0.362400 0.061200
vt 0.497080 0.211000
vt 0.866550 0.630680
vt 0.865610 0.633080
vt 0.863630 0.631310
vt 0.866110 0.626210
vt 0.868370 0.628110
vt 0.491080 0.211390
vt 0.364510 0.064200
vt 0.865990 0.634820
vt 0.868860 0.633280
vt 0.868370 0.635380
vt 0.868970 0.630800
vt 0.139670 0.209120
vt 0.140260 0.204600
vt 0.141410 0.207950
vt 0.137540 0.207110
vt 0.870480 0.635360
vt 0.872110 0.632980
vt 0.872040 0.630390
vt 0.871610 0.627440
vt 0.535560 0.642060
vt 0.534440 0.638970
vt 0.537430 0.637790
vt 0.538850 0.640910
vt 0.501510 0.203810
vt 0.502030 0.203320
vt 0.501700 0.201470
vt 0.502580 0.202130
vt 0.864690 0.624330
vt 0.866660 0.625460
vt 0.868460 0.621970
vt 0.869120 0.622710
vt 0.867230 0.621510
vt 0.867990 0.620650
vt 0.869780 0.619080
vt 0.871850 0.620260
vt 0.871090 0.625210
vt 0.869980 0.623360
vt 0.873440 0.623420
vt 0.874300 0.626740
vt 0.608790 0.963710
vt 0.609000 0.963010
vt 0.611330 0.963860
vt 0.609550 0.961110
vt 0.612450 0.961300
vt 0.612670 0.959780
vt 0.615250 0.960420
vt 0.614200 0.963990
vt 0.617560 0.961990
vt 0.619940 0.961310
vt 0.619430 0.964400
vt 0.451960 0.201320
vt 0.451100 0.198550
vt 0.453170 0.196280
vt 0.610630 0.957150
vt 0.610910 0.956040
vt 0.613700 0.956870
vt 0.616140 0.957400
vt 0.618490 0.958660
vt 0.618750 0.957660
vt 0.918930 0.904260
vt 0.916180 0.904920
vt 0.918000 0.901300
vt 0.948610 0.842790
vt 0.949670 0.841410
vt 0.949480 0.845460
vt 0.615760 0.954520
vt 0.619420 0.954970
vt 0.455220 0.201360
vt 0.607580 0.967620
vt 0.457570 0.199420
vt 0.454800 0.200180
vt 0.610850 0.965850
vt 0.610300 0.967650
vt 0.460260 0.198830
vt 0.612160 0.969290
vt 0.609450 0.970720
vt 0.456510 0.197160
vt 0.459340 0.196500
vt 0.462440 0.197420
vt 0.462000 0.196070
vt 0.614780 0.970420
vt 0.615140 0.969470
vt 0.615530 0.966120
vt 0.454300 0.198900
vt 0.912890 0.983150
vt 0.914400 0.983110
vt 0.468380 0.198300
vt 0.608860 0.971820
vt 0.906970 0.980210
vt 0.910210 0.979940
vt 0.605690 0.972990
vt 0.605060 0.973020
vt 0.608770 0.972310
vt 0.611650 0.971230
vt 0.467780 0.197790
vt 0.465710 0.198150
vt 0.464590 0.196280
vt 0.916850 0.982780
vt 0.913640 0.979880
vt 0.917050 0.980050
vt 0.907510 0.976970
vt 0.910820 0.976770
vt 0.920730 0.036780
vt 0.921250 0.037660
vt 0.918090 0.036110
vt 0.915810 0.976560
vt 0.914440 0.975760
vt 0.904730 0.973770
vt 0.908090 0.973640
vt 0.912150 0.973410
vt 0.873700 0.487850
vt 0.873200 0.487560
vt 0.875980 0.487140
vt 0.525450 0.619320
vt 0.917640 0.976360
vt 0.918170 0.979100
vt 0.914620 0.973360
vt 0.474880 0.199370
vt 0.475390 0.200860
vt 0.472280 0.199040
vt 0.522960 0.620140
vt 0.522020 0.617930
vt 0.519700 0.621260
vt 0.519270 0.620260
vt 0.519230 0.621280
vt 0.679140 0.284680
vt 0.919270 0.982600
vt 0.484740 0.201710
vt 0.482000 0.203140
vt 0.679900 0.282160
vt 0.683190 0.280050
vt 0.680640 0.279590
vt 0.682510 0.282320
vt 0.681800 0.284810
vt 0.685100 0.282580
vt 0.481350 0.201520
vt 0.480820 0.199900
vt 0.483600 0.199080
vt 0.684490 0.284500
vt 0.486360 0.198330
vt 0.484160 0.200440
vt 0.483060 0.197520
vt 0.480280 0.198200
vt 0.687100 0.284600
vt 0.485770 0.197120
vt 0.913970 0.929440
vt 0.916430 0.930030
vt 0.524400 0.623070
vt 0.916230 0.929780
vt 0.481860 0.203240
vt 0.482010 0.206650
vt 0.478920 0.205140
vt 0.128680 0.200090
vt 0.132120 0.201820
vt 0.128700 0.200240
vt 0.921450 0.981960
vt 0.920180 0.979620
vt 0.478610 0.202010
vt 0.680680 0.279430
vt 0.920050 0.976670
vt 0.478090 0.200510
vt 0.477590 0.198860
vt 0.916690 0.929910
vt 0.916300 0.933020
vt 0.524180 0.623120
vt 0.128480 0.200420
vt 0.128140 0.203190
vt 0.130540 0.203980
vt 0.522480 0.623330
vt 0.524470 0.623960
vt 0.678540 0.286780
vt 0.676050 0.286080
vt 0.493150 0.199220
vt 0.490440 0.199450
vt 0.495840 0.199230
vt 0.498500 0.199370
vt 0.681220 0.286600
vt 0.680700 0.288190
vt 0.678080 0.288150
vt 0.495200 0.198000
vt 0.492520 0.198060
vt 0.497870 0.198000
vt 0.683850 0.286370
vt 0.683630 0.287670
vt 0.683060 0.289070
vt 0.680280 0.289370
vt 0.497260 0.196580
vt 0.682420 0.290800
vt 0.684900 0.290830
vt 0.686650 0.285830
vt 0.488430 0.197040
vt 0.686210 0.287030
vt 0.685650 0.288760
vt 0.530630 0.642480
vt 0.529050 0.644430
vt 0.525580 0.645650
vt 0.501150 0.199540
vt 0.503810 0.200640
vt 0.503720 0.200200
vt 0.500570 0.197810
vt 0.503260 0.197690
vt 0.506000 0.199430
vt 0.505890 0.197880
vt 0.507630 0.198720
vt 0.500020 0.195940
vt 0.679880 0.290490
vt 0.681860 0.292560
vt 0.502570 0.194510
vt 0.505380 0.195660
vt 0.508280 0.198350
vt 0.507970 0.196060
vt 0.684320 0.293130
vt 0.499440 0.194280
vt 0.504820 0.193760
vt 0.507410 0.194100
vt 0.873160 0.618910
vt 0.503620 0.203410
vt 0.504770 0.202570
vt 0.505800 0.201990
vt 0.877480 0.612600
vt 0.877190 0.613030
vt 0.875380 0.611810
vt 0.874130 0.613800
vt 0.875510 0.615820
vt 0.876030 0.610920
vt 0.875460 0.619440
vt 0.876000 0.621280
vt 0.874540 0.617190
vt 0.877860 0.619370
vt 0.878980 0.616870
vt 0.877940 0.613280
vt 0.881370 0.613280
vt 0.883910 0.612700
vt 0.876270 0.622790
vt 0.533570 0.646310
vt 0.530310 0.647480
vt 0.878710 0.619260
vt 0.878730 0.621910
vt 0.527030 0.648590
vt 0.881890 0.619050
vt 0.528230 0.651540
vt 0.881810 0.616330
vt 0.523770 0.649320
vt 0.524810 0.652610
vt 0.526140 0.655600
vt 0.529460 0.654540
vt 0.885050 0.616170
vt 0.509560 0.197060
vt 0.956770 0.183470
vt 0.954370 0.183390
vt 0.957780 0.180900
vt 0.957230 0.180360
vt 0.954180 0.180350
vt 0.878090 0.608630
vt 0.880410 0.609620
vt 0.880170 0.606760
vt 0.882580 0.608080
vt 0.883080 0.609100
vt 0.452560 0.189810
vt 0.452680 0.192100
vt 0.449720 0.190610
vt 0.620140 0.962600
vt 0.450700 0.196900
vt 0.449610 0.197850
vt 0.450320 0.195130
vt 0.448750 0.195900
vt 0.453050 0.194240
vt 0.449980 0.193040
vt 0.625160 0.964430
vt 0.623140 0.961830
vt 0.625980 0.961740
vt 0.628300 0.962380
vt 0.627620 0.965900
vt 0.621350 0.959780
vt 0.621430 0.957980
vt 0.624130 0.958240
vt 0.626800 0.958590
vt 0.631370 0.959130
vt 0.622170 0.955090
vt 0.623240 0.955160
vt 0.624890 0.955300
vt 0.624650 0.956230
vt 0.627090 0.957500
vt 0.627600 0.955530
vt 0.632800 0.955710
vt 0.457360 0.195150
vt 0.458860 0.194940
vt 0.615160 0.967990
vt 0.617820 0.969480
vt 0.461500 0.194980
vt 0.455750 0.193590
vt 0.458440 0.193250
vt 0.461080 0.193230
vt 0.463170 0.193580
vt 0.456320 0.191310
vt 0.460740 0.190810
vt 0.463370 0.190810
vt 0.457740 0.188640
vt 0.456160 0.195350
vt 0.464100 0.195480
vt 0.466000 0.190880
vt 0.466100 0.192480
vt 0.468180 0.191650
vt 0.471070 0.190980
vt 0.474060 0.190800
vt 0.905090 0.970640
vt 0.466660 0.196220
vt 0.467180 0.197270
vt 0.908250 0.970550
vt 0.911580 0.970310
vt 0.470390 0.198290
vt 0.466260 0.194150
vt 0.468840 0.194630
vt 0.469150 0.197190
vt 0.471470 0.194630
vt 0.471600 0.196050
vt 0.474140 0.194340
vt 0.474350 0.196340
vt 0.471790 0.197470
vt 0.474460 0.197260
vt 0.478620 0.190910
vt 0.476810 0.192800
vt 0.479550 0.193240
vt 0.481810 0.190600
vt 0.482180 0.192980
vt 0.484380 0.191270
vt 0.484060 0.187920
vt 0.477140 0.196770
vt 0.479880 0.196110
vt 0.482570 0.195730
vt 0.485210 0.195710
vt 0.484750 0.193640
vt 0.687500 0.291280
vt 0.690040 0.291550
vt 0.486590 0.188540
vt 0.486630 0.191560
vt 0.489100 0.189590
vt 0.689260 0.285840
vt 0.487820 0.195930
vt 0.688840 0.286890
vt 0.490440 0.196000
vt 0.688260 0.288690
vt 0.487310 0.194160
vt 0.489880 0.194480
vt 0.492590 0.193940
vt 0.493170 0.195350
vt 0.690780 0.289020
vt 0.489460 0.192080
vt 0.492090 0.192000
vt 0.692620 0.291500
vt 0.494780 0.191530
vt 0.491630 0.189670
vt 0.494220 0.189920
vt 0.496300 0.195360
vt 0.498850 0.192720
vt 0.496020 0.193910
vt 0.501570 0.192180
vt 0.504210 0.192210
vt 0.506780 0.192610
vt 0.498180 0.191700
vt 0.495580 0.192620
vt 0.500900 0.191160
vt 0.503530 0.191110
vt 0.506140 0.191230
vt 0.497340 0.190570
vt 0.500170 0.190510
vt 0.502490 0.189990
vt 0.505380 0.190450
vt 0.691520 0.294740
vt 0.692560 0.293350
vt 0.692550 0.295780
vt 0.694610 0.293230
vt 0.496840 0.189850
vt 0.694190 0.294210
vt 0.499430 0.189970
vt 0.693710 0.295460
vt 0.504700 0.189520
vt 0.693220 0.296830
vt 0.523220 0.656560
vt 0.886380 0.611050
vt 0.887580 0.615740
vt 0.889720 0.611930
vt 0.957060 0.177320
vt 0.509330 0.193150
vt 0.958430 0.177390
vt 0.508630 0.192020
vt 0.958270 0.174460
vt 0.957730 0.174430
vt 0.507980 0.190740
vt 0.958240 0.171520
vt 0.507460 0.188620
vt 0.510080 0.188490
vt 0.510220 0.189750
vt 0.512640 0.188770
vt 0.512670 0.189290
vt 0.513300 0.189060
vt 0.882880 0.605120
vt 0.884860 0.606840
vt 0.885000 0.604520
vt 0.960850 0.174870
vt 0.960740 0.177820
vt 0.508920 0.194410
vt 0.510240 0.192820
vt 0.508910 0.192290
vt 0.512600 0.192140
vt 0.514910 0.190660
vt 0.515030 0.191210
vt 0.885650 0.608360
vt 0.887840 0.607320
vt 0.888690 0.609140
vt 0.887050 0.605920
vt 0.890620 0.607440
vt 0.891250 0.606560
vt 0.889620 0.603260
vt 0.892330 0.604640
vt 0.891020 0.600610
vt 0.893500 0.602100
vt 0.894780 0.599970
vt 0.893840 0.598540
vt 0.892810 0.597630
vt 0.891390 0.607460
vt 0.519050 0.665080
vt 0.517530 0.661810
vt 0.520960 0.660630
vt 0.515750 0.666140
vt 0.514580 0.663130
vt 0.895090 0.605040
vt 0.894560 0.607280
vt 0.895270 0.602480
vt 0.635790 0.956010
vt 0.635420 0.957470
vt 0.640200 0.959680
vt 0.640810 0.956380
vt 0.449250 0.189200
vt 0.451630 0.186790
vt 0.448480 0.185460
vt 0.446590 0.186260
vt 0.448190 0.183730
vt 0.445660 0.184690
vt 0.450150 0.182280
vt 0.631050 0.962990
vt 0.629660 0.966440
vt 0.633410 0.964810
vt 0.634190 0.962270
vt 0.446200 0.188430
vt 0.635590 0.966400
vt 0.639350 0.963080
vt 0.638360 0.966710
vt 0.635000 0.959090
vt 0.454710 0.187070
vt 0.488720 0.186670
vt 0.491210 0.187440
vt 0.493730 0.188000
vt 0.493250 0.185930
vt 0.492810 0.183710
vt 0.494660 0.186430
vt 0.495180 0.184870
vt 0.496260 0.188440
vt 0.498790 0.188840
vt 0.696270 0.295370
vt 0.501380 0.188830
vt 0.502060 0.189810
vt 0.504160 0.187850
vt 0.695610 0.297470
vt 0.495710 0.186790
vt 0.498190 0.187490
vt 0.500790 0.187360
vt 0.503730 0.186280
vt 0.497660 0.185760
vt 0.500230 0.185760
vt 0.503430 0.184630
vt 0.497220 0.183540
vt 0.499730 0.183800
vt 0.502370 0.183340
vt 0.506550 0.185530
vt 0.509570 0.186360
vt 0.512110 0.186660
vt 0.515170 0.187530
vt 0.514610 0.187220
vt 0.508980 0.184700
vt 0.511500 0.185080
vt 0.514010 0.185520
vt 0.505670 0.183960
vt 0.508320 0.183510
vt 0.510900 0.183480
vt 0.513550 0.184380
vt 0.505150 0.182910
vt 0.510240 0.182260
vt 0.512730 0.182700
vt 0.895610 0.599100
vt 0.513730 0.666770
vt 0.896610 0.607280
vt 0.897360 0.604950
vt 0.898870 0.602230
vt 0.809720 0.265510
vt 0.813140 0.261960
vt 0.812420 0.265460
vt 0.900710 0.598650
vt 0.901060 0.600040
vt 0.810610 0.260420
vt 0.811900 0.260040
vt 0.810670 0.257270
vt 0.515110 0.185930
vt 0.513400 0.182940
vt 0.893070 0.594590
vt 0.895470 0.595120
vt 0.424660 0.327240
vt 0.427210 0.330710
vt 0.423860 0.330390
vt 0.427950 0.327710
vt 0.424740 0.324490
vt 0.428560 0.324430
vt 0.514970 0.184550
vt 0.515300 0.186320
vt 0.428410 0.321760
vt 0.429090 0.321880
vt 0.897330 0.597470
vt 0.897780 0.593610
vt 0.899660 0.595870
vt 0.430490 0.328530
vt 0.431590 0.322730
vt 0.864840 0.213510
vt 0.860940 0.214380
vt 0.862870 0.212480
vt 0.515050 0.185000
vt 0.514780 0.185640
vt 0.807810 0.261140
vt 0.808750 0.263820
vt 0.806540 0.255400
vt 0.810160 0.254580
vt 0.642870 0.960120
vt 0.643830 0.956560
vt 0.645530 0.960810
vt 0.646390 0.956980
vt 0.648080 0.961390
vt 0.649000 0.957390
vt 0.651220 0.958950
vt 0.650690 0.961160
vt 0.447820 0.182210
vt 0.445270 0.183150
vt 0.447490 0.180900
vt 0.642860 0.969810
vt 0.640920 0.967290
vt 0.645670 0.969540
vt 0.646560 0.972700
vt 0.647860 0.970590
vt 0.642140 0.963580
vt 0.644400 0.964770
vt 0.644630 0.963990
vt 0.643620 0.967260
vt 0.647060 0.964870
vt 0.646230 0.967470
vt 0.649290 0.965250
vt 0.648880 0.967420
vt 0.648100 0.969870
vt 0.650390 0.962260
vt 0.641660 0.973830
vt 0.646010 0.975810
vt 0.643480 0.975730
vt 0.645400 0.977340
vt 0.642760 0.977320
vt 0.457040 0.176340
vt 0.454450 0.176680
vt 0.644750 0.978900
vt 0.496820 0.180910
vt 0.499300 0.181460
vt 0.499480 0.182390
vt 0.501880 0.181890
vt 0.498810 0.179440
vt 0.501280 0.180000
vt 0.498330 0.177500
vt 0.500750 0.178290
vt 0.497800 0.175830
vt 0.500180 0.176820
vt 0.503880 0.180470
vt 0.509350 0.180780
vt 0.512160 0.180930
vt 0.506450 0.179510
vt 0.509080 0.179040
vt 0.511650 0.178880
vt 0.503270 0.178400
vt 0.505900 0.177820
vt 0.508550 0.177120
vt 0.511110 0.177000
vt 0.502690 0.176970
vt 0.505310 0.176410
vt 0.507960 0.175650
vt 0.106140 0.212960
vt 0.108870 0.210150
vt 0.108960 0.213100
vt 0.106030 0.210030
vt 0.514800 0.181340
vt 0.514130 0.179250
vt 0.115050 0.215780
vt 0.112910 0.218580
vt 0.112320 0.215890
vt 0.513560 0.177500
vt 0.115200 0.212850
vt 0.112090 0.213040
vt 0.829640 0.568890
vt 0.826330 0.566050
vt 0.830000 0.565770
vt 0.832630 0.568980
vt 0.426750 0.318230
vt 0.860640 0.208450
vt 0.863150 0.208780
vt 0.862030 0.212080
vt 0.861730 0.205010
vt 0.862000 0.204940
vt 0.863540 0.207400
vt 0.864250 0.205420
vt 0.832910 0.568940
vt 0.833610 0.571190
vt 0.833020 0.571250
vt 0.836070 0.570010
vt 0.835640 0.567710
vt 0.833220 0.565820
vt 0.835010 0.565320
vt 0.865340 0.212100
vt 0.867040 0.206980
vt 0.799910 0.248120
vt 0.803700 0.250570
vt 0.800590 0.251000
vt 0.865560 0.202860
vt 0.868290 0.204060
vt 0.837370 0.565920
vt 0.836910 0.563600
vt 0.866920 0.211060
vt 0.867690 0.215580
vt 0.806480 0.252580
vt 0.809400 0.251680
vt 0.501500 0.684540
vt 0.500200 0.681520
vt 0.502380 0.680810
vt 0.503410 0.680460
vt 0.806990 0.249550
vt 0.869590 0.204910
vt 0.871280 0.206350
vt 0.869380 0.209000
vt 0.804270 0.247430
vt 0.802700 0.247760
vt 0.872080 0.202980
vt 0.802040 0.244860
vt 0.804890 0.244450
vt 0.653810 0.960510
vt 0.650030 0.972010
vt 0.651810 0.967590
vt 0.650790 0.969480
vt 0.655490 0.971080
vt 0.653340 0.963890
vt 0.656800 0.966300
vt 0.658000 0.970870
vt 0.658940 0.967870
vt 0.655190 0.963420
vt 0.658050 0.962710
vt 0.661310 0.960780
vt 0.659720 0.965170
vt 0.651120 0.975800
vt 0.647800 0.977650
vt 0.652280 0.973920
vt 0.650220 0.978040
vt 0.653840 0.975510
vt 0.653220 0.977190
vt 0.651990 0.979130
vt 0.655190 0.978440
vt 0.657620 0.972710
vt 0.656220 0.975810
vt 0.654530 0.980300
vt 0.654510 0.981550
vt 0.497260 0.174320
vt 0.499660 0.175110
vt 0.496760 0.172530
vt 0.500980 0.172530
vt 0.498650 0.171610
vt 0.502100 0.175630
vt 0.504670 0.175310
vt 0.507270 0.174830
vt 0.109330 0.206840
vt 0.509700 0.175340
vt 0.501520 0.174280
vt 0.503990 0.174390
vt 0.106430 0.203690
vt 0.103570 0.206680
vt 0.103680 0.203610
vt 0.106210 0.206910
vt 0.827630 0.562630
vt 0.826890 0.562710
vt 0.824170 0.559280
vt 0.502790 0.172880
vt 0.500450 0.171120
vt 0.501470 0.171530
vt 0.109710 0.203610
vt 0.110070 0.206750
vt 0.106870 0.200500
vt 0.505810 0.173800
vt 0.824700 0.556040
vt 0.827990 0.556020
vt 0.110240 0.200280
vt 0.502190 0.170840
vt 0.505180 0.172690
vt 0.826200 0.553140
vt 0.824400 0.553400
vt 0.831290 0.553150
vt 0.112690 0.206640
vt 0.112450 0.209830
vt 0.830120 0.562770
vt 0.833710 0.562900
vt 0.830780 0.559070
vt 0.827270 0.559510
vt 0.836150 0.561150
vt 0.835040 0.558540
vt 0.113390 0.200200
vt 0.113260 0.202970
vt 0.830820 0.556420
vt 0.833440 0.555730
vt 0.113800 0.196960
vt 0.831870 0.552940
vt 0.803980 0.241460
vt 0.804770 0.241290
vt 0.801580 0.241860
vt 0.801320 0.238750
vt 0.804520 0.238180
vt 0.801380 0.235500
vt 0.835170 0.553970
vt 0.836140 0.556520
vt 0.834190 0.551400
vt 0.661360 0.969880
vt 0.662310 0.965420
vt 0.664130 0.966730
vt 0.663390 0.969400
vt 0.666080 0.968510
vt 0.658970 0.974620
vt 0.661130 0.977480
vt 0.662580 0.971940
vt 0.661850 0.973940
vt 0.664280 0.973700
vt 0.663090 0.977060
vt 0.666070 0.976120
vt 0.665280 0.971000
vt 0.667850 0.970270
vt 0.667200 0.972290
vt 0.657490 0.980020
vt 0.657630 0.983660
vt 0.654880 0.986110
vt 0.659050 0.981780
vt 0.657560 0.985840
vt 0.661080 0.984510
vt 0.662380 0.979120
vt 0.662520 0.982250
vt 0.664240 0.980750
vt 0.664950 0.978680
vt 0.661990 0.987160
vt 0.660140 0.988960
vt 0.660310 0.991920
vt 0.485570 0.164650
vt 0.479950 0.164710
vt 0.497490 0.169160
vt 0.494530 0.167380
vt 0.496860 0.168400
vt 0.491560 0.165770
vt 0.816030 0.402590
vt 0.819190 0.405140
vt 0.816180 0.405250
vt 0.493890 0.166720
vt 0.496310 0.167310
vt 0.488510 0.164860
vt 0.812980 0.402560
vt 0.816230 0.399190
vt 0.490880 0.165490
vt 0.652230 0.146730
vt 0.649210 0.143740
vt 0.652300 0.144210
vt 0.648920 0.147120
vt 0.819280 0.402040
vt 0.819280 0.399510
vt 0.822490 0.401710
vt 0.495650 0.166530
vt 0.493260 0.166510
vt 0.500020 0.170070
vt 0.818310 0.550300
vt 0.815000 0.547310
vt 0.816170 0.547280
vt 0.497670 0.168790
vt 0.821130 0.550460
vt 0.824030 0.550050
vt 0.499220 0.169150
vt 0.817960 0.547530
vt 0.501520 0.170250
vt 0.821290 0.547470
vt 0.814730 0.544610
vt 0.817750 0.544790
vt 0.820900 0.544560
vt 0.814630 0.541770
vt 0.818280 0.541300
vt 0.825730 0.397750
vt 0.825640 0.401300
vt 0.827840 0.549730
vt 0.824760 0.547310
vt 0.827490 0.546840
vt 0.319710 0.142670
vt 0.319730 0.143300
vt 0.316480 0.140600
vt 0.319080 0.141740
vt 0.826220 0.544150
vt 0.824600 0.544510
vt 0.316120 0.140100
vt 0.313660 0.139280
vt 0.825380 0.541940
vt 0.823890 0.541050
vt 0.821480 0.541480
vt 0.828840 0.546640
vt 0.830100 0.543210
vt 0.828260 0.540310
vt 0.829380 0.541890
vt 0.831560 0.552480
vt 0.829530 0.549830
vt 0.832960 0.548920
vt 0.831450 0.545950
vt 0.669760 0.971760
vt 0.669070 0.973750
vt 0.668310 0.975960
vt 0.670010 0.976180
vt 0.666300 0.982570
vt 0.665410 0.985290
vt 0.668670 0.984200
vt 0.667540 0.978210
vt 0.668400 0.980860
vt 0.671810 0.979840
vt 0.673210 0.981610
vt 0.672450 0.984880
vt 0.673450 0.974990
vt 0.673430 0.978140
vt 0.664230 0.986920
vt 0.663200 0.990160
vt 0.666040 0.989410
vt 0.665100 0.991300
vt 0.666400 0.988190
vt 0.671190 0.987430
vt 0.667640 0.990680
vt 0.671160 0.988830
vt 0.472040 0.163980
vt 0.473500 0.162300
vt 0.474500 0.163180
vt 0.471410 0.162880
vt 0.661950 0.992950
vt 0.478120 0.163860
vt 0.480590 0.163810
vt 0.484660 0.163970
vt 0.476280 0.164670
vt 0.477560 0.163210
vt 0.475100 0.163500
vt 0.480000 0.163310
vt 0.482120 0.163400
vt 0.810290 0.393270
vt 0.809250 0.395840
vt 0.806990 0.392560
vt 0.801250 0.392800
vt 0.798430 0.392390
vt 0.801500 0.389890
vt 0.477110 0.162980
vt 0.804240 0.392910
vt 0.798570 0.389070
vt 0.804400 0.389620
vt 0.807770 0.389710
vt 0.477100 0.162450
vt 0.479410 0.162910
vt 0.807470 0.385510
vt 0.802290 0.386700
vt 0.810810 0.386090
vt 0.809420 0.399430
vt 0.813220 0.396210
vt 0.813060 0.399490
vt 0.813450 0.395060
vt 0.646520 0.139500
vt 0.816430 0.395790
vt 0.492580 0.165850
vt 0.490220 0.165220
vt 0.822640 0.394660
vt 0.822480 0.398770
vt 0.819590 0.395490
vt 0.813440 0.392750
vt 0.816560 0.392560
vt 0.819650 0.392300
vt 0.813960 0.389250
vt 0.816710 0.390150
vt 0.812710 0.386730
vt 0.822880 0.391970
vt 0.816740 0.389230
vt 0.819940 0.388820
vt 0.815550 0.535170
vt 0.813210 0.531540
vt 0.816450 0.531510
vt 0.816900 0.385910
vt 0.810560 0.528170
vt 0.812800 0.528030
vt 0.107270 0.236700
vt 0.110170 0.239820
vt 0.106120 0.236790
vt 0.109890 0.237110
vt 0.816160 0.538300
vt 0.815150 0.537760
vt 0.110190 0.246630
vt 0.112630 0.246410
vt 0.112360 0.249520
vt 0.115820 0.246240
vt 0.115780 0.249270
vt 0.822530 0.538310
vt 0.821410 0.538600
vt 0.819220 0.534780
vt 0.827510 0.034150
vt 0.828290 0.034100
vt 0.826590 0.033440
vt 0.113150 0.242830
vt 0.821790 0.537230
vt 0.825760 0.537140
vt 0.826440 0.538250
vt 0.822930 0.534440
vt 0.823950 0.534230
vt 0.113330 0.239680
vt 0.823200 0.533100
vt 0.822160 0.531330
vt 0.819340 0.531770
vt 0.113640 0.236350
vt 0.815840 0.529030
vt 0.819720 0.528510
vt 0.819980 0.528140
vt 0.675060 0.983590
vt 0.677020 0.978380
vt 0.676210 0.980270
vt 0.679230 0.981970
vt 0.675260 0.984800
vt 0.789600 0.383980
vt 0.795760 0.380590
vt 0.793240 0.385290
vt 0.465760 0.164320
vt 0.465870 0.163650
vt 0.470410 0.162490
vt 0.469220 0.163440
vt 0.790570 0.380290
vt 0.793540 0.378080
vt 0.473760 0.161660
vt 0.468020 0.162600
vt 0.472330 0.161180
vt 0.677950 0.984300
vt 0.676740 0.986270
vt 0.796270 0.375680
vt 0.799060 0.376210
vt 0.682110 0.983900
vt 0.681570 0.985390
vt 0.469340 0.161290
vt 0.469870 0.161710
vt 0.466780 0.161660
vt 0.471770 0.160860
vt 0.798580 0.383970
vt 0.804400 0.383400
vt 0.478100 0.162030
vt 0.477700 0.161430
vt 0.808430 0.378500
vt 0.480210 0.161720
vt 0.810930 0.379840
vt 0.474730 0.161080
vt 0.804770 0.379970
vt 0.801970 0.376480
vt 0.804990 0.376800
vt 0.477180 0.161200
vt 0.802110 0.373130
vt 0.474130 0.160850
vt 0.479470 0.161450
vt 0.811170 0.376290
vt 0.808020 0.376530
vt 0.799210 0.372900
vt 0.802380 0.370260
vt 0.808260 0.372950
vt 0.810720 0.372820
vt 0.813720 0.381820
vt 0.807970 0.523620
vt 0.810800 0.525410
vt 0.103920 0.234370
vt 0.107510 0.233450
vt 0.110290 0.233680
vt 0.814080 0.379550
vt 0.808430 0.521450
vt 0.811640 0.520610
vt 0.814630 0.522750
vt 0.814110 0.524930
vt 0.813090 0.521340
vt 0.104590 0.229490
vt 0.107880 0.231270
vt 0.816370 0.525650
vt 0.816980 0.524190
vt 0.814420 0.375960
vt 0.809190 0.517960
vt 0.817660 0.525180
vt 0.468170 0.160800
vt 0.796240 0.367250
vt 0.799430 0.369570
vt 0.805270 0.370730
vt 0.923260 0.262990
vt 0.922310 0.262620
vt 0.494340 0.096410
vt 0.494330 0.095360
vt 0.495070 0.096080
vt 0.472290 0.226170
vt 0.926190 0.264280
vt 0.928390 0.265570
vt 0.927470 0.261560
vt 0.929640 0.262860
vt 0.910820 0.959170
vt 0.910650 0.956960
vt 0.913640 0.959810
vt 0.913640 0.958190
vt 0.496830 0.098680
vt 0.494710 0.099640
vt 0.497100 0.101390
vt 0.495670 0.102080
vt 0.915210 0.959190
vt 0.480280 0.086400
vt 0.480900 0.083010
vt 0.484310 0.084710
vt 0.490900 0.093150
vt 0.491110 0.088980
vt 0.494770 0.091720
vt 0.487530 0.091260
vt 0.487940 0.087000
vt 0.483990 0.088770
vt 0.490850 0.093900
vt 0.491200 0.097160
vt 0.485340 0.094960
vt 0.488410 0.097450
vt 0.484320 0.092020
vt 0.537190 0.599600
vt 0.536510 0.596690
vt 0.540520 0.598370
vt 0.477630 0.090320
vt 0.480640 0.092770
vt 0.532690 0.597970
vt 0.534850 0.593980
vt 0.530940 0.595030
vt 0.533740 0.600880
vt 0.913800 0.956810
vt 0.914150 0.954550
vt 0.913340 0.950850
vt 0.494550 0.105700
vt 0.492800 0.106370
vt 0.490240 0.106380
vt 0.488840 0.105250
vt 0.542240 0.612080
vt 0.537630 0.610110
vt 0.541150 0.609330
vt 0.491730 0.100180
vt 0.492530 0.102830
vt 0.495880 0.104210
vt 0.493720 0.104930
vt 0.496590 0.103130
vt 0.915620 0.955440
vt 0.541700 0.601200
vt 0.543840 0.597060
vt 0.545030 0.599870
vt 0.542940 0.604210
vt 0.546250 0.602830
vt 0.491080 0.105020
vt 0.544200 0.607340
vt 0.538390 0.602490
vt 0.539630 0.605540
vt 0.540910 0.608730
vt 0.488550 0.104990
vt 0.535080 0.603770
vt 0.536350 0.606900
vt 0.914040 0.948030
vt 0.542510 0.612790
vt 0.917890 0.917500
vt 0.919850 0.918820
vt 0.477290 0.085260
vt 0.477450 0.083240
vt 0.479640 0.082430
vt 0.915530 0.915220
vt 0.474270 0.084100
vt 0.913860 0.905920
vt 0.913980 0.908980
vt 0.477250 0.087170
vt 0.473910 0.088190
vt 0.471000 0.085050
vt 0.471160 0.088540
vt 0.467640 0.085920
vt 0.468280 0.082970
vt 0.467930 0.089430
vt 0.531560 0.598340
vt 0.528180 0.596260
vt 0.527100 0.593260
vt 0.529350 0.599110
vt 0.530550 0.602040
vt 0.523710 0.594610
vt 0.522540 0.591930
vt 0.525870 0.600310
vt 0.527240 0.603230
vt 0.519470 0.592860
vt 0.520380 0.595720
vt 0.521550 0.598590
vt 0.522520 0.601500
vt 0.523950 0.604460
vt 0.516870 0.596980
vt 0.516010 0.594210
vt 0.518520 0.599480
vt 0.520660 0.605680
vt 0.519630 0.602710
vt 0.534260 0.611450
vt 0.531020 0.612810
vt 0.527010 0.613550
vt 0.521000 0.614640
vt 0.531790 0.605070
vt 0.533080 0.608240
vt 0.529390 0.609700
vt 0.528720 0.606870
vt 0.525510 0.607710
vt 0.523330 0.612130
vt 0.521980 0.608990
vt 0.528500 0.606330
vt 0.136840 0.207630
vt 0.132550 0.206820
vt 0.134110 0.209370
vt 0.138640 0.209740
vt 0.536430 0.631430
vt 0.536310 0.634860
vt 0.535150 0.631840
vt 0.135790 0.211540
vt 0.533020 0.635880
vt 0.531690 0.632870
vt 0.912330 0.903060
vt 0.914680 0.900340
vt 0.911490 0.900120
vt 0.948430 0.844300
vt 0.947480 0.840600
vt 0.947210 0.842710
vt 0.465020 0.086290
vt 0.909600 0.907840
vt 0.911710 0.903290
vt 0.909210 0.904320
vt 0.908490 0.901020
vt 0.947800 0.844780
vt 0.948970 0.846320
vt 0.464750 0.090240
vt 0.461600 0.087430
vt 0.461900 0.085130
vt 0.461590 0.089210
vt 0.459010 0.088140
vt 0.458780 0.084190
vt 0.906010 0.898780
vt 0.907740 0.898080
vt 0.904590 0.899410
vt 0.455300 0.086600
vt 0.461640 0.091050
vt 0.458070 0.092150
vt 0.454720 0.089800
vt 0.512660 0.595320
vt 0.517390 0.606890
vt 0.513780 0.598040
vt 0.514920 0.600870
vt 0.516110 0.603790
vt 0.509380 0.596400
vt 0.507140 0.600010
vt 0.509110 0.602700
vt 0.512720 0.604900
vt 0.514100 0.608070
vt 0.505770 0.597510
vt 0.510760 0.609150
vt 0.507760 0.609980
vt 0.521560 0.616830
vt 0.518380 0.618110
vt 0.517110 0.615290
vt 0.515100 0.619210
vt 0.514560 0.617940
vt 0.516260 0.622090
vt 0.512290 0.620110
vt 0.514510 0.622600
vt 0.520120 0.613430
vt 0.519060 0.610390
vt 0.515820 0.611290
vt 0.513730 0.615980
vt 0.513040 0.614400
vt 0.510150 0.617050
vt 0.512890 0.623040
vt 0.514470 0.608950
vt 0.512210 0.612520
vt 0.509000 0.613650
vt 0.128370 0.205830
vt 0.129830 0.208500
vt 0.526210 0.628020
vt 0.530610 0.629970
vt 0.527550 0.631060
vt 0.520430 0.624110
vt 0.523580 0.625780
vt 0.525000 0.625370
vt 0.516630 0.623090
vt 0.521630 0.626370
vt 0.522760 0.629200
vt 0.523640 0.632160
vt 0.517210 0.624640
vt 0.519790 0.630200
vt 0.513900 0.625680
vt 0.520580 0.633160
vt 0.514960 0.628480
vt 0.516090 0.631340
vt 0.517270 0.634270
vt 0.529710 0.637020
vt 0.529030 0.635370
vt 0.531010 0.640140
vt 0.526380 0.638220
vt 0.527730 0.641300
vt 0.524480 0.642480
vt 0.523620 0.640440
vt 0.521240 0.643650
vt 0.520710 0.642420
vt 0.522500 0.646680
vt 0.528460 0.633980
vt 0.525160 0.635110
vt 0.521850 0.636200
vt 0.523160 0.639350
vt 0.519890 0.640500
vt 0.518570 0.637340
vt 0.629180 0.950510
vt 0.631550 0.950490
vt 0.630290 0.952980
vt 0.941820 0.841190
vt 0.941160 0.840610
vt 0.942360 0.839860
vt 0.631960 0.948430
vt 0.941510 0.842480
vt 0.619920 0.952730
vt 0.622750 0.952760
vt 0.625480 0.952790
vt 0.628250 0.952830
vt 0.945770 0.841100
vt 0.946270 0.843200
vt 0.624340 0.950790
vt 0.625900 0.950720
vt 0.945400 0.842510
vt 0.947590 0.845560
vt 0.948460 0.845920
vt 0.949210 0.846830
vt 0.945010 0.843550
vt 0.944450 0.841640
vt 0.943150 0.842150
vt 0.451390 0.090360
vt 0.452190 0.085780
vt 0.946910 0.845850
vt 0.950080 0.848080
vt 0.944420 0.844380
vt 0.508470 0.621280
vt 0.506990 0.621700
vt 0.509590 0.624080
vt 0.507060 0.618050
vt 0.505060 0.622200
vt 0.505020 0.618540
vt 0.506180 0.625060
vt 0.503430 0.622570
vt 0.502810 0.626050
vt 0.505530 0.614620
vt 0.505040 0.613480
vt 0.504230 0.614960
vt 0.501610 0.616240
vt 0.501680 0.619360
vt 0.500420 0.623280
vt 0.499700 0.626770
vt 0.510560 0.626760
vt 0.511610 0.629530
vt 0.512750 0.632420
vt 0.513980 0.635410
vt 0.507260 0.627680
vt 0.510770 0.629800
vt 0.510370 0.636660
vt 0.508290 0.630610
vt 0.509450 0.633530
vt 0.503880 0.628860
vt 0.504930 0.631710
vt 0.506170 0.634660
vt 0.500840 0.629570
vt 0.502810 0.635790
vt 0.504200 0.638860
vt 0.517910 0.644810
vt 0.519040 0.647670
vt 0.516650 0.641670
vt 0.514300 0.638990
vt 0.513400 0.642820
vt 0.514660 0.645850
vt 0.515830 0.648770
vt 0.511360 0.646920
vt 0.510150 0.643960
vt 0.512400 0.649880
vt 0.510270 0.647270
vt 0.508820 0.640860
vt 0.507950 0.638860
vt 0.505430 0.641930
vt 0.506840 0.645020
vt 0.508050 0.647990
vt 0.509220 0.650930
vt 0.519930 0.650780
vt 0.521540 0.653610
vt 0.518390 0.654710
vt 0.519560 0.657780
vt 0.516150 0.658980
vt 0.513120 0.660030
vt 0.517020 0.651720
vt 0.513720 0.652800
vt 0.514990 0.655830
vt 0.510450 0.653920
vt 0.511750 0.656960
vt 0.639370 0.953370
vt 0.642820 0.954240
vt 0.634290 0.950600
vt 0.637000 0.950780
vt 0.637940 0.950850
vt 0.641640 0.951180
vt 0.634740 0.948420
vt 0.637470 0.948470
vt 0.642390 0.949120
vt 0.940010 0.841120
vt 0.939710 0.839080
vt 0.637820 0.946570
vt 0.938750 0.839580
vt 0.640240 0.946740
vt 0.645420 0.947250
vt 0.501580 0.639560
vt 0.503420 0.646080
vt 0.504740 0.649070
vt 0.505970 0.652050
vt 0.501600 0.650360
vt 0.502750 0.653190
vt 0.499150 0.654510
vt 0.502190 0.643000
vt 0.499050 0.643870
vt 0.500150 0.647110
vt 0.495420 0.651680
vt 0.498180 0.651250
vt 0.496250 0.655400
vt 0.511210 0.664210
vt 0.509910 0.661170
vt 0.507910 0.665200
vt 0.508650 0.657540
vt 0.506670 0.662280
vt 0.505310 0.659290
vt 0.501850 0.660570
vt 0.501420 0.658330
vt 0.503380 0.663350
vt 0.504210 0.666600
vt 0.500150 0.664330
vt 0.507230 0.655060
vt 0.504040 0.656220
vt 0.497640 0.658480
vt 0.498640 0.661480
vt 0.501180 0.667310
vt 0.512410 0.667160
vt 0.514580 0.669800
vt 0.513580 0.670090
vt 0.514250 0.673200
vt 0.509020 0.668150
vt 0.510200 0.671100
vt 0.511500 0.674110
vt 0.901770 0.602280
vt 0.508190 0.675180
vt 0.814650 0.256430
vt 0.904840 0.602020
vt 0.814370 0.253550
vt 0.505540 0.669230
vt 0.506900 0.672170
vt 0.503720 0.673150
vt 0.505060 0.676310
vt 0.502370 0.670260
vt 0.647000 0.954700
vt 0.649500 0.955360
vt 0.652010 0.956120
vt 0.644950 0.951750
vt 0.647540 0.952200
vt 0.650080 0.952750
vt 0.652590 0.953340
vt 0.645410 0.949450
vt 0.648020 0.949820
vt 0.650570 0.950330
vt 0.653140 0.950780
vt 0.648440 0.947610
vt 0.651060 0.947940
vt 0.653660 0.948310
vt 0.492290 0.656490
vt 0.494550 0.659410
vt 0.496750 0.665450
vt 0.497930 0.668390
vt 0.494140 0.662990
vt 0.493630 0.666800
vt 0.494750 0.669510
vt 0.491120 0.670350
vt 0.488510 0.671780
vt 0.487210 0.668840
vt 0.490210 0.660690
vt 0.492290 0.663580
vt 0.488980 0.664640
vt 0.490320 0.667650
vt 0.486050 0.665880
vt 0.506530 0.679320
vt 0.501930 0.677420
vt 0.498820 0.678540
vt 0.496900 0.682630
vt 0.495660 0.679600
vt 0.500590 0.674320
vt 0.497410 0.675520
vt 0.493690 0.674930
vt 0.494320 0.676650
vt 0.491160 0.677760
vt 0.489920 0.674780
vt 0.492400 0.680690
vt 0.493870 0.683510
vt 0.499170 0.671370
vt 0.496040 0.672500
vt 0.492970 0.673650
vt 0.498190 0.685530
vt 0.872350 0.207190
vt 0.494950 0.686590
vt 0.874710 0.205130
vt 0.806620 0.246810
vt 0.808510 0.243420
vt 0.808050 0.246460
vt 0.656700 0.957870
vt 0.659070 0.959210
vt 0.655070 0.954000
vt 0.657390 0.954900
vt 0.659860 0.955590
vt 0.661720 0.958030
vt 0.655690 0.951280
vt 0.658170 0.951910
vt 0.660550 0.952730
vt 0.662590 0.954840
vt 0.663280 0.951490
vt 0.656230 0.948740
vt 0.656040 0.949640
vt 0.658810 0.949380
vt 0.661550 0.950040
vt 0.485480 0.673180
vt 0.483590 0.669270
vt 0.481930 0.673960
vt 0.489100 0.681760
vt 0.490370 0.684680
vt 0.487220 0.685810
vt 0.486720 0.675870
vt 0.487940 0.678810
vt 0.483420 0.676900
vt 0.484680 0.679870
vt 0.485890 0.682800
vt 0.481470 0.681000
vt 0.482660 0.683860
vt 0.483940 0.686810
vt 0.479530 0.684890
vt 0.814830 0.232650
vt 0.812290 0.230430
vt 0.815210 0.229690
vt 0.812500 0.233420
vt 0.479920 0.678040
vt 0.478080 0.681960
vt 0.477480 0.680720
vt 0.808690 0.240470
vt 0.811300 0.242800
vt 0.808830 0.237340
vt 0.804170 0.235120
vt 0.807640 0.234480
vt 0.803840 0.232050
vt 0.806730 0.231630
vt 0.811850 0.239510
vt 0.812060 0.236520
vt 0.811050 0.233740
vt 0.810360 0.230840
vt 0.664690 0.954400
vt 0.664010 0.958000
vt 0.667630 0.956600
vt 0.665840 0.951770
vt 0.668110 0.952960
vt 0.669720 0.952820
vt 0.665420 0.963350
vt 0.667120 0.965190
vt 0.669630 0.966990
vt 0.667080 0.961450
vt 0.670160 0.961930
vt 0.668780 0.959230
vt 0.671270 0.958780
vt 0.672240 0.955520
vt 0.667970 0.969990
vt 0.831240 0.539000
vt 0.812160 0.227430
vt 0.813540 0.227050
vt 0.811210 0.224520
vt 0.814370 0.223760
vt 0.810420 0.221590
vt 0.812460 0.221110
vt 0.808580 0.218790
vt 0.811990 0.218100
vt 0.474890 0.683090
vt 0.476300 0.686000
vt 0.815150 0.226600
vt 0.473420 0.687440
vt 0.472170 0.685010
vt 0.470190 0.688170
vt 0.468670 0.685140
vt 0.814200 0.220680
vt 0.818420 0.219820
vt 0.814620 0.216840
vt 0.806790 0.228370
vt 0.803660 0.229110
vt 0.803650 0.225710
vt 0.833630 0.544390
vt 0.834170 0.546790
vt 0.832660 0.541800
vt 0.809160 0.225270
vt 0.806180 0.225430
vt 0.805840 0.222370
vt 0.834140 0.539990
vt 0.834920 0.542880
vt 0.833170 0.537320
vt 0.808810 0.221890
vt 0.672290 0.963970
vt 0.671440 0.966640
vt 0.675390 0.965850
vt 0.674310 0.960890
vt 0.677300 0.962870
vt 0.679680 0.964700
vt 0.674410 0.957150
vt 0.676250 0.957600
vt 0.678860 0.959540
vt 0.680330 0.960870
vt 0.670920 0.968150
vt 0.674820 0.970640
vt 0.674140 0.972670
vt 0.676110 0.973950
vt 0.676430 0.967250
vt 0.677540 0.970150
vt 0.829460 0.536150
vt 0.831000 0.538640
vt 0.827450 0.533160
vt 0.824950 0.530360
vt 0.899780 0.704130
vt 0.900190 0.704260
vt 0.899750 0.707790
vt 0.901620 0.706970
vt 0.831400 0.534520
vt 0.830260 0.531850
vt 0.825260 0.529650
vt 0.828370 0.528910
vt 0.829390 0.530430
vt 0.920480 0.714900
vt 0.923380 0.712230
vt 0.923290 0.715460
vt 0.920320 0.712320
vt 0.826910 0.526120
vt 0.825470 0.526530
vt 0.808600 0.215560
vt 0.811690 0.215020
vt 0.808360 0.212460
vt 0.831950 0.530150
vt 0.832690 0.532660
vt 0.830370 0.527320
vt 0.831440 0.529040
vt 0.808520 0.206030
vt 0.811680 0.205410
vt 0.811230 0.208820
vt 0.813250 0.214740
vt 0.815350 0.214250
vt 0.812610 0.211790
vt 0.814730 0.211310
vt 0.811210 0.212020
vt 0.811130 0.210750
vt 0.815100 0.208120
vt 0.814750 0.204910
vt 0.682330 0.961740
vt 0.681790 0.964200
vt 0.684500 0.963820
vt 0.678210 0.974560
vt 0.679750 0.970660
vt 0.681480 0.972030
vt 0.681080 0.966390
vt 0.682700 0.968510
vt 0.687000 0.970500
vt 0.683440 0.973280
vt 0.683510 0.966230
vt 0.686790 0.963560
vt 0.686020 0.965870
vt 0.688350 0.965910
vt 0.679920 0.976900
vt 0.681830 0.979150
vt 0.682960 0.981660
vt 0.684560 0.979450
vt 0.685300 0.974950
vt 0.902140 0.700540
vt 0.903960 0.702820
vt 0.903570 0.702940
vt 0.818410 0.521100
vt 0.812340 0.517910
vt 0.815580 0.517600
vt 0.815890 0.518020
vt 0.818580 0.520810
vt 0.814640 0.372340
vt 0.809880 0.514400
vt 0.812120 0.514120
vt 0.813180 0.515130
vt 0.817920 0.372590
vt 0.817620 0.375410
vt 0.903750 0.699900
vt 0.817690 0.516070
vt 0.814410 0.510340
vt 0.816720 0.513440
vt 0.823870 0.512890
vt 0.823230 0.514430
vt 0.821880 0.510730
vt 0.820340 0.511250
vt 0.820330 0.523830
vt 0.818710 0.520980
vt 0.826090 0.525150
vt 0.823240 0.521650
vt 0.822660 0.523260
vt 0.920280 0.709410
vt 0.819670 0.520130
vt 0.903230 0.696990
vt 0.920420 0.707830
vt 0.919720 0.708860
vt 0.826300 0.521350
vt 0.828460 0.524170
vt 0.808730 0.204990
vt 0.917800 0.708040
vt 0.917440 0.705920
vt 0.820870 0.519210
vt 0.825300 0.520340
vt 0.822890 0.522440
vt 0.920960 0.706790
vt 0.823280 0.518020
vt 0.822470 0.517000
vt 0.811820 0.202220
vt 0.828030 0.519690
vt 0.829400 0.522440
vt 0.826580 0.516910
vt 0.827100 0.517900
vt 0.824880 0.514030
vt 0.689340 0.972350
vt 0.690530 0.967720
vt 0.692250 0.968620
vt 0.691820 0.969870
vt 0.694680 0.969860
vt 0.693460 0.971980
vt 0.695870 0.972000
vt 0.697610 0.971970
vt 0.685820 0.981290
vt 0.687470 0.975710
vt 0.689200 0.977440
vt 0.688640 0.978990
vt 0.687880 0.981080
vt 0.691090 0.978770
vt 0.458590 0.162890
vt 0.460270 0.160970
vt 0.461040 0.161990
vt 0.458140 0.162260
vt 0.690740 0.973000
vt 0.690230 0.974430
vt 0.690590 0.975960
vt 0.692920 0.974430
vt 0.696670 0.976520
vt 0.695710 0.978520
vt 0.693510 0.978530
vt 0.457690 0.161650
vt 0.684700 0.983160
vt 0.683990 0.984830
vt 0.793440 0.371930
vt 0.793790 0.368630
vt 0.687360 0.982880
vt 0.463950 0.161930
vt 0.465880 0.160730
vt 0.466380 0.161390
vt 0.463370 0.161240
vt 0.794050 0.364640
vt 0.796890 0.362830
vt 0.799780 0.362870
vt 0.462510 0.160320
vt 0.464990 0.159990
vt 0.794400 0.358450
vt 0.800000 0.359340
vt 0.802450 0.369500
vt 0.808600 0.369310
vt 0.804970 0.510430
vt 0.808260 0.510510
vt 0.804020 0.514000
vt 0.811950 0.368900
vt 0.802680 0.364240
vt 0.805720 0.366020
vt 0.803690 0.506700
vt 0.802870 0.506720
vt 0.805780 0.365330
vt 0.803020 0.506040
vt 0.806220 0.506520
vt 0.812260 0.364660
vt 0.809050 0.365350
vt 0.802940 0.362510
vt 0.806370 0.361760
vt 0.804590 0.502510
vt 0.800510 0.504490
vt 0.801080 0.502790
vt 0.807030 0.504480
vt 0.809330 0.363300
vt 0.803370 0.358970
vt 0.801780 0.499370
vt 0.812780 0.359200
vt 0.804860 0.499280
vt 0.807620 0.499000
vt 0.809090 0.357840
vt 0.809770 0.358290
vt 0.810580 0.512660
vt 0.815080 0.368370
vt 0.814880 0.370590
vt 0.811140 0.510480
vt 0.815310 0.365440
vt 0.813200 0.364820
vt 0.811740 0.507590
vt 0.814660 0.510190
vt 0.394720 0.141250
vt 0.392800 0.140290
vt 0.396930 0.139600
vt 0.620260 0.111070
vt 0.616460 0.109880
vt 0.618850 0.109700
vt 0.398220 0.142820
vt 0.398030 0.143120
vt 0.620720 0.109070
vt 0.616830 0.104250
vt 0.618160 0.105990
vt 0.615610 0.109630
vt 0.814150 0.360790
vt 0.619790 0.108080
vt 0.815860 0.362700
vt 0.815520 0.364400
vt 0.821150 0.509960
vt 0.459670 0.160230
vt 0.457340 0.160920
vt 0.456740 0.160160
vt 0.454890 0.161670
vt 0.459210 0.159670
vt 0.788720 0.351810
vt 0.785930 0.351000
vt 0.788780 0.348730
vt 0.699000 0.973890
vt 0.701440 0.973390
vt 0.699070 0.976380
vt 0.454440 0.160960
vt 0.701470 0.976270
vt 0.456390 0.159670
vt 0.700720 0.978020
vt 0.458710 0.159340
vt 0.451480 0.159920
vt 0.453630 0.159350
vt 0.450740 0.161800
vt 0.454020 0.160250
vt 0.455980 0.158920
vt 0.786080 0.348140
vt 0.788900 0.345440
vt 0.786080 0.345120
vt 0.791320 0.358590
vt 0.788680 0.358560
vt 0.791430 0.355870
vt 0.462110 0.159960
vt 0.794310 0.355900
vt 0.464420 0.159760
vt 0.466750 0.159840
vt 0.797180 0.356370
vt 0.800190 0.357040
vt 0.800320 0.355690
vt 0.461560 0.159410
vt 0.463890 0.159330
vt 0.797540 0.352210
vt 0.466170 0.159690
vt 0.800550 0.352140
vt 0.791560 0.352130
vt 0.791710 0.348830
vt 0.461040 0.159240
vt 0.794470 0.352330
vt 0.794680 0.349420
vt 0.798080 0.346760
vt 0.800800 0.347670
vt 0.460590 0.158810
vt 0.791900 0.345470
vt 0.795120 0.345170
vt 0.462930 0.159200
vt 0.803490 0.353770
vt 0.802790 0.494190
vt 0.805110 0.496640
vt 0.808390 0.498950
vt 0.809220 0.494960
vt 0.810940 0.499330
vt 0.810430 0.495410
vt 0.803860 0.351650
vt 0.803410 0.492120
vt 0.807080 0.351130
vt 0.806200 0.355870
vt 0.806470 0.492040
vt 0.801270 0.487740
vt 0.803030 0.488500
vt 0.802720 0.348190
vt 0.453220 0.158610
vt 0.455540 0.158370
vt 0.789070 0.341750
vt 0.786150 0.341970
vt 0.783320 0.341680
vt 0.786180 0.341190
vt 0.791930 0.342230
vt 0.506600 0.606790
vt 0.503130 0.601430
vt 0.503190 0.604520
vt 0.451600 0.094100
vt 0.447950 0.091680
vt 0.448360 0.087160
vt 0.946610 0.846520
vt 0.949590 0.848120
vt 0.943530 0.844970
vt 0.447840 0.095600
vt 0.444340 0.093250
vt 0.445020 0.088890
vt 0.943300 0.846120
vt 0.946180 0.847620
vt 0.949180 0.848350
vt 0.495640 0.600400
vt 0.492280 0.601250
vt 0.491500 0.598470
vt 0.488190 0.599230
vt 0.486430 0.597000
vt 0.488820 0.602100
vt 0.499260 0.599290
vt 0.504150 0.607620
vt 0.504030 0.611220
vt 0.502950 0.611510
vt 0.496980 0.603040
vt 0.498070 0.606010
vt 0.499250 0.609030
vt 0.500030 0.612270
vt 0.493400 0.604020
vt 0.494530 0.606880
vt 0.497070 0.613020
vt 0.493020 0.604110
vt 0.495450 0.609930
vt 0.495240 0.613420
vt 0.489710 0.604800
vt 0.490740 0.607800
vt 0.492020 0.610730
vt 0.492410 0.614140
vt 0.499520 0.619590
vt 0.497580 0.623880
vt 0.497610 0.616350
vt 0.495990 0.619900
vt 0.494610 0.616940
vt 0.501650 0.632780
vt 0.940930 0.843240
vt 0.895640 0.663460
vt 0.896240 0.658670
vt 0.898040 0.661270
vt 0.939320 0.841490
vt 0.638040 0.944930
vt 0.643070 0.945110
vt 0.891390 0.662790
vt 0.894030 0.660420
vt 0.643640 0.943570
vt 0.887760 0.657660
vt 0.884720 0.660410
vt 0.888070 0.662020
vt 0.893090 0.665780
vt 0.897460 0.667270
vt 0.892280 0.667350
vt 0.945250 0.847660
vt 0.888820 0.665380
vt 0.889670 0.666960
vt 0.889860 0.669890
vt 0.484380 0.600090
vt 0.483440 0.597100
vt 0.884270 0.665440
vt 0.886110 0.669650
vt 0.480500 0.598310
vt 0.882740 0.662470
vt 0.496660 0.627560
vt 0.494490 0.624490
vt 0.495780 0.627760
vt 0.493520 0.628270
vt 0.492380 0.622430
vt 0.491510 0.628610
vt 0.491310 0.617700
vt 0.491020 0.621350
vt 0.490300 0.625040
vt 0.489050 0.629280
vt 0.496920 0.630840
vt 0.497840 0.633830
vt 0.499490 0.636790
vt 0.496220 0.637750
vt 0.495660 0.641210
vt 0.493250 0.631700
vt 0.494840 0.634780
vt 0.492860 0.635310
vt 0.492320 0.638930
vt 0.490560 0.643060
vt 0.490220 0.632440
vt 0.491340 0.635700
vt 0.489390 0.636160
vt 0.488060 0.640070
vt 0.489230 0.639790
vt 0.488140 0.632740
vt 0.487490 0.636430
vt 0.492960 0.645860
vt 0.646100 0.945410
vt 0.648790 0.945570
vt 0.651450 0.945780
vt 0.653020 0.945930
vt 0.654080 0.946060
vt 0.646310 0.943610
vt 0.649060 0.943730
vt 0.651770 0.943790
vt 0.654140 0.943930
vt 0.646500 0.942130
vt 0.174350 0.103680
vt 0.172710 0.101770
vt 0.172950 0.101300
vt 0.649240 0.942070
vt 0.654910 0.942220
vt 0.880730 0.659330
vt 0.883510 0.657220
vt 0.649330 0.940700
vt 0.173820 0.103620
vt 0.172450 0.102240
vt 0.652040 0.940510
vt 0.658000 0.940440
vt 0.486570 0.643860
vt 0.485430 0.640630
vt 0.483540 0.644820
vt 0.487310 0.651470
vt 0.488430 0.655000
vt 0.488170 0.647280
vt 0.484930 0.651480
vt 0.485990 0.658600
vt 0.481680 0.657130
vt 0.482820 0.656050
vt 0.482870 0.659570
vt 0.483590 0.648580
vt 0.480880 0.653140
vt 0.483370 0.652330
vt 0.481420 0.648660
vt 0.479130 0.652110
vt 0.483960 0.662730
vt 0.656680 0.946410
vt 0.659240 0.946830
vt 0.661730 0.947400
vt 0.664180 0.948050
vt 0.657080 0.944200
vt 0.659650 0.944590
vt 0.662180 0.945070
vt 0.664680 0.945590
vt 0.657390 0.942200
vt 0.660020 0.942450
vt 0.662580 0.942830
vt 0.665100 0.943290
vt 0.660300 0.940500
vt 0.662930 0.940710
vt 0.665470 0.941110
vt 0.480670 0.660130
vt 0.478600 0.657400
vt 0.476360 0.661470
vt 0.478480 0.653490
vt 0.472560 0.662400
vt 0.474100 0.658280
vt 0.482380 0.666750
vt 0.480990 0.667100
vt 0.480200 0.670830
vt 0.477950 0.674350
vt 0.478990 0.667780
vt 0.478350 0.664320
vt 0.475620 0.668750
vt 0.473660 0.672940
vt 0.475460 0.676710
vt 0.474020 0.665700
vt 0.472020 0.669740
vt 0.470400 0.666630
vt 0.666560 0.948960
vt 0.668840 0.949030
vt 0.673200 0.951550
vt 0.667100 0.946250
vt 0.669480 0.947000
vt 0.671850 0.947380
vt 0.673870 0.949200
vt 0.667590 0.943800
vt 0.669990 0.944490
vt 0.672300 0.945350
vt 0.674570 0.946300
vt 0.668000 0.941510
vt 0.670460 0.942080
vt 0.673030 0.942860
vt 0.471100 0.677010
vt 0.470270 0.673920
vt 0.467800 0.674780
vt 0.468950 0.678670
vt 0.465260 0.679110
vt 0.464720 0.678130
vt 0.462010 0.680180
vt 0.466960 0.671620
vt 0.465690 0.672680
vt 0.463210 0.675720
vt 0.473310 0.680040
vt 0.471690 0.684100
vt 0.470470 0.681640
vt 0.467690 0.683510
vt 0.465090 0.684960
vt 0.819690 0.216600
vt 0.467140 0.681550
vt 0.463350 0.682410
vt 0.675050 0.954150
vt 0.676110 0.950140
vt 0.678300 0.951220
vt 0.677450 0.954270
vt 0.681580 0.953000
vt 0.678330 0.949110
vt 0.682020 0.949510
vt 0.677430 0.944490
vt 0.677200 0.945550
vt 0.679770 0.945280
vt 0.682340 0.945450
vt 0.684280 0.946990
vt 0.679730 0.956350
vt 0.681190 0.956950
vt 0.457710 0.679250
vt 0.458890 0.681270
vt 0.455910 0.682560
vt 0.454800 0.680720
vt 0.450250 0.684670
vt 0.451680 0.681570
vt 0.448080 0.681530
vt 0.816650 0.212870
vt 0.818790 0.211860
vt 0.818260 0.207390
vt 0.817990 0.204310
vt 0.460650 0.684200
vt 0.460200 0.686480
vt 0.457220 0.684910
vt 0.821130 0.206580
vt 0.454300 0.685950
vt 0.818900 0.204120
vt 0.825030 0.203220
vt 0.459120 0.681660
vt 0.684730 0.953900
vt 0.686260 0.948890
vt 0.688730 0.948770
vt 0.687920 0.952230
vt 0.690960 0.948940
vt 0.689990 0.952650
vt 0.692950 0.951740
vt 0.683510 0.958430
vt 0.685750 0.959110
vt 0.685160 0.961150
vt 0.687810 0.960710
vt 0.689620 0.962060
vt 0.684380 0.955730
vt 0.686910 0.955520
vt 0.689110 0.955770
vt 0.690740 0.957740
vt 0.690210 0.960150
vt 0.691900 0.954820
vt 0.694130 0.954890
vt 0.825120 0.509600
vt 0.826010 0.509580
vt 0.823050 0.190920
vt 0.823470 0.194040
vt 0.820740 0.191370
vt 0.830410 0.201960
vt 0.824340 0.199980
vt 0.829050 0.199050
vt 0.823950 0.197020
vt 0.827240 0.196310
vt 0.826480 0.193420
vt 0.826150 0.190360
vt 0.814640 0.201780
vt 0.817580 0.201290
vt 0.814580 0.198630
vt 0.814600 0.199740
vt 0.817550 0.198120
vt 0.814670 0.195430
vt 0.827150 0.512580
vt 0.828070 0.515190
vt 0.821070 0.200580
vt 0.829770 0.513560
vt 0.830200 0.515990
vt 0.828770 0.510930
vt 0.827730 0.508270
vt 0.820400 0.197660
vt 0.820070 0.194600
vt 0.819760 0.191540
vt 0.692780 0.959600
vt 0.691900 0.963570
vt 0.694310 0.962300
vt 0.695060 0.959960
vt 0.693530 0.957240
vt 0.696750 0.955550
vt 0.698460 0.957300
vt 0.699120 0.961340
vt 0.700980 0.957840
vt 0.695160 0.951890
vt 0.699260 0.952520
vt 0.702180 0.954310
vt 0.692640 0.967440
vt 0.693400 0.964530
vt 0.694930 0.965170
vt 0.698100 0.966180
vt 0.821730 0.507230
vt 0.823920 0.506890
vt 0.822380 0.505140
vt 0.825800 0.505330
vt 0.827430 0.507880
vt 0.823950 0.502580
vt 0.824260 0.502520
vt 0.821770 0.499380
vt 0.820900 0.499550
vt 0.820990 0.502460
vt 0.821190 0.498720
vt 0.819820 0.191110
vt 0.819990 0.188310
vt 0.827490 0.503720
vt 0.828700 0.506430
vt 0.826670 0.501140
vt 0.824210 0.498020
vt 0.825940 0.500210
vt 0.822490 0.495390
vt 0.822990 0.495290
vt 0.822840 0.187830
vt 0.826410 0.187200
vt 0.822380 0.184820
vt 0.826190 0.496530
vt 0.828050 0.499210
vt 0.825360 0.493920
vt 0.703090 0.958340
vt 0.701810 0.962350
vt 0.704670 0.961010
vt 0.705410 0.958940
vt 0.705800 0.963920
vt 0.707870 0.959340
vt 0.710220 0.959760
vt 0.709350 0.962200
vt 0.708540 0.964450
vt 0.704490 0.954480
vt 0.706510 0.954780
vt 0.708650 0.957050
vt 0.709420 0.954790
vt 0.711880 0.955220
vt 0.710990 0.957690
vt 0.700650 0.972160
vt 0.699920 0.967440
vt 0.702130 0.968540
vt 0.703800 0.970280
vt 0.704390 0.968760
vt 0.705100 0.972390
vt 0.706650 0.969450
vt 0.701940 0.965600
vt 0.705400 0.965980
vt 0.708820 0.966950
vt 0.704520 0.974740
vt 0.796640 0.484480
vt 0.799670 0.484500
vt 0.799140 0.486440
vt 0.801330 0.344690
vt 0.798260 0.344800
vt 0.810620 0.489820
vt 0.811660 0.491310
vt 0.812640 0.493970
vt 0.807420 0.347540
vt 0.807320 0.488480
vt 0.809260 0.488220
vt 0.802190 0.484830
vt 0.805070 0.484600
vt 0.804180 0.344130
vt 0.804610 0.344400
vt 0.807610 0.345700
vt 0.807850 0.486650
vt 0.812460 0.489990
vt 0.907510 0.065630
vt 0.910850 0.063330
vt 0.908970 0.066060
vt 0.812540 0.487850
vt 0.812470 0.487090
vt 0.808770 0.484440
vt 0.810120 0.484030
vt 0.904530 0.751450
vt 0.904780 0.750690
vt 0.906790 0.754570
vt 0.819650 0.495200
vt 0.820280 0.493420
vt 0.822650 0.494880
vt 0.821050 0.491200
vt 0.823090 0.490870
vt 0.824530 0.492850
vt 0.821650 0.489240
vt 0.721490 0.958120
vt 0.719060 0.961520
vt 0.719730 0.957730
vt 0.714110 0.956450
vt 0.714920 0.954410
vt 0.718250 0.953850
vt 0.717190 0.955780
vt 0.716380 0.957870
vt 0.721130 0.953130
vt 0.720280 0.955260
vt 0.724060 0.952670
vt 0.718580 0.965260
vt 0.717500 0.967770
vt 0.715490 0.966110
vt 0.711690 0.962700
vt 0.712520 0.960450
vt 0.713270 0.965460
vt 0.715550 0.959680
vt 0.715000 0.961610
vt 0.716300 0.964300
vt 0.719360 0.963680
vt 0.713300 0.958520
vt 0.709790 0.972810
vt 0.710780 0.971410
vt 0.712420 0.972990
vt 0.447800 0.158030
vt 0.446270 0.159410
vt 0.447450 0.156980
vt 0.709280 0.968920
vt 0.712400 0.967440
vt 0.712640 0.971060
vt 0.715990 0.969880
vt 0.713940 0.969780
vt 0.445290 0.158850
vt 0.715500 0.971750
vt 0.445150 0.157360
vt 0.706960 0.974500
vt 0.450870 0.159250
vt 0.448180 0.159070
vt 0.450490 0.158420
vt 0.452810 0.158010
vt 0.455120 0.157830
vt 0.455440 0.158260
vt 0.789190 0.338890
vt 0.786230 0.338810
vt 0.450100 0.157740
vt 0.452400 0.157500
vt 0.783370 0.338560
vt 0.786360 0.335540
vt 0.454680 0.157450
vt 0.789540 0.334990
vt 0.456950 0.157650
vt 0.449720 0.156870
vt 0.452000 0.156860
vt 0.783490 0.332330
vt 0.786430 0.332420
vt 0.454240 0.156990
vt 0.456480 0.157360
vt 0.795230 0.341850
vt 0.797090 0.481210
vt 0.800520 0.480830
vt 0.801570 0.341290
vt 0.798830 0.341030
vt 0.792350 0.338600
vt 0.795510 0.338220
vt 0.790620 0.335370
vt 0.801070 0.477480
vt 0.797840 0.477620
vt 0.798830 0.337700
vt 0.801820 0.337690
vt 0.792570 0.335170
vt 0.798950 0.473040
vt 0.795490 0.474240
vt 0.801570 0.475520
vt 0.799030 0.335720
vt 0.792960 0.470940
vt 0.796410 0.470570
vt 0.792810 0.473700
vt 0.793750 0.474200
vt 0.792890 0.331480
vt 0.801940 0.473850
vt 0.802270 0.333870
vt 0.799170 0.334040
vt 0.796140 0.331110
vt 0.795970 0.333600
vt 0.799330 0.470590
vt 0.802440 0.470260
vt 0.802460 0.331860
vt 0.800080 0.330520
vt 0.799330 0.330430
vt 0.803120 0.470430
vt 0.806030 0.469260
vt 0.805090 0.472070
vt 0.802910 0.481440
vt 0.805560 0.484570
vt 0.804810 0.340760
vt 0.804660 0.344040
vt 0.805850 0.481340
vt 0.808910 0.482060
vt 0.806390 0.479060
vt 0.805050 0.477780
vt 0.803400 0.477900
vt 0.903110 0.746690
vt 0.903100 0.749660
vt 0.900840 0.746490
vt 0.899840 0.744950
vt 0.808360 0.477290
vt 0.807480 0.477170
vt 0.808600 0.476770
vt 0.804580 0.474080
vt 0.806280 0.473720
vt 0.808080 0.476140
vt 0.873290 0.291240
vt 0.873780 0.291180
vt 0.873550 0.291930
vt 0.873450 0.290590
vt 0.728960 0.954250
vt 0.726590 0.952760
vt 0.730450 0.952320
vt 0.734370 0.953840
vt 0.737140 0.952470
vt 0.733500 0.956210
vt 0.725290 0.957020
vt 0.723150 0.961450
vt 0.725720 0.961990
vt 0.727950 0.957130
vt 0.729520 0.959090
vt 0.730330 0.957320
vt 0.733100 0.957150
vt 0.732650 0.958180
vt 0.732580 0.961030
vt 0.731020 0.961460
vt 0.722060 0.964040
vt 0.719950 0.967200
vt 0.724750 0.963880
vt 0.723760 0.966210
vt 0.722410 0.968340
vt 0.725850 0.966900
vt 0.727040 0.964440
vt 0.724710 0.968920
vt 0.730650 0.966790
vt 0.730050 0.964980
vt 0.729270 0.968180
vt 0.726660 0.969580
vt 0.719350 0.969030
vt 0.718580 0.970550
vt 0.717820 0.972030
vt 0.447100 0.156040
vt 0.444810 0.156330
vt 0.721650 0.969610
vt 0.720890 0.970910
vt 0.720150 0.972080
vt 0.444450 0.155520
vt 0.723960 0.970030
vt 0.723110 0.971200
vt 0.446340 0.154700
vt 0.721740 0.973270
vt 0.725520 0.971410
vt 0.725240 0.972280
vt 0.724070 0.973540
vt 0.449350 0.156200
vt 0.783630 0.325990
vt 0.780600 0.329050
vt 0.786630 0.329000
vt 0.789850 0.328620
vt 0.789540 0.332190
vt 0.786720 0.325690
vt 0.448580 0.154820
vt 0.780590 0.322960
vt 0.783770 0.323090
vt 0.780630 0.319970
vt 0.777620 0.319970
vt 0.721010 0.974250
vt 0.723220 0.974060
vt 0.720080 0.974970
vt 0.790040 0.325250
vt 0.791700 0.460740
vt 0.791020 0.464200
vt 0.788440 0.461330
vt 0.794660 0.461750
vt 0.794090 0.464110
vt 0.792600 0.459870
vt 0.787060 0.322180
vt 0.788920 0.457630
vt 0.785840 0.457930
vt 0.720070 0.974490
vt 0.719680 0.974800
vt 0.723410 0.973860
vt 0.789660 0.456350
vt 0.787810 0.321240
vt 0.790310 0.321730
vt 0.790270 0.322870
vt 0.792290 0.457300
vt 0.787310 0.318690
vt 0.790110 0.319030
vt 0.793670 0.467420
vt 0.796710 0.467350
vt 0.799900 0.467230
vt 0.793090 0.328180
vt 0.797130 0.464220
vt 0.793140 0.325050
vt 0.799670 0.327110
vt 0.796250 0.327750
vt 0.803110 0.466970
vt 0.805010 0.466460
vt 0.801260 0.326480
vt 0.800710 0.463570
vt 0.801990 0.463320
vt 0.796700 0.324040
vt 0.793470 0.321440
vt 0.797530 0.460690
vt 0.800760 0.461750
vt 0.794020 0.458040
vt 0.797610 0.457280
vt 0.737720 0.954230
vt 0.735740 0.957040
vt 0.740150 0.952600
vt 0.739880 0.953270
vt 0.738140 0.957650
vt 0.741060 0.953990
vt 0.744940 0.952700
vt 0.740480 0.958100
vt 0.744500 0.955190
vt 0.742990 0.957860
vt 0.739420 0.965820
vt 0.737260 0.965190
vt 0.740260 0.964040
vt 0.736900 0.959160
vt 0.734140 0.960700
vt 0.732280 0.964360
vt 0.738450 0.961790
vt 0.735720 0.964280
vt 0.739630 0.959960
vt 0.741690 0.962010
vt 0.729350 0.969440
vt 0.735860 0.966520
vt 0.733200 0.967540
vt 0.732430 0.968550
vt 0.731670 0.969580
vt 0.736290 0.968150
vt 0.734730 0.969040
vt 0.733930 0.969930
vt 0.738610 0.967180
vt 0.737160 0.969410
vt 0.886320 0.236770
vt 0.888470 0.237280
vt 0.888780 0.238080
vt 0.728590 0.970480
vt 0.727830 0.971350
vt 0.730910 0.970540
vt 0.726380 0.972980
vt 0.893480 0.239710
vt 0.893880 0.240320
vt 0.891260 0.239260
vt 0.730170 0.971200
vt 0.731730 0.971900
vt 0.897870 0.240230
vt 0.898240 0.240860
vt 0.895240 0.239310
vt 0.733360 0.970950
vt 0.891500 0.238330
vt 0.777900 0.310100
vt 0.777690 0.313580
vt 0.774530 0.310600
vt 0.890670 0.237380
vt 0.736270 0.970010
vt 0.735490 0.971020
vt 0.769180 0.310470
vt 0.768230 0.308080
vt 0.771430 0.307780
vt 0.774460 0.307680
vt 0.734750 0.971460
vt 0.731050 0.972120
vt 0.733900 0.971760
vt 0.783930 0.444940
vt 0.783980 0.447950
vt 0.780760 0.445310
vt 0.777670 0.316700
vt 0.725430 0.973740
vt 0.786330 0.454830
vt 0.783460 0.451380
vt 0.787080 0.451800
vt 0.781110 0.316750
vt 0.725020 0.973440
vt 0.789470 0.454210
vt 0.792970 0.453610
vt 0.787600 0.314980
vt 0.790550 0.315250
vt 0.790130 0.451250
vt 0.787050 0.447880
vt 0.786910 0.444770
vt 0.795160 0.454250
vt 0.755520 0.954240
vt 0.753210 0.953100
vt 0.756180 0.952700
vt 0.745990 0.957960
vt 0.744470 0.961040
vt 0.747160 0.961170
vt 0.748350 0.958600
vt 0.749440 0.961850
vt 0.750680 0.959120
vt 0.751560 0.961730
vt 0.753270 0.959420
vt 0.747690 0.953930
vt 0.748370 0.952190
vt 0.746810 0.956040
vt 0.749800 0.954700
vt 0.750640 0.952060
vt 0.752000 0.955900
vt 0.754640 0.956080
vt 0.753760 0.957800
vt 0.741710 0.966170
vt 0.742580 0.963450
vt 0.746050 0.963470
vt 0.744870 0.964980
vt 0.744040 0.966440
vt 0.748480 0.966000
vt 0.747330 0.966900
vt 0.752500 0.965050
vt 0.741190 0.967480
vt 0.740200 0.968650
vt 0.739330 0.969500
vt 0.885990 0.235990
vt 0.888240 0.236300
vt 0.743230 0.967600
vt 0.742430 0.968600
vt 0.742950 0.969550
vt 0.738590 0.970310
vt 0.745540 0.967850
vt 0.745470 0.968760
vt 0.885490 0.234820
vt 0.887600 0.234930
vt 0.746210 0.969640
vt 0.765120 0.299010
vt 0.761840 0.296080
vt 0.764870 0.295750
vt 0.885080 0.233750
vt 0.737790 0.970990
vt 0.890340 0.236690
vt 0.737070 0.971330
vt 0.768200 0.304990
vt 0.771470 0.304600
vt 0.765220 0.305050
vt 0.768320 0.301710
vt 0.890000 0.236310
vt 0.736350 0.971160
vt 0.781370 0.441720
vt 0.784370 0.441590
vt 0.777950 0.306990
vt 0.774880 0.304000
vt 0.771560 0.301350
vt 0.778190 0.438890
vt 0.778020 0.442060
vt 0.781500 0.438430
vt 0.735610 0.971370
vt 0.738740 0.971000
vt 0.772370 0.436110
vt 0.775230 0.435940
vt 0.775340 0.438960
vt 0.768310 0.298570
vt 0.778700 0.435500
vt 0.772130 0.432940
vt 0.768330 0.295410
vt 0.775150 0.432880
vt 0.777990 0.433380
vt 0.758730 0.952900
vt 0.757830 0.955020
vt 0.760800 0.953780
vt 0.760150 0.955450
vt 0.762460 0.955520
vt 0.763090 0.953670
vt 0.764630 0.955820
vt 0.754320 0.961890
vt 0.755200 0.960180
vt 0.756620 0.962190
vt 0.757770 0.960190
vt 0.758530 0.963120
vt 0.756310 0.958230
vt 0.759260 0.957190
vt 0.761570 0.957430
vt 0.760070 0.959800
vt 0.763880 0.957460
vt 0.762270 0.960420
vt 0.761230 0.962010
vt 0.753460 0.963380
vt 0.751620 0.966640
vt 0.750760 0.967590
vt 0.755760 0.963730
vt 0.754890 0.965070
vt 0.757830 0.965030
vt 0.756450 0.966120
vt 0.755640 0.967350
vt 0.760360 0.963360
vt 0.759490 0.964670
vt 0.758640 0.965680
vt 0.757710 0.966920
vt 0.749280 0.969180
vt 0.748480 0.969800
vt 0.745510 0.970020
vt 0.752380 0.968450
vt 0.766600 0.430070
vt 0.763960 0.426960
vt 0.766620 0.427070
vt 0.751480 0.968920
vt 0.754270 0.968230
vt 0.764000 0.424360
vt 0.747700 0.970070
vt 0.769340 0.426910
vt 0.769260 0.430100
vt 0.772060 0.430000
vt 0.772630 0.426600
vt 0.761930 0.423340
vt 0.764070 0.423780
vt 0.769530 0.423670
vt 0.770310 0.423540
vt 0.762310 0.420310
vt 0.754670 0.968130
vt 0.756160 0.968260
vt 0.766880 0.420490
vt 0.768410 0.292010
vt 0.775210 0.429570
vt 0.747050 0.970120
vt 0.749960 0.969390
vt 0.766240 0.957500
vt 0.765280 0.959310
vt 0.764210 0.960990
vt 0.762640 0.963430
vt 0.761770 0.964470
vt 0.760910 0.965600
vt 0.760060 0.966510
vt 0.759220 0.967300
vt 0.766960 0.419340
vt 0.764480 0.417290
vt 0.485260 0.602930
vt 0.480720 0.601090
vt 0.480800 0.603670
vt 0.877350 0.571150
vt 0.876820 0.571080
vt 0.874440 0.569300
vt 0.476420 0.599450
vt 0.880930 0.664280
vt 0.472220 0.598000
vt 0.472440 0.598640
vt 0.881800 0.668570
vt 0.477330 0.601990
vt 0.471920 0.600610
vt 0.473090 0.600990
vt 0.473650 0.602840
vt 0.474800 0.605010
vt 0.485960 0.605750
vt 0.487190 0.608620
vt 0.488490 0.611520
vt 0.489490 0.614670
vt 0.479880 0.607190
vt 0.483710 0.609320
vt 0.485040 0.612230
vt 0.485830 0.615370
vt 0.480180 0.610130
vt 0.481700 0.612950
vt 0.482570 0.616050
vt 0.475170 0.608170
vt 0.476480 0.610850
vt 0.476460 0.614090
vt 0.479410 0.616720
vt 0.487490 0.618490
vt 0.488770 0.621760
vt 0.487410 0.625760
vt 0.487120 0.629070
vt 0.485760 0.622420
vt 0.485250 0.625940
vt 0.484360 0.629560
vt 0.483330 0.619250
vt 0.482950 0.622840
vt 0.482760 0.626360
vt 0.480030 0.619950
vt 0.481310 0.623120
vt 0.486000 0.633050
vt 0.876100 0.658570
vt 0.879260 0.656770
vt 0.652130 0.939290
vt 0.650160 0.939340
vt 0.654960 0.939010
vt 0.654950 0.937810
vt 0.655050 0.936900
vt 0.176190 0.106750
vt 0.176690 0.106560
vt 0.469090 0.600080
vt 0.466420 0.599840
vt 0.874430 0.663100
vt 0.469140 0.601390
vt 0.175000 0.107050
vt 0.173480 0.103860
vt 0.172680 0.104460
vt 0.466940 0.604380
vt 0.470990 0.606210
vt 0.466030 0.603170
vt 0.462670 0.602800
vt 0.459750 0.601050
vt 0.480220 0.623340
vt 0.479780 0.626840
vt 0.480030 0.630330
vt 0.484630 0.637020
vt 0.482300 0.641600
vt 0.480290 0.645790
vt 0.483750 0.633420
vt 0.483400 0.636440
vt 0.480910 0.639710
vt 0.482150 0.637480
vt 0.480210 0.641670
vt 0.478540 0.645390
vt 0.481740 0.633460
vt 0.479810 0.637840
vt 0.477810 0.642050
vt 0.475690 0.646080
vt 0.478380 0.634470
vt 0.476850 0.638540
vt 0.474790 0.642960
vt 0.478100 0.649850
vt 0.657980 0.938850
vt 0.660430 0.938720
vt 0.663170 0.938840
vt 0.665800 0.939040
vt 0.658510 0.937050
vt 0.662990 0.937150
vt 0.666010 0.937220
vt 0.665380 0.935470
vt 0.666170 0.935530
vt 0.658120 0.935070
vt 0.664390 0.934130
vt 0.172270 0.105190
vt 0.472060 0.646950
vt 0.475860 0.653940
vt 0.470040 0.658350
vt 0.468960 0.663780
vt 0.474670 0.651030
vt 0.472080 0.654970
vt 0.466530 0.659980
vt 0.473240 0.649050
vt 0.471030 0.652030
vt 0.468730 0.655940
vt 0.467110 0.653240
vt 0.468450 0.648990
vt 0.465020 0.655710
vt 0.463100 0.660870
vt 0.668370 0.939350
vt 0.670820 0.939890
vt 0.673230 0.940530
vt 0.675580 0.941270
vt 0.668630 0.937400
vt 0.671130 0.937830
vt 0.673560 0.938410
vt 0.675980 0.938980
vt 0.668810 0.935660
vt 0.671380 0.935910
vt 0.673900 0.936280
vt 0.676370 0.936730
vt 0.668540 0.933860
vt 0.671590 0.934070
vt 0.674160 0.934320
vt 0.676760 0.934610
vt 0.465310 0.664950
vt 0.461840 0.665420
vt 0.466710 0.667530
vt 0.464300 0.671960
vt 0.461890 0.673200
vt 0.459220 0.675350
vt 0.463200 0.668590
vt 0.460720 0.671330
vt 0.457840 0.673690
vt 0.459490 0.669490
vt 0.455950 0.670590
vt 0.678220 0.942240
vt 0.682700 0.943260
vt 0.684970 0.944220
vt 0.678420 0.939510
vt 0.680830 0.940100
vt 0.683210 0.940710
vt 0.687520 0.941760
vt 0.678850 0.937180
vt 0.681310 0.937640
vt 0.681210 0.938170
vt 0.683710 0.938230
vt 0.686500 0.938860
vt 0.679220 0.934960
vt 0.681680 0.935400
vt 0.684690 0.935950
vt 0.456960 0.678060
vt 0.453720 0.679060
vt 0.450670 0.680370
vt 0.455290 0.675540
vt 0.451320 0.676070
vt 0.449450 0.678500
vt 0.446270 0.679230
vt 0.453560 0.673190
vt 0.448120 0.676900
vt 0.445270 0.678260
vt 0.449240 0.673050
vt 0.444130 0.676530
vt 0.687960 0.944840
vt 0.691850 0.946360
vt 0.693860 0.947940
vt 0.690260 0.942690
vt 0.692350 0.943430
vt 0.694650 0.944070
vt 0.690850 0.939770
vt 0.693270 0.940440
vt 0.695670 0.940980
vt 0.688980 0.936870
vt 0.692730 0.937630
vt 0.696280 0.938240
vt 0.445180 0.682700
vt 0.444240 0.681450
vt 0.440260 0.684060
vt 0.442690 0.684860
vt 0.829590 0.194320
vt 0.829060 0.189730
vt 0.443280 0.680360
vt 0.437290 0.682660
vt 0.833420 0.192030
vt 0.833110 0.188970
vt 0.442500 0.679390
vt 0.439070 0.679890
vt 0.436410 0.681080
vt 0.433890 0.682860
vt 0.431600 0.683720
vt 0.434080 0.683160
vt 0.440950 0.677310
vt 0.437900 0.678370
vt 0.434730 0.678290
vt 0.431270 0.679970
vt 0.696280 0.948390
vt 0.698720 0.948830
vt 0.700930 0.949480
vt 0.703320 0.949900
vt 0.699110 0.944830
vt 0.701950 0.945760
vt 0.704100 0.946320
vt 0.698820 0.942160
vt 0.702830 0.942600
vt 0.705270 0.943080
vt 0.701120 0.938450
vt 0.705460 0.939500
vt 0.829220 0.186640
vt 0.826870 0.184050
vt 0.828420 0.183750
vt 0.829170 0.498660
vt 0.829170 0.501750
vt 0.825360 0.183980
vt 0.825620 0.181050
vt 0.827950 0.494980
vt 0.829570 0.497820
vt 0.827300 0.492430
vt 0.832830 0.186550
vt 0.831740 0.183050
vt 0.832350 0.183430
vt 0.831050 0.180090
vt 0.831740 0.179950
vt 0.828450 0.180580
vt 0.830140 0.177170
vt 0.831300 0.176930
vt 0.827920 0.177590
vt 0.835590 0.182300
vt 0.835490 0.179190
vt 0.834890 0.176210
vt 0.840680 0.187390
vt 0.839230 0.184710
vt 0.426700 0.683150
vt 0.425610 0.682200
vt 0.428660 0.681080
vt 0.422330 0.682380
vt 0.423390 0.683270
vt 0.838560 0.178580
vt 0.835770 0.176060
vt 0.379560 0.064170
vt 0.377230 0.061260
vt 0.379250 0.061220
vt 0.376300 0.061280
vt 0.376410 0.064300
vt 0.715040 0.945890
vt 0.713000 0.943390
vt 0.716050 0.942570
vt 0.710670 0.942410
vt 0.708250 0.940590
vt 0.711310 0.939990
vt 0.713740 0.940090
vt 0.716610 0.940050
vt 0.707230 0.950860
vt 0.710550 0.950640
vt 0.712650 0.952990
vt 0.713490 0.950660
vt 0.706780 0.946620
vt 0.708880 0.948410
vt 0.709620 0.945840
vt 0.712030 0.946750
vt 0.707470 0.943710
vt 0.824960 0.489370
vt 0.826540 0.491460
vt 0.823510 0.487180
vt 0.828060 0.176550
vt 0.828360 0.174310
vt 0.824960 0.484960
vt 0.825540 0.485880
vt 0.822770 0.486360
vt 0.821630 0.482580
vt 0.823610 0.482190
vt 0.820950 0.484920
vt 0.822300 0.480680
vt 0.826060 0.484560
vt 0.827810 0.483770
vt 0.825480 0.480730
vt 0.827210 0.483080
vt 0.824320 0.479400
vt 0.377260 0.058260
vt 0.837690 0.175730
vt 0.835300 0.173070
vt 0.837530 0.172630
vt 0.834150 0.173280
vt 0.415640 0.127470
vt 0.413420 0.127740
vt 0.414340 0.124660
vt 0.835950 0.169880
vt 0.836660 0.169740
vt 0.833500 0.170330
vt 0.412270 0.127870
vt 0.833650 0.169590
vt 0.833930 0.167060
vt 0.827150 0.479210
vt 0.829020 0.482120
vt 0.826390 0.478350
vt 0.725130 0.948960
vt 0.721900 0.949700
vt 0.719660 0.949050
vt 0.717480 0.946610
vt 0.721680 0.945930
vt 0.722890 0.947370
vt 0.726020 0.945650
vt 0.718480 0.943180
vt 0.722240 0.942470
vt 0.728470 0.942770
vt 0.719330 0.939900
vt 0.722040 0.939880
vt 0.725240 0.939800
vt 0.716540 0.949650
vt 0.715770 0.951900
vt 0.718870 0.951180
vt 0.737160 0.945290
vt 0.733730 0.942340
vt 0.737580 0.942510
vt 0.732320 0.939840
vt 0.735360 0.939910
vt 0.738140 0.939790
vt 0.727440 0.950540
vt 0.728500 0.948290
vt 0.732940 0.950100
vt 0.735360 0.948550
vt 0.737040 0.950680
vt 0.731400 0.945310
vt 0.734220 0.945470
vt 0.729530 0.942550
vt 0.729740 0.939520
vt 0.512650 0.064650
vt 0.513570 0.063660
vt 0.514230 0.067240
vt 0.511390 0.060690
vt 0.511980 0.059940
vt 0.512190 0.055390
vt 0.510700 0.058870
vt 0.798530 0.456970
vt 0.800430 0.457770
vt 0.800420 0.458570
vt 0.508600 0.053890
vt 0.512720 0.054980
vt 0.800450 0.456120
vt 0.512170 0.054410
vt 0.511590 0.052670
vt 0.511040 0.053250
vt 0.741670 0.948340
vt 0.744290 0.948420
vt 0.746260 0.950620
vt 0.746640 0.948210
vt 0.739690 0.945300
vt 0.742590 0.945000
vt 0.745270 0.944960
vt 0.748070 0.944750
vt 0.740340 0.942360
vt 0.745550 0.942060
vt 0.750950 0.941900
vt 0.740860 0.939660
vt 0.743440 0.939520
vt 0.746340 0.939460
vt 0.749260 0.939330
vt 0.740750 0.950980
vt 0.794030 0.447710
vt 0.796190 0.450130
vt 0.790550 0.311240
vt 0.796670 0.450560
vt 0.790480 0.447420
vt 0.793500 0.447000
vt 0.790980 0.444040
vt 0.508390 0.047140
vt 0.508230 0.046560
vt 0.510610 0.048690
vt 0.863030 0.444100
vt 0.860380 0.443120
vt 0.861860 0.443470
vt 0.794470 0.446670
vt 0.797060 0.446010
vt 0.798490 0.448230
vt 0.797720 0.449480
vt 0.795120 0.443060
vt 0.795370 0.443590
vt 0.798770 0.453230
vt 0.799620 0.454510
vt 0.509580 0.050230
vt 0.510200 0.051630
vt 0.863090 0.443870
vt 0.798800 0.448910
vt 0.863250 0.444020
vt 0.873560 0.302610
vt 0.873660 0.303350
vt 0.873410 0.303330
vt 0.756880 0.941720
vt 0.759400 0.941950
vt 0.759180 0.943250
vt 0.754700 0.939150
vt 0.757190 0.939270
vt 0.759790 0.939390
vt 0.749970 0.947960
vt 0.749470 0.949240
vt 0.752820 0.947890
vt 0.754100 0.951090
vt 0.757880 0.948080
vt 0.757320 0.949760
vt 0.756410 0.952090
vt 0.750370 0.946720
vt 0.750940 0.944530
vt 0.753630 0.944530
vt 0.755920 0.945870
vt 0.758710 0.944620
vt 0.754190 0.941710
vt 0.785930 0.437580
vt 0.783520 0.434740
vt 0.781870 0.431820
vt 0.782490 0.432980
vt 0.787230 0.433760
vt 0.783590 0.431230
vt 0.786940 0.433350
vt 0.787980 0.429650
vt 0.788060 0.441050
vt 0.792350 0.439330
vt 0.792850 0.440040
vt 0.789460 0.435650
vt 0.794300 0.438820
vt 0.792750 0.435730
vt 0.791640 0.434710
vt 0.840640 0.119800
vt 0.843590 0.119610
vt 0.840360 0.122610
vt 0.840090 0.122500
vt 0.843260 0.118820
vt 0.840010 0.122880
vt 0.761340 0.944890
vt 0.761930 0.942190
vt 0.763630 0.945250
vt 0.764300 0.942650
vt 0.766120 0.945140
vt 0.766510 0.943340
vt 0.768730 0.944430
vt 0.762330 0.939600
vt 0.764720 0.939980
vt 0.766910 0.940740
vt 0.769100 0.941450
vt 0.759640 0.950380
vt 0.760190 0.948500
vt 0.763800 0.951080
vt 0.762380 0.948880
vt 0.761050 0.953050
vt 0.766500 0.950970
vt 0.765680 0.953520
vt 0.765850 0.946540
vt 0.767890 0.947390
vt 0.773180 0.423090
vt 0.770290 0.420090
vt 0.773370 0.419810
vt 0.778960 0.427300
vt 0.780110 0.428910
vt 0.776250 0.425050
vt 0.777810 0.425890
vt 0.752280 0.968570
vt 0.751740 0.968540
vt 0.775420 0.422840
vt 0.784010 0.428000
vt 0.779210 0.425820
vt 0.782010 0.425030
vt 0.783410 0.427130
vt 0.776470 0.422720
vt 0.780290 0.422510
vt 0.776920 0.419310
vt 0.777470 0.418380
vt 0.785860 0.426670
vt 0.785610 0.426220
vt 0.779600 0.417840
vt 0.781280 0.420640
vt 0.779150 0.417990
vt 0.770620 0.944990
vt 0.770940 0.942640
vt 0.768510 0.952190
vt 0.767990 0.953560
vt 0.769770 0.948340
vt 0.768900 0.951170
vt 0.767330 0.417140
vt 0.506560 0.779920
vt 0.506850 0.780740
vt 0.504460 0.779450
vt 0.771340 0.416900
vt 0.507310 0.780510
vt 0.774110 0.416260
vt 0.775370 0.416010
vt 0.768870 0.592230
vt 0.771090 0.593910
vt 0.770710 0.595680
vt 0.779500 0.417730
vt 0.779550 0.415140
vt 0.778030 0.415510
vt 0.315770 0.081450
vt 0.316140 0.082750
vt 0.313650 0.083560
vt 0.318180 0.083440
vt 0.467380 0.606830
vt 0.458150 0.602540
vt 0.458460 0.603610
vt 0.464150 0.607470
vt 0.459340 0.605930
vt 0.460200 0.608130
vt 0.471490 0.609090
vt 0.471940 0.612010
vt 0.475500 0.617600
vt 0.468390 0.609910
vt 0.468100 0.615960
vt 0.471220 0.618520
vt 0.464200 0.611140
vt 0.464140 0.613650
vt 0.467400 0.619530
vt 0.460450 0.611440
vt 0.476670 0.620750
vt 0.477140 0.623860
vt 0.476650 0.631110
vt 0.473010 0.621380
vt 0.473790 0.624720
vt 0.474530 0.628030
vt 0.473580 0.631840
vt 0.467920 0.622440
vt 0.470470 0.625440
vt 0.471010 0.628550
vt 0.470300 0.632520
vt 0.466110 0.626380
vt 0.467500 0.629540
vt 0.468950 0.632780
vt 0.475080 0.635230
vt 0.472530 0.639300
vt 0.472630 0.635650
vt 0.469370 0.636180
vt 0.661930 0.932290
vt 0.667430 0.930430
vt 0.666560 0.928310
vt 0.455180 0.601920
vt 0.453700 0.600440
vt 0.174370 0.107910
vt 0.171420 0.106450
vt 0.454200 0.602690
vt 0.454410 0.604400
vt 0.452790 0.602300
vt 0.450250 0.601860
vt 0.172790 0.107880
vt 0.450020 0.602800
vt 0.812900 0.078890
vt 0.814920 0.073950
vt 0.815030 0.076380
vt 0.454750 0.606870
vt 0.456510 0.609260
vt 0.449420 0.605100
vt 0.173760 0.109660
vt 0.173160 0.110380
vt 0.446780 0.603130
vt 0.170540 0.108670
vt 0.467300 0.633140
vt 0.470620 0.644350
vt 0.468280 0.640370
vt 0.467150 0.645650
vt 0.465750 0.648780
vt 0.465260 0.644310
vt 0.464580 0.649040
vt 0.466330 0.636500
vt 0.463320 0.641970
vt 0.461950 0.645770
vt 0.460090 0.649820
vt 0.462720 0.653000
vt 0.669110 0.931640
vt 0.671940 0.930740
vt 0.671760 0.932340
vt 0.674390 0.932440
vt 0.676980 0.932610
vt 0.674560 0.930690
vt 0.677210 0.930730
vt 0.669550 0.928850
vt 0.673870 0.929370
vt 0.677320 0.928300
vt 0.672110 0.927550
vt 0.675300 0.927320
vt 0.459450 0.662110
vt 0.457330 0.666250
vt 0.460780 0.657660
vt 0.454990 0.662990
vt 0.453680 0.667360
vt 0.457380 0.658520
vt 0.459760 0.653940
vt 0.451660 0.663890
vt 0.454310 0.655280
vt 0.453400 0.659630
vt 0.678600 0.932730
vt 0.682020 0.933240
vt 0.686410 0.933800
vt 0.678820 0.930820
vt 0.679790 0.930890
vt 0.682460 0.930580
vt 0.686000 0.931880
vt 0.680020 0.929000
vt 0.685230 0.929480
vt 0.687560 0.929870
vt 0.680190 0.927240
vt 0.683040 0.926340
vt 0.687860 0.927350
vt 0.449550 0.667270
vt 0.446920 0.669420
vt 0.448220 0.665020
vt 0.443510 0.670540
vt 0.441580 0.668050
vt 0.440600 0.671850
vt 0.437600 0.672530
vt 0.452510 0.671660
vt 0.446060 0.673940
vt 0.443020 0.675220
vt 0.450770 0.669090
vt 0.445350 0.672560
vt 0.443810 0.671070
vt 0.695300 0.935220
vt 0.692250 0.932410
vt 0.694850 0.932710
vt 0.698240 0.933040
vt 0.691450 0.930040
vt 0.695260 0.930370
vt 0.699280 0.930560
vt 0.690480 0.927960
vt 0.694830 0.927840
vt 0.698250 0.928190
vt 0.689400 0.934510
vt 0.691890 0.934840
vt 0.689780 0.932220
vt 0.434410 0.674240
vt 0.433310 0.672640
vt 0.431270 0.675060
vt 0.430130 0.673470
vt 0.428050 0.676070
vt 0.425820 0.675080
vt 0.439260 0.676200
vt 0.430580 0.678810
vt 0.435660 0.675630
vt 0.432490 0.676400
vt 0.429460 0.677520
vt 0.699210 0.935970
vt 0.702850 0.936460
vt 0.708960 0.936800
vt 0.703520 0.933550
vt 0.707490 0.933940
vt 0.704450 0.931040
vt 0.709140 0.931660
vt 0.700780 0.928390
vt 0.704250 0.928730
vt 0.709500 0.929140
vt 0.422480 0.678700
vt 0.420010 0.680370
vt 0.419000 0.678780
vt 0.416920 0.680990
vt 0.416200 0.680400
vt 0.425110 0.677560
vt 0.420910 0.676590
vt 0.417910 0.677750
vt 0.414920 0.678890
vt 0.428270 0.680710
vt 0.424480 0.680740
vt 0.838710 0.181670
vt 0.840310 0.184490
vt 0.421380 0.681510
vt 0.907480 0.090570
vt 0.910880 0.093420
vt 0.907850 0.093510
vt 0.840950 0.175120
vt 0.841530 0.178090
vt 0.426350 0.678380
vt 0.423390 0.679620
vt 0.845000 0.177280
vt 0.844160 0.174000
vt 0.873060 0.408760
vt 0.874010 0.409130
vt 0.873810 0.412040
vt 0.711650 0.937750
vt 0.716590 0.937350
vt 0.711850 0.934000
vt 0.715330 0.931510
vt 0.718200 0.932250
vt 0.713980 0.928870
vt 0.716320 0.929030
vt 0.721580 0.928970
vt 0.843930 0.171430
vt 0.842970 0.171610
vt 0.841720 0.168740
vt 0.843480 0.168410
vt 0.847280 0.173940
vt 0.845120 0.174330
vt 0.379440 0.077640
vt 0.379840 0.080650
vt 0.376450 0.078100
vt 0.376020 0.075110
vt 0.846640 0.167820
vt 0.846870 0.170900
vt 0.413090 0.681120
vt 0.411780 0.679550
vt 0.850280 0.167080
vt 0.850250 0.169170
vt 0.850210 0.170260
vt 0.847200 0.164580
vt 0.850470 0.163890
vt 0.846300 0.164760
vt 0.840650 0.172050
vt 0.415040 0.124570
vt 0.418790 0.127140
vt 0.828420 0.477700
vt 0.942100 0.569010
vt 0.940660 0.570820
vt 0.939790 0.569870
vt 0.725270 0.930850
vt 0.727720 0.934630
vt 0.719940 0.937140
vt 0.722600 0.937070
vt 0.725290 0.937110
vt 0.720740 0.933600
vt 0.725780 0.934500
vt 0.730390 0.937540
vt 0.733170 0.936310
vt 0.737680 0.937570
vt 0.730890 0.934850
vt 0.735770 0.935170
vt 0.738430 0.934480
vt 0.734000 0.932550
vt 0.736400 0.932190
vt 0.731750 0.928840
vt 0.734070 0.930360
vt 0.738960 0.930740
vt 0.741160 0.937130
vt 0.742630 0.937150
vt 0.746580 0.937180
vt 0.748500 0.937090
vt 0.742430 0.935130
vt 0.747140 0.935050
vt 0.741280 0.932510
vt 0.744400 0.931990
vt 0.746780 0.932530
vt 0.749260 0.933090
vt 0.742870 0.931160
vt 0.749480 0.931360
vt 0.754480 0.936930
vt 0.762310 0.937300
vt 0.759330 0.934840
vt 0.754280 0.934960
vt 0.754810 0.932960
vt 0.759570 0.932910
vt 0.756220 0.931320
vt 0.760020 0.931220
vt 0.751820 0.931920
vt 0.764890 0.937790
vt 0.767100 0.938460
vt 0.769180 0.939310
vt 0.762550 0.935280
vt 0.764960 0.935700
vt 0.767180 0.936350
vt 0.767570 0.936520
vt 0.769210 0.937260
vt 0.762550 0.933360
vt 0.764880 0.933840
vt 0.767130 0.934430
vt 0.769240 0.935240
vt 0.762520 0.931160
vt 0.764760 0.932070
vt 0.767000 0.932660
vt 0.769130 0.933420
vt 0.771120 0.940360
vt 0.771170 0.938280
vt 0.771100 0.936380
vt 0.771060 0.934450
vt 0.458730 0.617820
vt 0.461890 0.620770
vt 0.462570 0.623920
vt 0.451360 0.607380
vt 0.441810 0.604110
vt 0.442170 0.603010
vt 0.442120 0.601900
vt 0.451680 0.610140
vt 0.447170 0.608050
vt 0.445210 0.605880
vt 0.448360 0.610620
vt 0.442430 0.606310
vt 0.442750 0.608900
vt 0.455910 0.612220
vt 0.459390 0.614660
vt 0.456960 0.615130
vt 0.450770 0.613450
vt 0.453220 0.615900
vt 0.454730 0.618770
vt 0.455750 0.621840
vt 0.449530 0.616780
vt 0.450890 0.619600
vt 0.452040 0.622680
vt 0.447370 0.613980
vt 0.463960 0.630320
vt 0.464000 0.633820
vt 0.462240 0.627170
vt 0.458260 0.628070
vt 0.460140 0.631260
vt 0.459870 0.634930
vt 0.456100 0.625110
vt 0.456100 0.632080
vt 0.456810 0.635530
vt 0.452300 0.629370
vt 0.452800 0.625920
vt 0.452340 0.633200
vt 0.462350 0.638030
vt 0.458570 0.646440
vt 0.459070 0.638830
vt 0.456980 0.643140
vt 0.455060 0.639830
vt 0.170180 0.109670
vt 0.167930 0.105940
vt 0.672250 0.926020
vt 0.167310 0.107690
vt 0.677590 0.925190
vt 0.167120 0.109210
vt 0.169880 0.110940
vt 0.674380 0.923790
vt 0.677860 0.922470
vt 0.168900 0.113300
vt 0.166540 0.110690
vt 0.165330 0.108600
vt 0.439640 0.602120
vt 0.438360 0.604460
vt 0.172150 0.113020
vt 0.438870 0.606960
vt 0.171710 0.114800
vt 0.433310 0.605370
vt 0.452140 0.636840
vt 0.456130 0.651110
vt 0.454710 0.647480
vt 0.452640 0.651890
vt 0.451380 0.640830
vt 0.453090 0.644150
vt 0.450290 0.648760
vt 0.449510 0.652810
vt 0.447860 0.641740
vt 0.449550 0.645090
vt 0.448420 0.645410
vt 0.446570 0.650330
vt 0.446110 0.653880
vt 0.451760 0.656490
vt 0.449480 0.660730
vt 0.447850 0.657240
vt 0.680460 0.923880
vt 0.685460 0.925840
vt 0.683150 0.923930
vt 0.685660 0.923990
vt 0.691240 0.925060
vt 0.680530 0.922230
vt 0.685920 0.922090
vt 0.687560 0.920990
vt 0.683320 0.920610
vt 0.442070 0.654950
vt 0.446260 0.661620
vt 0.444360 0.665520
vt 0.438120 0.668380
vt 0.444650 0.659910
vt 0.439170 0.663560
vt 0.436840 0.666490
vt 0.440780 0.659470
vt 0.435900 0.665040
vt 0.435390 0.664220
vt 0.436990 0.656170
vt 0.436780 0.660640
vt 0.433530 0.661720
vt 0.693250 0.925520
vt 0.698130 0.926030
vt 0.698180 0.923930
vt 0.691350 0.922540
vt 0.698380 0.921830
vt 0.694120 0.919690
vt 0.699090 0.920050
vt 0.691330 0.917600
vt 0.434980 0.669660
vt 0.432130 0.670780
vt 0.429140 0.671720
vt 0.426000 0.673500
vt 0.433840 0.667960
vt 0.425890 0.672820
vt 0.432530 0.666190
vt 0.429630 0.667400
vt 0.426140 0.668540
vt 0.423420 0.669960
vt 0.430910 0.662870
vt 0.426630 0.666320
vt 0.420460 0.670740
vt 0.702340 0.926040
vt 0.705570 0.926320
vt 0.708900 0.926430
vt 0.703270 0.923890
vt 0.708610 0.924120
vt 0.708170 0.922110
vt 0.704610 0.920080
vt 0.709600 0.918560
vt 0.422810 0.674240
vt 0.419650 0.675190
vt 0.416800 0.676580
vt 0.413710 0.677920
vt 0.421550 0.672710
vt 0.418480 0.673790
vt 0.415560 0.675230
vt 0.412530 0.676340
vt 0.417410 0.672790
vt 0.414070 0.673430
vt 0.411390 0.675250
vt 0.416760 0.671800
vt 0.413050 0.672360
vt 0.410160 0.673930
vt 0.713990 0.926620
vt 0.719680 0.926680
vt 0.712320 0.924230
vt 0.719220 0.924530
vt 0.711870 0.922160
vt 0.714650 0.922290
vt 0.718830 0.922420
vt 0.712300 0.918690
vt 0.717400 0.920410
vt 0.719620 0.920530
vt 0.410750 0.678770
vt 0.408240 0.679090
vt 0.410550 0.679340
vt 0.107610 0.155870
vt 0.108790 0.159010
vt 0.104850 0.157190
vt 0.103700 0.153870
vt 0.106410 0.152850
vt 0.409570 0.677590
vt 0.111580 0.157480
vt 0.110340 0.154820
vt 0.109120 0.151940
vt 0.106340 0.152600
vt 0.108460 0.150340
vt 0.408270 0.676080
vt 0.151710 0.052470
vt 0.155380 0.054830
vt 0.152140 0.055470
vt 0.154750 0.051950
vt 0.113110 0.153450
vt 0.111930 0.150610
vt 0.110680 0.147660
vt 0.107900 0.149000
vt 0.406970 0.675190
vt 0.158080 0.054080
vt 0.156570 0.051590
vt 0.158050 0.051270
vt 0.154480 0.048880
vt 0.157700 0.048230
vt 0.154210 0.045770
vt 0.157360 0.045180
vt 0.724150 0.926890
vt 0.729620 0.927480
vt 0.724250 0.924600
vt 0.727190 0.925080
vt 0.727450 0.923100
vt 0.729660 0.925350
vt 0.722540 0.921900
vt 0.724920 0.922710
vt 0.730260 0.922120
vt 0.725120 0.920680
vt 0.727470 0.920960
vt 0.109440 0.144880
vt 0.157350 0.043590
vt 0.156230 0.042220
vt 0.153860 0.042730
vt 0.108960 0.143220
vt 0.111430 0.143570
vt 0.733420 0.925470
vt 0.736360 0.923930
vt 0.739170 0.928450
vt 0.738880 0.923770
vt 0.741910 0.928770
vt 0.744100 0.929420
vt 0.746600 0.929640
vt 0.749260 0.928910
vt 0.744170 0.927500
vt 0.746570 0.927840
vt 0.742980 0.925470
vt 0.746550 0.926060
vt 0.749030 0.926260
vt 0.740160 0.921590
vt 0.744230 0.922850
vt 0.746930 0.923100
vt 0.750970 0.924460
vt 0.759590 0.929350
vt 0.757290 0.929660
vt 0.751850 0.929640
vt 0.751620 0.928170
vt 0.754230 0.928190
vt 0.756470 0.926750
vt 0.751490 0.926510
vt 0.754010 0.926660
vt 0.758950 0.925120
vt 0.753900 0.924980
vt 0.756450 0.925060
vt 0.764480 0.929800
vt 0.766820 0.930970
vt 0.768890 0.931800
vt 0.761920 0.927590
vt 0.766300 0.928520
vt 0.768630 0.930210
vt 0.764010 0.927390
vt 0.768320 0.928750
vt 0.763760 0.925850
vt 0.765770 0.925220
vt 0.769890 0.929230
vt 0.771550 0.932920
vt 0.770570 0.931230
vt 0.770030 0.928560
vt 0.768590 0.927330
vt 0.351590 0.141510
vt 0.352280 0.141890
vt 0.350370 0.143290
vt 0.441660 0.612180
vt 0.441210 0.615590
vt 0.444990 0.617620
vt 0.447210 0.620400
vt 0.448220 0.623560
vt 0.449180 0.626740
vt 0.439350 0.609520
vt 0.433070 0.607970
vt 0.436100 0.610130
vt 0.437540 0.613140
vt 0.171110 0.115410
vt 0.429740 0.605780
vt 0.168480 0.114130
vt 0.430800 0.611160
vt 0.429830 0.608510
vt 0.425720 0.603970
vt 0.426170 0.606220
vt 0.431610 0.614100
vt 0.426420 0.609060
vt 0.443330 0.621260
vt 0.444300 0.624460
vt 0.436930 0.616050
vt 0.436480 0.619910
vt 0.439520 0.622110
vt 0.440580 0.625340
vt 0.433110 0.616860
vt 0.435940 0.622950
vt 0.436730 0.626290
vt 0.448520 0.634200
vt 0.448510 0.637760
vt 0.445470 0.627560
vt 0.446520 0.631010
vt 0.444230 0.635340
vt 0.442900 0.639470
vt 0.441500 0.628430
vt 0.440550 0.632850
vt 0.440300 0.636190
vt 0.438730 0.640420
vt 0.437380 0.629310
vt 0.435570 0.633100
vt 0.434610 0.636790
vt 0.445630 0.642360
vt 0.443000 0.647450
vt 0.440930 0.643880
vt 0.165830 0.112560
vt 0.164130 0.111240
vt 0.683450 0.919050
vt 0.683450 0.917580
vt 0.687750 0.919100
vt 0.686870 0.915670
vt 0.167790 0.115640
vt 0.680990 0.917860
vt 0.165210 0.114290
vt 0.163920 0.113430
vt 0.686210 0.914470
vt 0.688090 0.914400
vt 0.420400 0.604600
vt 0.434440 0.641540
vt 0.440290 0.651590
vt 0.438710 0.648110
vt 0.433670 0.653530
vt 0.431560 0.658260
vt 0.428820 0.659120
vt 0.436760 0.644770
vt 0.434810 0.649280
vt 0.431540 0.651200
vt 0.428890 0.654910
vt 0.432890 0.645860
vt 0.428000 0.651350
vt 0.431570 0.646240
vt 0.432480 0.659740
vt 0.699880 0.918530
vt 0.695470 0.916720
vt 0.701300 0.916540
vt 0.696220 0.914900
vt 0.698100 0.914650
vt 0.690600 0.915890
vt 0.694280 0.915200
vt 0.694110 0.912280
vt 0.423920 0.655850
vt 0.424610 0.660610
vt 0.421800 0.662310
vt 0.419320 0.658840
vt 0.417980 0.662850
vt 0.413120 0.660630
vt 0.424440 0.664900
vt 0.419910 0.665970
vt 0.706020 0.917960
vt 0.710080 0.915460
vt 0.705650 0.914520
vt 0.702370 0.913080
vt 0.708600 0.913100
vt 0.415230 0.663660
vt 0.417480 0.667290
vt 0.414810 0.669630
vt 0.411900 0.671230
vt 0.408880 0.672490
vt 0.413960 0.668590
vt 0.413500 0.668050
vt 0.410600 0.669720
vt 0.407700 0.671340
vt 0.410830 0.665190
vt 0.409370 0.668420
vt 0.406380 0.670590
vt 0.408010 0.666790
vt 0.405100 0.668470
vt 0.713870 0.916530
vt 0.718880 0.918990
vt 0.717680 0.916640
vt 0.719740 0.915270
vt 0.713160 0.914880
vt 0.713380 0.912300
vt 0.716730 0.912790
vt 0.720510 0.910670
vt 0.405890 0.673780
vt 0.161630 0.053680
vt 0.161630 0.050410
vt 0.446180 0.141600
vt 0.450540 0.142790
vt 0.447230 0.144480
vt 0.449040 0.140520
vt 0.445140 0.138700
vt 0.447990 0.137810
vt 0.404820 0.672990
vt 0.402400 0.674910
vt 0.451880 0.139370
vt 0.450840 0.136710
vt 0.403870 0.671970
vt 0.403490 0.671490
vt 0.400570 0.673150
vt 0.166760 0.046720
vt 0.167290 0.049670
vt 0.166220 0.046860
vt 0.163600 0.047310
vt 0.165950 0.043960
vt 0.453700 0.135700
vt 0.398240 0.670510
vt 0.399360 0.671910
vt 0.170350 0.049130
vt 0.169850 0.046170
vt 0.168860 0.043410
vt 0.724130 0.918480
vt 0.727670 0.919020
vt 0.728470 0.916300
vt 0.724150 0.914540
vt 0.730280 0.917390
vt 0.731130 0.915280
vt 0.725620 0.913340
vt 0.728560 0.913320
vt 0.730350 0.913610
vt 0.860540 0.282760
vt 0.861120 0.282440
vt 0.861130 0.283190
vt 0.444620 0.137080
vt 0.447390 0.135890
vt 0.448920 0.134060
vt 0.449800 0.133910
vt 0.449610 0.133290
vt 0.452660 0.132890
vt 0.452480 0.132340
vt 0.166840 0.040720
vt 0.171210 0.039940
vt 0.165510 0.040950
vt 0.454450 0.128370
vt 0.457820 0.130520
vt 0.453890 0.132350
vt 0.452140 0.130520
vt 0.453950 0.128290
vt 0.454200 0.127490
vt 0.732620 0.917840
vt 0.734940 0.919200
vt 0.737290 0.918740
vt 0.740820 0.919370
vt 0.732850 0.914030
vt 0.735200 0.914450
vt 0.739840 0.915340
vt 0.744310 0.920030
vt 0.744780 0.918720
vt 0.749070 0.920720
vt 0.748380 0.918930
vt 0.740660 0.914400
vt 0.745650 0.916410
vt 0.750080 0.916240
vt 0.754130 0.923150
vt 0.758770 0.923650
vt 0.751440 0.921080
vt 0.755250 0.921850
vt 0.758620 0.922020
vt 0.751430 0.919290
vt 0.757550 0.920220
vt 0.751420 0.917460
vt 0.753830 0.917770
vt 0.756290 0.917950
vt 0.758390 0.918700
vt 0.761110 0.923520
vt 0.763250 0.923370
vt 0.767620 0.925960
vt 0.760970 0.922390
vt 0.765350 0.923590
vt 0.767360 0.924440
vt 0.760760 0.920850
vt 0.762960 0.921430
vt 0.766930 0.923100
vt 0.760540 0.919340
vt 0.762240 0.919610
vt 0.764630 0.920940
vt 0.766590 0.921860
vt 0.347660 0.143180
vt 0.769620 0.926830
vt 0.769890 0.928350
vt 0.769350 0.925330
vt 0.739510 0.377540
vt 0.740330 0.378200
vt 0.736080 0.378990
vt 0.737630 0.375860
vt 0.733430 0.376840
vt 0.735540 0.374080
vt 0.768770 0.924290
vt 0.427070 0.611930
vt 0.427780 0.614900
vt 0.429260 0.617670
vt 0.431490 0.623550
vt 0.432590 0.627220
vt 0.164900 0.115190
vt 0.167490 0.116630
vt 0.689850 0.912540
vt 0.162290 0.113440
vt 0.166280 0.116960
vt 0.167170 0.117380
vt 0.163860 0.115580
vt 0.280390 0.039960
vt 0.285030 0.033780
vt 0.283700 0.037160
vt 0.166730 0.118490
vt 0.421090 0.607150
vt 0.421780 0.609800
vt 0.424120 0.612480
vt 0.170140 0.117710
vt 0.423850 0.615640
vt 0.169330 0.118710
vt 0.415890 0.607710
vt 0.417590 0.610940
vt 0.418220 0.616550
vt 0.412680 0.606980
vt 0.414050 0.605630
vt 0.410210 0.606090
vt 0.412120 0.608550
vt 0.413880 0.611250
vt 0.425690 0.618530
vt 0.427020 0.621650
vt 0.427490 0.624840
vt 0.428810 0.628570
vt 0.421590 0.619240
vt 0.421610 0.622500
vt 0.421680 0.625750
vt 0.424830 0.629580
vt 0.420460 0.630000
vt 0.432600 0.630820
vt 0.431740 0.634720
vt 0.430060 0.639540
vt 0.430170 0.642840
vt 0.427840 0.635700
vt 0.426080 0.639940
vt 0.428460 0.643470
vt 0.424840 0.632610
vt 0.423740 0.636650
vt 0.421850 0.641490
vt 0.424120 0.644420
vt 0.421970 0.633250
vt 0.420950 0.633510
vt 0.419740 0.637670
vt 0.425040 0.648780
vt 0.699990 0.910180
vt 0.699780 0.911610
vt 0.161330 0.114700
vt 0.695550 0.910530
vt 0.693210 0.909790
vt 0.161470 0.116090
vt 0.164310 0.116900
vt 0.698160 0.907300
vt 0.163980 0.117730
vt 0.694450 0.908090
vt 0.419640 0.645590
vt 0.417690 0.642120
vt 0.415820 0.646630
vt 0.423930 0.652560
vt 0.421010 0.653440
vt 0.417750 0.656380
vt 0.421410 0.649100
vt 0.415900 0.654640
vt 0.413500 0.656600
vt 0.417760 0.649880
vt 0.414360 0.651250
vt 0.412180 0.648000
vt 0.414820 0.646900
vt 0.410480 0.652260
vt 0.703930 0.910900
vt 0.708110 0.910460
vt 0.710490 0.910040
vt 0.705300 0.908600
vt 0.702240 0.907210
vt 0.710690 0.907360
vt 0.705740 0.906180
vt 0.708210 0.904970
vt 0.710330 0.905140
vt 0.408050 0.661630
vt 0.406660 0.665170
vt 0.407450 0.666190
vt 0.403880 0.667310
vt 0.405010 0.663790
vt 0.409320 0.656980
vt 0.406940 0.657490
vt 0.403930 0.661980
vt 0.401590 0.664120
vt 0.402580 0.660450
vt 0.397440 0.664850
vt 0.715630 0.910850
vt 0.713680 0.909000
vt 0.715370 0.907440
vt 0.713330 0.907220
vt 0.720920 0.907190
vt 0.715720 0.905330
vt 0.716370 0.903860
vt 0.721050 0.905260
vt 0.886810 0.767380
vt 0.889420 0.768050
vt 0.887170 0.770350
vt 0.886460 0.765850
vt 0.888520 0.764000
vt 0.399740 0.667790
vt 0.397100 0.669440
vt 0.885650 0.763070
vt 0.303300 0.581720
vt 0.303260 0.581870
vt 0.303140 0.581830
vt 0.395550 0.668240
vt 0.393340 0.670650
vt 0.392610 0.669830
vt 0.389970 0.671940
vt 0.957620 0.994350
vt 0.957790 0.994370
vt 0.957670 0.994520
vt 0.391760 0.668860
vt 0.955870 0.991900
vt 0.957790 0.989690
vt 0.389200 0.671650
vt 0.467880 0.129480
vt 0.466030 0.132950
vt 0.466870 0.129890
vt 0.388790 0.671410
vt 0.396270 0.672970
vt 0.395170 0.672240
vt 0.172860 0.045680
vt 0.175250 0.042430
vt 0.393980 0.671270
vt 0.391240 0.672760
vt 0.730730 0.911530
vt 0.723780 0.907610
vt 0.728870 0.908480
vt 0.730840 0.909170
vt 0.726070 0.907380
vt 0.729020 0.904070
vt 0.731080 0.905960
vt 0.860640 0.279800
vt 0.885410 0.762040
vt 0.887770 0.759870
vt 0.889580 0.761950
vt 0.883870 0.759320
vt 0.870250 0.138640
vt 0.868430 0.135200
vt 0.871270 0.135620
vt 0.886340 0.757470
vt 0.888670 0.758860
vt 0.871800 0.133340
vt 0.464360 0.127970
vt 0.466850 0.126580
vt 0.465390 0.126370
vt 0.465310 0.123380
vt 0.465810 0.123560
vt 0.465610 0.122780
vt 0.457300 0.127270
vt 0.457160 0.126780
vt 0.174790 0.039320
vt 0.460760 0.127760
vt 0.461190 0.129110
vt 0.457980 0.126890
vt 0.178410 0.041840
vt 0.178060 0.038740
vt 0.464190 0.127780
vt 0.465110 0.130670
vt 0.735480 0.910560
vt 0.733240 0.909160
vt 0.739620 0.909900
vt 0.735650 0.908590
vt 0.733620 0.904220
vt 0.735930 0.904760
vt 0.740380 0.907570
vt 0.742270 0.913860
vt 0.743520 0.911960
vt 0.746680 0.913200
vt 0.749220 0.912740
vt 0.742570 0.910010
vt 0.742530 0.908260
vt 0.745410 0.909310
vt 0.748280 0.909310
vt 0.751530 0.914590
vt 0.753810 0.916080
vt 0.758320 0.916990
vt 0.754420 0.913670
vt 0.756050 0.915680
vt 0.755970 0.914830
vt 0.758060 0.915580
vt 0.750960 0.911220
vt 0.754300 0.911980
vt 0.757890 0.914030
vt 0.713230 0.381640
vt 0.719470 0.382090
vt 0.715290 0.384750
vt 0.716820 0.380200
vt 0.760800 0.917010
vt 0.762380 0.918630
vt 0.764320 0.919570
vt 0.731440 0.375160
vt 0.730300 0.375530
vt 0.729250 0.377670
vt 0.762130 0.917180
vt 0.725090 0.378610
vt 0.727440 0.376250
vt 0.720860 0.378640
vt 0.724890 0.381110
vt 0.723240 0.377210
vt 0.722440 0.376520
vt 0.726530 0.374580
vt 0.723970 0.373010
vt 0.718310 0.377450
vt 0.719810 0.374480
vt 0.720610 0.372820
vt 0.942460 0.667210
vt 0.942490 0.667260
vt 0.940910 0.669670
vt 0.945040 0.665150
vt 0.946640 0.666130
vt 0.945130 0.668710
vt 0.734700 0.372290
vt 0.731690 0.373830
vt 0.733250 0.370110
vt 0.414860 0.617140
vt 0.408200 0.609150
vt 0.408690 0.611960
vt 0.412820 0.614360
vt 0.409870 0.614720
vt 0.409010 0.617880
vt 0.416210 0.620190
vt 0.417040 0.623480
vt 0.418240 0.626700
vt 0.417240 0.631010
vt 0.411470 0.621040
vt 0.413680 0.624110
vt 0.414620 0.627420
vt 0.418000 0.634230
vt 0.166200 0.119830
vt 0.163720 0.118640
vt 0.162610 0.118050
vt 0.695920 0.906330
vt 0.697150 0.906040
vt 0.694270 0.906760
vt 0.699040 0.905780
vt 0.398880 0.605070
vt 0.399320 0.604210
vt 0.401180 0.604970
vt 0.404840 0.606920
vt 0.400090 0.607110
vt 0.696970 0.904390
vt 0.161200 0.117280
vt 0.163490 0.119740
vt 0.161200 0.118910
vt 0.163270 0.121260
vt 0.395990 0.605240
vt 0.700080 0.902430
vt 0.398050 0.607480
vt 0.160390 0.122140
vt 0.159610 0.120510
vt 0.700070 0.901060
vt 0.404930 0.609400
vt 0.404870 0.612390
vt 0.406290 0.615400
vt 0.400880 0.609910
vt 0.404240 0.618370
vt 0.402450 0.612590
vt 0.414270 0.631180
vt 0.409260 0.624760
vt 0.411120 0.628110
vt 0.411560 0.631470
vt 0.407220 0.621570
vt 0.408260 0.628490
vt 0.408250 0.632180
vt 0.416930 0.634460
vt 0.415590 0.638290
vt 0.415700 0.638660
vt 0.413590 0.643140
vt 0.411330 0.646740
vt 0.410450 0.648020
vt 0.413700 0.635070
vt 0.411650 0.639580
vt 0.409670 0.644040
vt 0.407820 0.648500
vt 0.410470 0.635690
vt 0.407730 0.635750
vt 0.408400 0.640780
vt 0.405890 0.644820
vt 0.406010 0.640370
vt 0.403500 0.644830
vt 0.702750 0.904340
vt 0.706930 0.902060
vt 0.711090 0.902100
vt 0.704100 0.901520
vt 0.712080 0.900300
vt 0.704870 0.899690
vt 0.708160 0.898570
vt 0.712630 0.898600
vt 0.700830 0.902230
vt 0.701720 0.900560
vt 0.403820 0.649430
vt 0.400460 0.650760
vt 0.938310 0.993920
vt 0.940220 0.991680
vt 0.942960 0.993170
vt 0.406490 0.653270
vt 0.401200 0.658770
vt 0.398080 0.662100
vt 0.402770 0.653750
vt 0.399910 0.657540
vt 0.398200 0.659570
vt 0.397360 0.660490
vt 0.401140 0.653150
vt 0.400270 0.654490
vt 0.398700 0.656460
vt 0.396300 0.659750
vt 0.397320 0.655010
vt 0.394900 0.658340
vt 0.713620 0.903620
vt 0.721210 0.903310
vt 0.713730 0.901900
vt 0.717130 0.901400
vt 0.716540 0.900070
vt 0.721760 0.899840
vt 0.718860 0.896490
vt 0.721560 0.897990
vt 0.941180 0.990560
vt 0.393440 0.665620
vt 0.954890 0.989040
vt 0.390330 0.668330
vt 0.954240 0.988930
vt 0.954730 0.988370
vt 0.387690 0.670830
vt 0.393490 0.661820
vt 0.952650 0.991040
vt 0.950680 0.993350
vt 0.948530 0.991220
vt 0.950370 0.989100
vt 0.391910 0.665260
vt 0.951980 0.986960
vt 0.389130 0.667450
vt 0.952390 0.986490
vt 0.386360 0.670270
vt 0.946200 0.989350
vt 0.948170 0.987080
vt 0.390650 0.664200
vt 0.949500 0.985200
vt 0.387840 0.666350
vt 0.387530 0.666850
vt 0.943080 0.988390
vt 0.923750 0.772970
vt 0.922150 0.775120
vt 0.922000 0.770340
vt 0.392490 0.660840
vt 0.922930 0.769090
vt 0.944500 0.991110
vt 0.944070 0.987200
vt 0.945710 0.985310
vt 0.389480 0.663390
vt 0.947500 0.983000
vt 0.477280 0.128180
vt 0.480020 0.126610
vt 0.481020 0.129400
vt 0.477160 0.127920
vt 0.473830 0.127050
vt 0.479590 0.125830
vt 0.479180 0.124810
vt 0.723900 0.903460
vt 0.731240 0.904040
vt 0.724410 0.900800
vt 0.729440 0.901570
vt 0.726590 0.899260
vt 0.724130 0.898330
vt 0.731250 0.898310
vt 0.470720 0.128370
vt 0.469710 0.125700
vt 0.468910 0.123010
vt 0.467290 0.122690
vt 0.472550 0.124550
vt 0.471820 0.122200
vt 0.475360 0.123260
vt 0.836300 0.334590
vt 0.836780 0.331730
vt 0.837520 0.334780
vt 0.474970 0.122020
vt 0.478190 0.122150
vt 0.477950 0.121400
vt 0.736040 0.903070
vt 0.740700 0.904460
vt 0.733800 0.901280
vt 0.736470 0.901500
vt 0.738200 0.901230
vt 0.740660 0.901210
vt 0.734290 0.899080
vt 0.742740 0.905530
vt 0.744620 0.905770
vt 0.747260 0.906210
vt 0.742650 0.901680
vt 0.746900 0.904330
vt 0.748860 0.904970
vt 0.744930 0.901730
vt 0.746970 0.902680
vt 0.748840 0.903610
vt 0.751120 0.909150
vt 0.753350 0.909800
vt 0.711350 0.383310
vt 0.714200 0.378320
vt 0.750970 0.907700
vt 0.707520 0.384550
vt 0.709430 0.379490
vt 0.711580 0.376430
vt 0.750940 0.906000
vt 0.704610 0.382560
vt 0.704250 0.379240
vt 0.707490 0.377430
vt 0.709250 0.374900
vt 0.701970 0.381020
vt 0.700550 0.383540
vt 0.704900 0.375630
vt 0.706390 0.372380
vt 0.960490 0.660140
vt 0.961060 0.662050
vt 0.959080 0.663350
vt 0.956740 0.661610
vt 0.958450 0.659230
vt 0.715670 0.375590
vt 0.717150 0.372860
vt 0.717340 0.372440
vt 0.713950 0.374170
vt 0.712450 0.374680
vt 0.716760 0.372540
vt 0.949100 0.665330
vt 0.948460 0.667470
vt 0.949560 0.664960
vt 0.949240 0.664780
vt 0.947490 0.663020
vt 0.713180 0.372300
vt 0.716930 0.371150
vt 0.952950 0.663070
vt 0.949670 0.664540
vt 0.717440 0.371050
vt 0.710040 0.371770
vt 0.955260 0.660890
vt 0.955290 0.664250
vt 0.706810 0.371380
vt 0.957690 0.658760
vt 0.394110 0.607540
vt 0.392240 0.605280
vt 0.162880 0.123200
vt 0.162230 0.124400
vt 0.388650 0.605110
vt 0.390030 0.607880
vt 0.387860 0.608090
vt 0.398150 0.610080
vt 0.399640 0.612460
vt 0.400560 0.615710
vt 0.400710 0.618960
vt 0.393620 0.610430
vt 0.393870 0.613130
vt 0.394910 0.616300
vt 0.396210 0.619350
vt 0.389090 0.610890
vt 0.403740 0.622140
vt 0.405100 0.625340
vt 0.404470 0.628850
vt 0.405210 0.632500
vt 0.403910 0.625460
vt 0.402520 0.625610
vt 0.397740 0.622670
vt 0.398120 0.626100
vt 0.400420 0.629420
vt 0.402250 0.632920
vt 0.400480 0.633120
vt 0.398000 0.629620
vt 0.398090 0.633340
vt 0.404520 0.636590
vt 0.403050 0.640950
vt 0.401050 0.641050
vt 0.402320 0.636850
vt 0.399810 0.637190
vt 0.396430 0.633160
vt 0.705750 0.898160
vt 0.709150 0.897500
vt 0.713650 0.896960
vt 0.706470 0.896500
vt 0.708690 0.896010
vt 0.710350 0.894110
vt 0.711440 0.895530
vt 0.706750 0.895150
vt 0.708780 0.894410
vt 0.708400 0.893070
vt 0.711180 0.892480
vt 0.703560 0.898120
vt 0.158130 0.119750
vt 0.157520 0.121320
vt 0.159890 0.123870
vt 0.704700 0.895720
vt 0.701940 0.897280
vt 0.159760 0.125500
vt 0.161940 0.126250
vt 0.384420 0.605480
vt 0.705680 0.894120
vt 0.157560 0.123410
vt 0.157340 0.124600
vt 0.400850 0.645250
vt 0.398460 0.650250
vt 0.937560 0.994790
vt 0.936150 0.991810
vt 0.936020 0.987800
vt 0.396610 0.650130
vt 0.933900 0.989830
vt 0.398480 0.641420
vt 0.396550 0.646320
vt 0.394070 0.651210
vt 0.931850 0.987550
vt 0.932960 0.986250
vt 0.397730 0.637240
vt 0.396480 0.641480
vt 0.394890 0.646370
vt 0.392610 0.650590
vt 0.396060 0.653780
vt 0.395260 0.655230
vt 0.393760 0.657560
vt 0.393860 0.655210
vt 0.391060 0.655470
vt 0.390070 0.654600
vt 0.721680 0.896660
vt 0.714210 0.893730
vt 0.719350 0.893540
vt 0.716930 0.890410
vt 0.719860 0.890400
vt 0.721890 0.891330
vt 0.721860 0.893290
vt 0.934690 0.984260
vt 0.940690 0.986560
vt 0.391240 0.660660
vt 0.919500 0.768640
vt 0.921220 0.766180
vt 0.942450 0.984200
vt 0.942620 0.984110
vt 0.388520 0.663200
vt 0.944940 0.981310
vt 0.483850 0.128440
vt 0.483030 0.125860
vt 0.946040 0.979920
vt 0.947820 0.982590
vt 0.942150 0.773420
vt 0.944990 0.772270
vt 0.945180 0.773710
vt 0.942010 0.772780
vt 0.479810 0.125900
vt 0.482260 0.123890
vt 0.482130 0.124210
vt 0.875680 0.498830
vt 0.876240 0.499810
vt 0.875120 0.499280
vt 0.938400 0.984630
vt 0.390220 0.660160
vt 0.918850 0.764420
vt 0.917080 0.766850
vt 0.387320 0.662390
vt 0.940190 0.982310
vt 0.942700 0.979330
vt 0.601340 0.845220
vt 0.599290 0.848230
vt 0.598940 0.843520
vt 0.486640 0.127290
vt 0.599990 0.842150
vt 0.602420 0.843780
vt 0.939040 0.773180
vt 0.485090 0.122930
vt 0.874140 0.499160
vt 0.935810 0.982990
vt 0.388910 0.659140
vt 0.387730 0.660670
vt 0.386360 0.662250
vt 0.938070 0.980170
vt 0.594560 0.844910
vt 0.596510 0.841880
vt 0.489480 0.126340
vt 0.488570 0.123930
vt 0.597340 0.840740
vt 0.936250 0.775020
vt 0.936060 0.773620
vt 0.488050 0.122300
vt 0.874370 0.498130
vt 0.873230 0.499270
vt 0.684920 0.128440
vt 0.682730 0.126210
vt 0.685180 0.124260
vt 0.686780 0.127390
vt 0.927140 0.569110
vt 0.929310 0.569750
vt 0.928180 0.571040
vt 0.682350 0.066980
vt 0.686110 0.066470
vt 0.685360 0.068290
vt 0.684100 0.064420
vt 0.387670 0.658210
vt 0.389480 0.655600
vt 0.383880 0.657870
vt 0.385570 0.660900
vt 0.682150 0.034040
vt 0.682070 0.034010
vt 0.685110 0.033830
vt 0.640780 0.297540
vt 0.639130 0.294580
vt 0.639180 0.294570
vt 0.385130 0.661390
vt 0.592010 0.843450
vt 0.591990 0.843390
vt 0.805530 0.845580
vt 0.808340 0.846840
vt 0.803790 0.848500
vt 0.492270 0.125180
vt 0.491380 0.122830
vt 0.809060 0.845620
vt 0.807690 0.843070
vt 0.807100 0.842860
vt 0.489780 0.119970
vt 0.490860 0.121590
vt 0.933700 0.773670
vt 0.883940 0.784170
vt 0.885850 0.780830
vt 0.886620 0.783730
vt 0.488110 0.122850
vt 0.487730 0.121880
vt 0.490590 0.120900
vt 0.724590 0.895400
vt 0.726720 0.895110
vt 0.730300 0.895450
vt 0.731620 0.897110
vt 0.726240 0.893520
vt 0.731770 0.894150
vt 0.728470 0.891010
vt 0.731350 0.892320
vt 0.726760 0.891950
vt 0.942680 0.769760
vt 0.944500 0.769410
vt 0.941830 0.771870
vt 0.481660 0.122750
vt 0.482010 0.123730
vt 0.479900 0.121370
vt 0.873080 0.314310
vt 0.873990 0.316010
vt 0.873310 0.316070
vt 0.813050 0.844990
vt 0.813870 0.843640
vt 0.815730 0.846400
vt 0.816330 0.845410
vt 0.484860 0.122770
vt 0.484410 0.121500
vt 0.812970 0.841420
vt 0.811910 0.840900
vt 0.601100 0.840110
vt 0.598660 0.838520
vt 0.600510 0.836240
vt 0.485620 0.119400
vt 0.486740 0.119130
vt 0.812990 0.838910
vt 0.485910 0.116770
vt 0.807280 0.842570
vt 0.810450 0.843490
vt 0.809240 0.839470
vt 0.489630 0.118260
vt 0.809810 0.838510
vt 0.598700 0.833850
vt 0.602000 0.834580
vt 0.489250 0.117130
vt 0.733890 0.897370
vt 0.737880 0.897940
vt 0.740750 0.898590
vt 0.735900 0.896060
vt 0.733850 0.895840
vt 0.740680 0.897260
vt 0.736040 0.894810
vt 0.738290 0.895530
vt 0.740630 0.895870
vt 0.733760 0.892640
vt 0.735960 0.893360
vt 0.738230 0.893770
vt 0.740710 0.893600
vt 0.742870 0.899270
vt 0.744920 0.900080
vt 0.746970 0.900830
vt 0.748890 0.901830
vt 0.742860 0.897260
vt 0.744920 0.898360
vt 0.746910 0.899280
vt 0.748890 0.900150
vt 0.744780 0.896830
vt 0.747000 0.897270
vt 0.748830 0.898570
vt 0.748680 0.897170
vt 0.697890 0.382190
vt 0.699330 0.379550
vt 0.700910 0.376540
vt 0.696790 0.377670
vt 0.696730 0.377680
vt 0.695250 0.380730
vt 0.694080 0.376350
vt 0.692620 0.379190
vt 0.690020 0.377460
vt 0.691640 0.374980
vt 0.702360 0.373120
vt 0.296430 0.093120
vt 0.298380 0.091880
vt 0.298380 0.093420
vt 0.702710 0.372420
vt 0.704960 0.371260
vt 0.295360 0.090030
vt 0.298380 0.089720
vt 0.961190 0.657020
vt 0.962380 0.660250
vt 0.959110 0.657610
vt 0.696750 0.377640
vt 0.698220 0.374700
vt 0.699470 0.372070
vt 0.701430 0.372510
vt 0.699740 0.371520
vt 0.700900 0.368630
vt 0.298390 0.086750
vt 0.695580 0.373230
vt 0.696990 0.370210
vt 0.698160 0.367470
vt 0.693450 0.370870
vt 0.694500 0.368320
vt 0.694950 0.367090
vt 0.391070 0.616660
vt 0.392880 0.619690
vt 0.390190 0.618840
vt 0.394100 0.622980
vt 0.395750 0.629660
vt 0.391900 0.622980
vt 0.711850 0.890870
vt 0.709070 0.891660
vt 0.711160 0.888900
vt 0.711530 0.889660
vt 0.383430 0.608310
vt 0.382620 0.605960
vt 0.159480 0.126540
vt 0.162080 0.127230
vt 0.157170 0.125720
vt 0.154880 0.124750
vt 0.163010 0.129170
vt 0.159210 0.127750
vt 0.379320 0.607910
vt 0.156840 0.127140
vt 0.154390 0.126610
vt 0.156380 0.127900
vt 0.159820 0.129790
vt 0.378070 0.610850
vt 0.375770 0.603560
vt 0.372480 0.604850
vt 0.384610 0.611820
vt 0.386820 0.617540
vt 0.383850 0.613960
vt 0.383990 0.616930
vt 0.385320 0.619580
vt 0.391610 0.626290
vt 0.393600 0.629840
vt 0.392740 0.633650
vt 0.389590 0.623100
vt 0.390550 0.629760
vt 0.386090 0.622930
vt 0.390080 0.633440
vt 0.395520 0.638110
vt 0.394860 0.641430
vt 0.393080 0.645590
vt 0.390590 0.649410
vt 0.393350 0.637490
vt 0.392340 0.641390
vt 0.388090 0.650590
vt 0.389390 0.645920
vt 0.389900 0.637370
vt 0.389130 0.641360
vt 0.387030 0.645940
vt 0.384220 0.650690
vt 0.388910 0.653870
vt 0.386510 0.652250
vt 0.715010 0.890130
vt 0.712880 0.889250
vt 0.714380 0.888910
vt 0.716710 0.888450
vt 0.720530 0.888360
vt 0.714120 0.887720
vt 0.717220 0.887110
vt 0.719650 0.886840
vt 0.722290 0.886760
vt 0.713880 0.885870
vt 0.716810 0.884960
vt 0.716890 0.885960
vt 0.719260 0.885430
vt 0.724240 0.885140
vt 0.617490 0.688030
vt 0.612840 0.687740
vt 0.617480 0.687810
vt 0.616170 0.685130
vt 0.610990 0.685340
vt 0.614260 0.682920
vt 0.609190 0.682890
vt 0.612550 0.680230
vt 0.608420 0.680090
vt 0.608290 0.679590
vt 0.610690 0.677850
vt 0.685270 0.124010
vt 0.689340 0.126140
vt 0.697380 0.164430
vt 0.700640 0.166240
vt 0.699740 0.167650
vt 0.697940 0.165270
vt 0.697360 0.164270
vt 0.682060 0.067090
vt 0.684480 0.070830
vt 0.387870 0.655580
vt 0.619390 0.682900
vt 0.620930 0.685330
vt 0.617760 0.687820
vt 0.383730 0.661000
vt 0.383900 0.657950
vt 0.699550 0.160970
vt 0.703300 0.161570
vt 0.699340 0.162960
vt 0.642610 0.294150
vt 0.643630 0.296850
vt 0.620790 0.681700
vt 0.590240 0.839930
vt 0.591670 0.838500
vt 0.593970 0.840630
vt 0.381150 0.663160
vt 0.382290 0.663700
vt 0.595870 0.838170
vt 0.593530 0.836410
vt 0.887470 0.786670
vt 0.884760 0.786820
vt 0.884350 0.783880
vt 0.493510 0.120050
vt 0.493420 0.119810
vt 0.386020 0.655610
vt 0.385360 0.656900
vt 0.616730 0.680840
vt 0.704010 0.166050
vt 0.645310 0.292450
vt 0.645870 0.294410
vt 0.617600 0.680150
vt 0.588870 0.837050
vt 0.589290 0.836660
vt 0.641490 0.292900
vt 0.644160 0.291010
vt 0.867830 0.066250
vt 0.866450 0.063950
vt 0.869380 0.064030
vt 0.869000 0.063360
vt 0.593340 0.836290
vt 0.589410 0.836470
vt 0.884780 0.787710
vt 0.888160 0.789530
vt 0.888020 0.789650
vt 0.591900 0.837710
vt 0.593770 0.834890
vt 0.589350 0.836450
vt 0.377540 0.663450
vt 0.379840 0.662180
vt 0.496360 0.119050
vt 0.498370 0.118090
vt 0.384160 0.656140
vt 0.614670 0.678580
vt 0.648390 0.292810
vt 0.615050 0.677020
vt 0.647740 0.289210
vt 0.588450 0.835990
vt 0.869890 0.063150
vt 0.888850 0.792390
vt 0.888600 0.792530
vt 0.869100 0.063130
vt 0.499210 0.118040
vt 0.383320 0.655600
vt 0.382890 0.655230
vt 0.650020 0.291730
vt 0.646930 0.290570
vt 0.649550 0.289160
vt 0.650860 0.291180
vt 0.847960 0.376690
vt 0.850290 0.378100
vt 0.848130 0.379670
vt 0.037470 0.037660
vt 0.035710 0.034830
vt 0.038600 0.034160
vt 0.650290 0.289480
vt 0.612800 0.676200
vt 0.428550 0.111730
vt 0.428510 0.111230
vt 0.429520 0.111590
vt 0.889510 0.794890
vt 0.501570 0.116930
vt 0.731230 0.887460
vt 0.731550 0.889220
vt 0.724350 0.888850
vt 0.726830 0.890310
vt 0.726940 0.888590
vt 0.729250 0.888900
vt 0.724610 0.886800
vt 0.727040 0.886590
vt 0.730780 0.886420
vt 0.596050 0.837870
vt 0.594430 0.834170
vt 0.596770 0.833560
vt 0.598040 0.834750
vt 0.493140 0.119010
vt 0.491170 0.117490
vt 0.591490 0.833160
vt 0.592390 0.832080
vt 0.828140 0.073880
vt 0.829000 0.076420
vt 0.826270 0.077970
vt 0.495780 0.117400
vt 0.589030 0.831560
vt 0.589560 0.830850
vt 0.498860 0.117030
vt 0.586990 0.829940
vt 0.736560 0.891970
vt 0.735150 0.890110
vt 0.739820 0.891100
vt 0.738070 0.888870
vt 0.740050 0.888620
vt 0.733900 0.885090
vt 0.735700 0.885770
vt 0.738230 0.887460
vt 0.744020 0.894000
vt 0.746660 0.894750
vt 0.748720 0.895290
vt 0.744490 0.890890
vt 0.746710 0.893090
vt 0.742450 0.890270
vt 0.742550 0.888510
vt 0.743320 0.888800
vt 0.684750 0.374530
vt 0.687110 0.375930
vt 0.683270 0.376900
vt 0.746570 0.891670
vt 0.680760 0.375440
vt 0.682120 0.373020
vt 0.744540 0.889320
vt 0.746620 0.889960
vt 0.678100 0.374090
vt 0.679530 0.371360
vt 0.688830 0.373220
vt 0.690520 0.369580
vt 0.690170 0.365470
vt 0.692040 0.366200
vt 0.692820 0.363920
vt 0.686200 0.371720
vt 0.687650 0.368940
vt 0.688000 0.368190
vt 0.689240 0.365140
vt 0.847980 0.393090
vt 0.849490 0.390500
vt 0.850250 0.393190
vt 0.689840 0.363840
vt 0.683580 0.370180
vt 0.685860 0.367840
vt 0.685060 0.367170
vt 0.686000 0.364810
vt 0.688720 0.363280
vt 0.686760 0.363080
vt 0.687200 0.361850
vt 0.680810 0.367970
vt 0.682440 0.365650
vt 0.683560 0.363120
vt 0.684010 0.362230
vt 0.684920 0.359910
vt 0.372630 0.608610
vt 0.371840 0.606680
vt 0.156720 0.129860
vt 0.365850 0.602040
vt 0.369090 0.606400
vt 0.366330 0.604190
vt 0.365840 0.606280
vt 0.369570 0.608930
vt 0.378270 0.614110
vt 0.381190 0.616980
vt 0.380360 0.619900
vt 0.377570 0.616980
vt 0.372450 0.611470
vt 0.373040 0.614070
vt 0.377910 0.619900
vt 0.370730 0.611330
vt 0.373330 0.616820
vt 0.386700 0.626340
vt 0.387940 0.629730
vt 0.384570 0.633700
vt 0.382140 0.623160
vt 0.383200 0.626240
vt 0.384700 0.629770
vt 0.378820 0.622900
vt 0.379100 0.626120
vt 0.380950 0.629740
vt 0.382590 0.633210
vt 0.388180 0.637710
vt 0.386370 0.637310
vt 0.385450 0.641290
vt 0.384440 0.644940
vt 0.382870 0.650180
vt 0.384810 0.637060
vt 0.381130 0.649880
vt 0.382000 0.636980
vt 0.382730 0.641210
vt 0.380770 0.644980
vt 0.721050 0.883630
vt 0.723230 0.883420
vt 0.154100 0.128630
vt 0.153480 0.129370
vt 0.151660 0.127350
vt 0.719030 0.883350
vt 0.716240 0.884050
vt 0.718990 0.882440
vt 0.721680 0.881900
vt 0.718680 0.881380
vt 0.720410 0.880970
vt 0.155950 0.130650
vt 0.361990 0.601740
vt 0.363470 0.604060
vt 0.360850 0.604230
vt 0.355380 0.602630
vt 0.357400 0.599840
vt 0.351950 0.600320
vt 0.609110 0.675190
vt 0.606770 0.676880
vt 0.605550 0.677830
vt 0.603510 0.679440
vt 0.601630 0.677070
vt 0.603780 0.675390
vt 0.604860 0.674530
vt 0.607670 0.672410
vt 0.601260 0.674830
vt 0.603070 0.672070
vt 0.605950 0.669910
vt 0.606700 0.670940
vt 0.601260 0.669650
vt 0.603510 0.667910
vt 0.604410 0.667190
vt 0.653390 0.289630
vt 0.653720 0.291280
vt 0.033500 0.037920
vt 0.032650 0.035380
vt 0.651950 0.287250
vt 0.653320 0.289310
vt 0.652920 0.288020
vt 0.610470 0.674130
vt 0.612060 0.672930
vt 0.425870 0.113320
vt 0.331680 0.078660
vt 0.332160 0.077000
vt 0.332190 0.079110
vt 0.652070 0.286660
vt 0.882680 0.066340
vt 0.880240 0.063070
vt 0.883430 0.065450
vt 0.614580 0.670970
vt 0.615490 0.670210
vt 0.616730 0.673160
vt 0.425550 0.111190
vt 0.905510 0.223160
vt 0.906150 0.222230
vt 0.909100 0.221450
vt 0.908460 0.220280
vt 0.380770 0.654700
vt 0.656140 0.288350
vt 0.030700 0.038990
vt 0.029520 0.035860
vt 0.654230 0.285090
vt 0.656110 0.288230
vt 0.655640 0.286680
vt 0.607930 0.672200
vt 0.610480 0.670280
vt 0.423020 0.113910
vt 0.425560 0.112250
vt 0.331280 0.080300
vt 0.332010 0.080750
vt 0.654490 0.284740
vt 0.862510 0.431290
vt 0.861650 0.432410
vt 0.861430 0.431040
vt 0.860530 0.432080
vt 0.612510 0.668730
vt 0.613390 0.668050
vt 0.911560 0.220030
vt 0.911110 0.219330
vt 0.669510 0.090700
vt 0.669320 0.092050
vt 0.668910 0.091870
vt 0.525500 0.036530
vt 0.526850 0.036860
vt 0.526740 0.037210
vt 0.379650 0.654300
vt 0.655670 0.284110
vt 0.658740 0.286900
vt 0.901840 0.568870
vt 0.903830 0.570890
vt 0.903550 0.571270
vt 0.027800 0.036210
vt 0.027820 0.039560
vt 0.658720 0.286740
vt 0.658330 0.285300
vt 0.608440 0.668070
vt 0.331870 0.082530
vt 0.331210 0.081940
vt 0.657280 0.283640
vt 0.525430 0.041440
vt 0.525760 0.040360
vt 0.528240 0.042590
vt 0.528700 0.041130
vt 0.610760 0.666280
vt 0.611730 0.665470
vt 0.668820 0.094560
vt 0.668780 0.094550
vt 0.914220 0.218750
vt 0.913460 0.217560
vt 0.529720 0.037800
vt 0.378370 0.654290
vt 0.379400 0.654810
vt 0.377210 0.658130
vt 0.376150 0.657980
vt 0.607080 0.665200
vt 0.331730 0.084290
vt 0.330130 0.083590
vt 0.661010 0.283920
vt 0.659520 0.281330
vt 0.531060 0.043730
vt 0.531600 0.041970
vt 0.611070 0.662710
vt 0.610770 0.662180
vt 0.608040 0.664470
vt 0.914930 0.214850
vt 0.916720 0.217380
vt 0.612640 0.661020
vt 0.610010 0.663170
vt 0.665460 0.096410
vt 0.668350 0.097270
vt 0.532590 0.038800
vt 0.532650 0.038620
vt 0.726940 0.882700
vt 0.726990 0.884000
vt 0.729220 0.882880
vt 0.731640 0.881850
vt 0.723970 0.881470
vt 0.726880 0.881260
vt 0.729120 0.881030
vt 0.724710 0.880240
vt 0.729370 0.880100
vt 0.731620 0.880050
vt 0.616180 0.665870
vt 0.616920 0.665220
vt 0.617280 0.666780
vt 0.527120 0.035920
vt 0.614550 0.663330
vt 0.614660 0.663230
vt 0.529790 0.037600
vt 0.613350 0.660320
vt 0.533010 0.037350
vt 0.740500 0.886140
vt 0.738220 0.885920
vt 0.733980 0.882210
vt 0.736120 0.883740
vt 0.736300 0.882200
vt 0.740460 0.884730
vt 0.741530 0.883850
vt 0.736810 0.879750
vt 0.742610 0.883510
vt 0.742540 0.886920
vt 0.744650 0.887540
vt 0.746580 0.888430
vt 0.748510 0.890930
vt 0.748750 0.887960
vt 0.744720 0.885840
vt 0.746580 0.886850
vt 0.744660 0.884370
vt 0.746640 0.885170
vt 0.748560 0.886240
vt 0.742670 0.882050
vt 0.744820 0.882170
vt 0.746670 0.883540
vt 0.748320 0.884670
vt 0.674860 0.368700
vt 0.678310 0.367210
vt 0.678500 0.366810
vt 0.679930 0.363600
vt 0.680190 0.363040
vt 0.681400 0.360660
vt 0.682220 0.358670
vt 0.675760 0.365820
vt 0.677330 0.362100
vt 0.678290 0.359580
vt 0.679840 0.358910
vt 0.671790 0.367000
vt 0.673110 0.364020
vt 0.674200 0.361570
vt 0.674730 0.360440
vt 0.675780 0.358030
vt 0.750230 0.887340
vt 0.670590 0.362100
vt 0.668970 0.365560
vt 0.671930 0.359510
vt 0.673520 0.356010
vt 0.364990 0.608480
vt 0.369950 0.613810
vt 0.373270 0.619860
vt 0.368540 0.611160
vt 0.370110 0.616580
vt 0.366330 0.611090
vt 0.364060 0.610900
vt 0.364960 0.613600
vt 0.366020 0.616340
vt 0.369310 0.619490
vt 0.378470 0.633090
vt 0.375200 0.622840
vt 0.376280 0.625760
vt 0.377470 0.629500
vt 0.373110 0.622780
vt 0.371830 0.625870
vt 0.373130 0.629130
vt 0.374800 0.632720
vt 0.380350 0.640860
vt 0.379130 0.648780
vt 0.378880 0.636560
vt 0.378430 0.644950
vt 0.377590 0.648260
vt 0.377980 0.640520
vt 0.376800 0.646650
vt 0.376050 0.636490
vt 0.374380 0.644530
vt 0.719700 0.880080
vt 0.721030 0.878270
vt 0.359340 0.606610
vt 0.349470 0.600580
vt 0.353590 0.604480
vt 0.349570 0.602630
vt 0.346140 0.600810
vt 0.360980 0.608510
vt 0.358440 0.608490
vt 0.352820 0.606380
vt 0.353380 0.605480
vt 0.347890 0.604290
vt 0.344090 0.602510
vt 0.361910 0.610920
vt 0.599390 0.667290
vt 0.601490 0.665630
vt 0.602670 0.664700
vt 0.597430 0.668550
vt 0.598330 0.664110
vt 0.600840 0.662300
vt 0.374410 0.649120
vt 0.376850 0.654110
vt 0.374930 0.657440
vt 0.605700 0.662540
vt 0.606520 0.663790
vt 0.660500 0.280110
vt 0.663570 0.282410
vt 0.532510 0.043390
vt 0.534000 0.044460
vt 0.533450 0.046170
vt 0.965520 0.091660
vt 0.962220 0.091320
vt 0.963410 0.090380
vt 0.965060 0.093700
vt 0.332210 0.083530
vt 0.331550 0.085860
vt 0.608540 0.660090
vt 0.535060 0.039380
vt 0.375400 0.654310
vt 0.373180 0.656860
vt 0.603290 0.660270
vt 0.371580 0.659740
vt 0.373780 0.659570
vt 0.607200 0.657400
vt 0.538410 0.045130
vt 0.538420 0.040420
vt 0.374130 0.653330
vt 0.599350 0.659550
vt 0.600840 0.658420
vt 0.602160 0.657440
vt 0.604660 0.655450
vt 0.539040 0.040550
vt 0.541290 0.041400
vt 0.540270 0.044580
vt 0.541360 0.041190
vt 0.372970 0.649430
vt 0.372610 0.654000
vt 0.597150 0.657550
vt 0.599330 0.655830
vt 0.369970 0.659180
vt 0.370130 0.660650
vt 0.600410 0.654970
vt 0.603660 0.652440
vt 0.543400 0.041840
vt 0.544220 0.042120
vt 0.964910 0.570980
vt 0.965380 0.568840
vt 0.966330 0.569030
vt 0.723800 0.878160
vt 0.726670 0.878540
vt 0.731890 0.878760
vt 0.726540 0.877590
vt 0.728040 0.877440
vt 0.729050 0.877390
vt 0.725110 0.876640
vt 0.729070 0.876040
vt 0.731150 0.875040
vt 0.723750 0.874130
vt 0.726440 0.874800
vt 0.728910 0.874790
vt 0.338920 0.600830
vt 0.609110 0.659630
vt 0.611110 0.658320
vt 0.612140 0.657270
vt 0.613060 0.658320
vt 0.217790 0.165340
vt 0.220740 0.166110
vt 0.220410 0.168590
vt 0.536350 0.036690
vt 0.535690 0.038980
vt 0.535000 0.036340
vt 0.612240 0.657190
vt 0.232470 0.077940
vt 0.233250 0.076790
vt 0.233410 0.076900
vt 0.609060 0.656160
vt 0.609950 0.655110
vt 0.220930 0.162620
vt 0.218070 0.162420
vt 0.538470 0.040270
vt 0.539350 0.037330
vt 0.610630 0.654560
vt 0.235750 0.074860
vt 0.234790 0.074160
vt 0.605610 0.654660
vt 0.608620 0.655710
vt 0.608090 0.652740
vt 0.221170 0.162010
vt 0.218310 0.159350
vt 0.542230 0.038240
vt 0.608660 0.652300
vt 0.237430 0.072360
vt 0.236700 0.071830
vt 0.221590 0.157520
vt 0.218630 0.156400
vt 0.221560 0.156660
vt 0.220530 0.159510
vt 0.605850 0.652160
vt 0.606440 0.650230
vt 0.545090 0.039170
vt 0.606780 0.649960
vt 0.239030 0.069810
vt 0.238520 0.069440
vt 0.733890 0.878860
vt 0.738340 0.878820
vt 0.740520 0.878500
vt 0.734220 0.877600
vt 0.736100 0.877760
vt 0.736120 0.876340
vt 0.738210 0.875550
vt 0.740520 0.876980
vt 0.733700 0.874080
vt 0.735990 0.874260
vt 0.740470 0.875580
vt 0.742810 0.880250
vt 0.746580 0.881560
vt 0.748520 0.882890
vt 0.744570 0.879220
vt 0.742600 0.877230
vt 0.746660 0.878900
vt 0.748560 0.879710
vt 0.748580 0.881300
vt 0.744660 0.876670
vt 0.746690 0.877350
vt 0.748580 0.878200
vt 0.667890 0.360930
vt 0.666280 0.364170
vt 0.669320 0.358180
vt 0.670850 0.354940
vt 0.673050 0.355570
vt 0.671230 0.354050
vt 0.663680 0.362800
vt 0.665190 0.359730
vt 0.666280 0.357510
vt 0.666680 0.356710
vt 0.668120 0.353530
vt 0.669140 0.353650
vt 0.750240 0.882580
vt 0.750370 0.880800
vt 0.752010 0.882060
vt 0.663910 0.355350
vt 0.665470 0.352200
vt 0.750450 0.879100
vt 0.752260 0.880250
vt 0.661300 0.354180
vt 0.662780 0.350920
vt 0.362880 0.613420
vt 0.365700 0.619610
vt 0.361610 0.616270
vt 0.362820 0.618680
vt 0.368960 0.625630
vt 0.369000 0.629060
vt 0.370620 0.632350
vt 0.365320 0.622180
vt 0.366880 0.625510
vt 0.362180 0.621850
vt 0.364780 0.628540
vt 0.372370 0.636150
vt 0.374270 0.640350
vt 0.370950 0.640020
vt 0.368760 0.636310
vt 0.352670 0.607710
vt 0.342730 0.603110
vt 0.346170 0.606180
vt 0.350940 0.608510
vt 0.341320 0.604030
vt 0.356520 0.610570
vt 0.360520 0.613330
vt 0.356480 0.613130
vt 0.357150 0.615990
vt 0.352660 0.610630
vt 0.372200 0.644380
vt 0.371150 0.649010
vt 0.370610 0.644190
vt 0.369090 0.648510
vt 0.368710 0.640040
vt 0.368110 0.644240
vt 0.596060 0.654390
vt 0.596210 0.654270
vt 0.368310 0.658940
vt 0.370000 0.653560
vt 0.598590 0.652570
vt 0.600780 0.650830
vt 0.546010 0.047290
vt 0.542810 0.046640
vt 0.547330 0.043040
vt 0.595950 0.654120
vt 0.597120 0.649810
vt 0.598340 0.648840
vt 0.553190 0.049170
vt 0.368120 0.653140
vt 0.365070 0.658430
vt 0.594950 0.647810
vt 0.597090 0.646100
vt 0.552890 0.044710
vt 0.593320 0.645220
vt 0.595170 0.643800
vt 0.554070 0.045010
vt 0.555770 0.045480
vt 0.728860 0.873470
vt 0.731420 0.873580
vt 0.725630 0.872470
vt 0.729040 0.871200
vt 0.731210 0.871400
vt 0.726420 0.870030
vt 0.327970 0.600140
vt 0.328750 0.599660
vt 0.331470 0.600850
vt 0.731040 0.869100
vt 0.728620 0.869700
vt 0.338070 0.602330
vt 0.723040 0.872140
vt 0.336220 0.602420
vt 0.601900 0.649940
vt 0.601750 0.646650
vt 0.604580 0.647870
vt 0.221900 0.153460
vt 0.218880 0.153370
vt 0.550100 0.043560
vt 0.547980 0.040030
vt 0.604910 0.647610
vt 0.240830 0.067400
vt 0.240330 0.067040
vt 0.600090 0.647530
vt 0.602610 0.645590
vt 0.219160 0.150380
vt 0.550920 0.040800
vt 0.603310 0.644990
vt 0.242840 0.065140
vt 0.241860 0.064400
vt 0.598210 0.645210
vt 0.600150 0.644050
vt 0.600950 0.643120
vt 0.222380 0.147700
vt 0.219450 0.147400
vt 0.553120 0.043920
vt 0.553780 0.041720
vt 0.601100 0.642850
vt 0.244020 0.062160
vt 0.244470 0.062620
vt 0.596240 0.642990
vt 0.599070 0.643490
vt 0.599020 0.640820
vt 0.222640 0.146530
vt 0.219760 0.144430
vt 0.556710 0.042500
vt 0.246460 0.060340
vt 0.740480 0.874270
vt 0.733700 0.871210
vt 0.736650 0.871150
vt 0.740410 0.872720
vt 0.735940 0.869440
vt 0.738130 0.869620
vt 0.740330 0.869920
vt 0.742620 0.874250
vt 0.744620 0.875220
vt 0.746620 0.875920
vt 0.748650 0.876550
vt 0.742570 0.873120
vt 0.744660 0.873010
vt 0.746650 0.873040
vt 0.748620 0.875060
vt 0.742650 0.871360
vt 0.650510 0.355570
vt 0.653120 0.357090
vt 0.649490 0.358260
vt 0.744620 0.870740
vt 0.746540 0.870440
vt 0.644970 0.356010
vt 0.647910 0.354040
vt 0.750350 0.877740
vt 0.660480 0.353840
vt 0.658160 0.353750
vt 0.657220 0.355610
vt 0.752050 0.878910
vt 0.752170 0.879790
vt 0.751480 0.878440
vt 0.658700 0.352650
vt 0.659880 0.350030
vt 0.750440 0.876030
vt 0.751970 0.877270
vt 0.656110 0.351710
vt 0.654730 0.347800
vt 0.660350 0.349090
vt 0.657710 0.347670
vt 0.654530 0.354340
vt 0.651970 0.352660
vt 0.750280 0.874760
vt 0.653440 0.349690
vt 0.655060 0.346270
vt 0.649310 0.351280
vt 0.650850 0.348130
vt 0.651570 0.346630
vt 0.652410 0.344890
vt 0.361530 0.624970
vt 0.365550 0.632160
vt 0.366560 0.635970
vt 0.345130 0.608060
vt 0.341700 0.606430
vt 0.340190 0.605580
vt 0.339300 0.606350
vt 0.343360 0.608640
vt 0.340980 0.608390
vt 0.337820 0.607020
vt 0.358680 0.618790
vt 0.349090 0.611120
vt 0.353280 0.613130
vt 0.354220 0.615420
vt 0.355180 0.618330
vt 0.347150 0.612890
vt 0.345170 0.610540
vt 0.352770 0.618010
vt 0.350240 0.615290
vt 0.341140 0.610030
vt 0.357660 0.621910
vt 0.362530 0.628500
vt 0.364830 0.634290
vt 0.358710 0.624510
vt 0.360990 0.629230
vt 0.362990 0.634920
vt 0.355530 0.621210
vt 0.358340 0.627760
vt 0.366060 0.639120
vt 0.367000 0.648070
vt 0.365770 0.643600
vt 0.365750 0.647700
vt 0.434240 0.040330
vt 0.434220 0.040340
vt 0.434400 0.038780
vt 0.364110 0.639240
vt 0.363990 0.642860
vt 0.364360 0.647410
vt 0.434040 0.041820
vt 0.361000 0.634970
vt 0.361660 0.638760
vt 0.363170 0.647010
vt 0.365740 0.652740
vt 0.363380 0.658280
vt 0.591290 0.643090
vt 0.594040 0.640410
vt 0.849470 0.569120
vt 0.847910 0.570810
vt 0.848010 0.568540
vt 0.849640 0.567510
vt 0.365750 0.647730
vt 0.364420 0.652840
vt 0.362260 0.657200
vt 0.589670 0.640500
vt 0.591220 0.639270
vt 0.359270 0.663170
vt 0.849380 0.570730
vt 0.363100 0.652420
vt 0.635100 0.145810
vt 0.633680 0.147210
vt 0.631270 0.145310
vt 0.633300 0.143320
vt 0.357980 0.663070
vt 0.360330 0.658410
vt 0.361500 0.652090
vt 0.359050 0.658200
vt 0.589830 0.636660
vt 0.587610 0.638420
vt 0.585760 0.636110
vt 0.587930 0.634360
vt 0.356740 0.662400
vt 0.567320 0.048980
vt 0.563330 0.051440
vt 0.566780 0.048780
vt 0.356440 0.662200
vt 0.325370 0.600530
vt 0.728630 0.866880
vt 0.730930 0.866360
vt 0.730110 0.864460
vt 0.335290 0.603950
vt 0.332360 0.602420
vt 0.329970 0.601830
vt 0.332710 0.604090
vt 0.328790 0.601970
vt 0.324460 0.601330
vt 0.321940 0.600560
vt 0.728550 0.863000
vt 0.597890 0.638450
vt 0.558730 0.046360
vt 0.559670 0.043240
vt 0.248550 0.058130
vt 0.247120 0.057680
vt 0.592710 0.638140
vt 0.595000 0.636330
vt 0.561670 0.047260
vt 0.562670 0.043930
vt 0.596040 0.635460
vt 0.250800 0.056010
vt 0.248910 0.054660
vt 0.956800 0.259650
vt 0.955890 0.260380
vt 0.955860 0.259600
vt 0.269570 0.106810
vt 0.269850 0.106600
vt 0.270130 0.107410
vt 0.634370 0.142310
vt 0.590930 0.635740
vt 0.593060 0.634050
vt 0.564560 0.048030
vt 0.565460 0.044930
vt 0.594520 0.632750
vt 0.953100 0.259700
vt 0.952900 0.259410
vt 0.252200 0.053360
vt 0.250360 0.051940
vt 0.269350 0.102860
vt 0.268930 0.102620
vt 0.953110 0.256400
vt 0.269330 0.102060
vt 0.589040 0.633470
vt 0.909600 0.182160
vt 0.905720 0.183260
vt 0.906820 0.180510
vt 0.909700 0.181590
vt 0.633400 0.139430
vt 0.636310 0.140400
vt 0.948950 0.262360
vt 0.949550 0.265370
vt 0.949000 0.265120
vt 0.951760 0.262590
vt 0.567390 0.048750
vt 0.353650 0.665700
vt 0.356240 0.662450
vt 0.354940 0.665850
vt 0.591450 0.631570
vt 0.592350 0.630770
vt 0.949190 0.261210
vt 0.952140 0.260680
vt 0.950090 0.260220
vt 0.269210 0.118810
vt 0.269500 0.117270
vt 0.269780 0.119280
vt 0.254030 0.050990
vt 0.252450 0.049830
vt 0.952070 0.256310
vt 0.950210 0.257860
vt 0.949960 0.259210
vt 0.953230 0.255640
vt 0.931850 0.240010
vt 0.932780 0.239970
vt 0.932730 0.240760
vt 0.932690 0.239720
vt 0.935520 0.240140
vt 0.269840 0.102460
vt 0.935680 0.236830
vt 0.935090 0.236830
vt 0.935440 0.236060
vt 0.875420 0.474990
vt 0.875940 0.475590
vt 0.874420 0.476110
vt 0.333340 0.114270
vt 0.334210 0.115160
vt 0.331490 0.114780
vt 0.331200 0.115940
vt 0.938600 0.239690
vt 0.330440 0.115270
vt 0.732000 0.868040
vt 0.735800 0.868120
vt 0.738040 0.868100
vt 0.733130 0.866670
vt 0.739400 0.866550
vt 0.733460 0.865180
vt 0.737850 0.865280
vt 0.740640 0.864680
vt 0.733480 0.863860
vt 0.735310 0.863210
vt 0.735850 0.863790
vt 0.742500 0.868830
vt 0.744540 0.868220
vt 0.643010 0.351590
vt 0.742550 0.867270
vt 0.641240 0.353910
vt 0.640840 0.356770
vt 0.742500 0.864790
vt 0.637380 0.354770
vt 0.634380 0.356060
vt 0.638600 0.352490
vt 0.639860 0.350100
vt 0.631970 0.355340
vt 0.633670 0.357960
vt 0.633450 0.352500
vt 0.635920 0.351170
vt 0.637250 0.348600
vt 0.646410 0.350390
vt 0.646650 0.349900
vt 0.648070 0.347100
vt 0.649670 0.343930
vt 0.615480 0.167600
vt 0.615380 0.163210
vt 0.616640 0.166340
vt 0.617620 0.160990
vt 0.617910 0.164890
vt 0.643930 0.348690
vt 0.645400 0.345760
vt 0.646890 0.342640
vt 0.648100 0.340030
vt 0.650760 0.341380
vt 0.640950 0.347940
vt 0.641310 0.347200
vt 0.640970 0.343800
vt 0.643930 0.341930
vt 0.644270 0.341260
vt 0.645410 0.338750
vt 0.638280 0.346350
vt 0.641170 0.340750
vt 0.641660 0.339720
vt 0.642960 0.336990
vt 0.682160 0.053640
vt 0.683400 0.049130
vt 0.684860 0.051830
vt 0.620940 0.160040
vt 0.618630 0.159860
vt 0.651410 0.340040
vt 0.648850 0.338390
vt 0.646100 0.337310
vt 0.643130 0.336330
vt 0.644830 0.335770
vt 0.685370 0.048320
vt 0.620470 0.158090
vt 0.649330 0.337320
vt 0.652340 0.337990
vt 0.646990 0.335390
vt 0.333340 0.607320
vt 0.334320 0.606540
vt 0.337510 0.609700
vt 0.346920 0.614920
vt 0.339490 0.611260
vt 0.349200 0.617620
vt 0.343410 0.614810
vt 0.346860 0.617510
vt 0.343550 0.617020
vt 0.337650 0.612030
vt 0.332710 0.607770
vt 0.354960 0.623450
vt 0.357460 0.630780
vt 0.350240 0.620700
vt 0.353140 0.627180
vt 0.352190 0.623570
vt 0.354840 0.630360
vt 0.350200 0.623340
vt 0.361770 0.646630
vt 0.357650 0.634090
vt 0.359340 0.638100
vt 0.360000 0.642230
vt 0.357410 0.646280
vt 0.354050 0.633620
vt 0.356510 0.641790
vt 0.357610 0.657830
vt 0.584270 0.633380
vt 0.585550 0.632350
vt 0.569640 0.049630
vt 0.570220 0.049800
vt 0.355190 0.662120
vt 0.358760 0.651390
vt 0.354630 0.661980
vt 0.353810 0.661760
vt 0.357190 0.651130
vt 0.354900 0.656520
vt 0.352320 0.661090
vt 0.355480 0.650840
vt 0.353490 0.656080
vt 0.350350 0.661440
vt 0.331400 0.604370
vt 0.327100 0.602870
vt 0.326460 0.602150
vt 0.730760 0.862600
vt 0.726990 0.863250
vt 0.727980 0.860820
vt 0.725750 0.863500
vt 0.241250 0.177570
vt 0.243300 0.181400
vt 0.241190 0.179540
vt 0.328980 0.604350
vt 0.324410 0.602030
vt 0.320870 0.600370
vt 0.327360 0.603790
vt 0.725080 0.860060
vt 0.722910 0.861820
vt 0.723160 0.860340
vt 0.726120 0.859240
vt 0.244950 0.184540
vt 0.243160 0.184510
vt 0.241170 0.181810
vt 0.587220 0.631120
vt 0.946670 0.265160
vt 0.946000 0.262160
vt 0.861500 0.332440
vt 0.861390 0.333770
vt 0.860750 0.331180
vt 0.589210 0.630880
vt 0.589510 0.629310
vt 0.910660 0.179400
vt 0.907880 0.177730
vt 0.568360 0.045770
vt 0.571280 0.046570
vt 0.947210 0.259960
vt 0.268580 0.120360
vt 0.269600 0.120790
vt 0.255960 0.048670
vt 0.595760 0.628000
vt 0.594760 0.628910
vt 0.594640 0.624830
vt 0.594620 0.624850
vt 0.592460 0.626850
vt 0.911300 0.177700
vt 0.908970 0.174990
vt 0.911870 0.176060
vt 0.860780 0.531000
vt 0.862860 0.530950
vt 0.860770 0.533010
vt 0.943150 0.261950
vt 0.944900 0.265030
vt 0.943210 0.264830
vt 0.571400 0.050150
vt 0.573110 0.050590
vt 0.351050 0.665450
vt 0.353750 0.661870
vt 0.574150 0.047430
vt 0.589790 0.625570
vt 0.943990 0.258960
vt 0.254920 0.044640
vt 0.257720 0.046260
vt 0.590880 0.624770
vt 0.589460 0.625940
vt 0.946880 0.259040
vt 0.944310 0.260370
vt 0.592190 0.622860
vt 0.585340 0.628850
vt 0.581500 0.627660
vt 0.584430 0.625570
vt 0.909370 0.171730
vt 0.912630 0.173190
vt 0.586990 0.628110
vt 0.585400 0.625560
vt 0.584950 0.625920
vt 0.939670 0.261850
vt 0.940350 0.264250
vt 0.351960 0.661780
vt 0.349060 0.664370
vt 0.587110 0.623160
vt 0.587770 0.626920
vt 0.940390 0.258750
vt 0.347730 0.667750
vt 0.269250 0.123790
vt 0.268810 0.123260
vt 0.269500 0.122600
vt 0.588000 0.622430
vt 0.590430 0.620470
vt 0.580470 0.624350
vt 0.582940 0.622690
vt 0.585300 0.620810
vt 0.588630 0.618130
vt 0.874020 0.474790
vt 0.873050 0.475840
vt 0.334550 0.111120
vt 0.334590 0.111140
vt 0.941190 0.236530
vt 0.938390 0.238340
vt 0.941440 0.239540
vt 0.269810 0.120330
vt 0.944180 0.240980
vt 0.944380 0.239410
vt 0.944540 0.236430
vt 0.946990 0.240130
vt 0.128170 0.042090
vt 0.128660 0.038980
vt 0.129230 0.038930
vt 0.734890 0.862480
vt 0.237780 0.174590
vt 0.236680 0.169760
vt 0.238740 0.174090
vt 0.626710 0.356890
vt 0.239040 0.175120
vt 0.240200 0.179140
vt 0.336440 0.142660
vt 0.330370 0.144260
vt 0.337600 0.141390
vt 0.238850 0.177700
vt 0.627220 0.354780
vt 0.237760 0.176420
vt 0.236990 0.173590
vt 0.236970 0.176390
vt 0.239890 0.180570
vt 0.238730 0.179280
vt 0.128070 0.038700
vt 0.128950 0.037740
vt 0.716620 0.054390
vt 0.715040 0.052780
vt 0.717190 0.050640
vt 0.633310 0.349680
vt 0.634560 0.347290
vt 0.628100 0.352740
vt 0.627890 0.349500
vt 0.629310 0.347720
vt 0.631860 0.345630
vt 0.625690 0.351330
vt 0.236460 0.173780
vt 0.628830 0.344300
vt 0.236370 0.174780
vt 0.623510 0.349190
vt 0.624830 0.345460
vt 0.623840 0.341770
vt 0.636070 0.344750
vt 0.637440 0.341540
vt 0.638280 0.339830
vt 0.638940 0.338490
vt 0.640380 0.335490
vt 0.633300 0.343120
vt 0.634730 0.340270
vt 0.636150 0.337240
vt 0.637500 0.334550
vt 0.630680 0.341620
vt 0.632410 0.338270
vt 0.631710 0.333830
vt 0.634310 0.334220
vt 0.626750 0.342780
vt 0.628090 0.340070
vt 0.629870 0.336910
vt 0.631140 0.333870
vt 0.681820 0.046590
vt 0.682250 0.046250
vt 0.685210 0.046670
vt 0.640630 0.334980
vt 0.638010 0.333510
vt 0.635400 0.332020
vt 0.631340 0.333430
vt 0.630130 0.329440
vt 0.684860 0.044510
vt 0.638980 0.331430
vt 0.641730 0.332610
vt 0.636340 0.330050
vt 0.633660 0.328730
vt 0.337600 0.613330
vt 0.330210 0.606810
vt 0.350100 0.626260
vt 0.351770 0.629780
vt 0.354670 0.637440
vt 0.325790 0.603580
vt 0.319840 0.600700
vt 0.322190 0.601110
vt 0.241150 0.183230
vt 0.327630 0.605680
vt 0.247690 0.188800
vt 0.245370 0.187660
vt 0.247760 0.187380
vt 0.324070 0.603120
vt 0.243050 0.186180
vt 0.241050 0.184700
vt 0.322340 0.602570
vt 0.245260 0.189220
vt 0.243090 0.188620
vt 0.241020 0.186230
vt 0.239900 0.182520
vt 0.238710 0.180610
vt 0.237840 0.179420
vt 0.237080 0.178100
vt 0.238580 0.182070
vt 0.237770 0.181400
vt 0.614830 0.351020
vt 0.619320 0.350660
vt 0.618300 0.352610
vt 0.236410 0.176960
vt 0.240020 0.185990
vt 0.238380 0.184470
vt 0.237620 0.183890
vt 0.236990 0.182560
vt 0.622280 0.352190
vt 0.620010 0.348350
vt 0.621450 0.346530
vt 0.618810 0.345150
vt 0.619780 0.342820
vt 0.620690 0.339960
vt 0.614550 0.345460
vt 0.617100 0.341260
vt 0.236430 0.180000
vt 0.235890 0.180660
vt 0.235750 0.177250
vt 0.615830 0.337750
vt 0.625320 0.338920
vt 0.626720 0.336120
vt 0.627350 0.334850
vt 0.628340 0.332820
vt 0.629070 0.331320
vt 0.622600 0.337650
vt 0.624010 0.334830
vt 0.624640 0.333560
vt 0.625600 0.331610
vt 0.626670 0.329420
vt 0.619940 0.336240
vt 0.621430 0.333200
vt 0.622970 0.330130
vt 0.623810 0.328420
vt 0.617250 0.334900
vt 0.618790 0.331890
vt 0.620340 0.328670
vt 0.620900 0.327530
vt 0.627280 0.328190
vt 0.623940 0.328440
vt 0.625200 0.326090
vt 0.349070 0.042810
vt 0.351100 0.041540
vt 0.351360 0.045420
vt 0.350660 0.041580
vt 0.347850 0.040020
vt 0.962650 0.957680
vt 0.966440 0.957030
vt 0.965730 0.959550
vt 0.873830 0.449750
vt 0.873790 0.452860
vt 0.873240 0.453080
vt 0.965950 0.955950
vt 0.630980 0.327400
vt 0.628320 0.326050
vt 0.237710 0.185600
vt 0.607390 0.347400
vt 0.611350 0.346670
vt 0.610320 0.348710
vt 0.236650 0.185210
vt 0.236170 0.183080
vt 0.612530 0.338430
vt 0.612140 0.341770
vt 0.613300 0.336650
vt 0.614420 0.333840
vt 0.616110 0.330280
vt 0.617490 0.327660
vt 0.618620 0.325390
vt 0.961450 0.958320
vt 0.961650 0.954760
vt 0.615830 0.324230
vt 0.963110 0.953990
vt 0.616590 0.322730
vt 0.618200 0.322630
vt 0.619300 0.324010
vt 0.964900 0.953050
vt 0.620040 0.322510
s 1
usemtl material0
f 7/1/1 187/2/2 2/3/3
f 7/1/1 186/4/4 187/2/2
f 11/5/5 188/6/6 7/1/1
f 7/1/1 188/6/6 186/4/4
f 11/5/5 13/7/7 188/6/6
f 226/8/8 1/9/9 2/3/3
f 1/9/9 3/10/10 2/3/3
f 2/3/3 9/11/11 7/1/1
f 2/3/3 3/10/10 9/11/11
f 4/12/12 1/9/9 227/13/13
f 1/9/9 5/14/14 3/10/10
f 1/9/9 4/12/12 5/14/14
f 3/10/10 15/15/15 9/11/11
f 3/10/10 5/14/14 15/15/15
f 4/12/12 227/13/13 6/16/16
f 6/16/16 227/13/13 228/17/17
f 4/12/12 6/16/16 5/14/14
f 5/14/14 19/18/18 15/15/15
f 5/14/14 6/16/16 19/18/18
f 4833/19/19 4834/20/20 309/21/21
f 6/16/16 4835/22/22 22/23/23
f 6/16/16 23/24/24 19/18/18
f 6/16/16 22/23/23 23/24/24
f 7/1/1 9/11/11 8/25/25
f 7/1/1 10/26/26 11/5/5
f 7/1/1 8/25/25 10/26/26
f 11/5/5 12/27/27 13/7/7
f 11/5/5 10/26/26 12/27/27
f 230/28/28 13/7/7 12/27/27
f 9/11/11 14/29/29 8/25/25
f 9/11/11 15/15/15 14/29/29
f 8/25/25 16/30/30 10/26/26
f 8/25/25 14/29/29 16/30/30
f 10/26/26 17/31/31 12/27/27
f 10/26/26 16/30/30 17/31/31
f 230/28/28 12/27/27 231/32/32
f 231/32/32 12/27/27 17/31/31
f 15/15/15 18/33/33 14/29/29
f 15/15/15 19/18/18 18/33/33
f 14/29/29 20/34/34 16/30/30
f 14/29/29 18/33/33 20/34/34
f 16/30/30 21/35/35 17/31/31
f 16/30/30 20/34/34 21/35/35
f 231/32/32 17/31/31 21/35/35
f 19/18/18 25/36/36 18/33/33
f 19/18/18 23/24/24 25/36/36
f 18/33/33 27/37/37 20/34/34
f 18/33/33 25/36/36 27/37/37
f 4836/38/35 4837/39/38 320/40/39
f 21/35/35 20/34/34 27/37/37
f 4838/41/23 309/21/21 310/42/40
f 26/43/41 4838/41/23 310/42/40
f 26/43/41 4839/44/42 4838/41/23
f 23/24/24 24/45/43 25/36/36
f 23/24/24 4840/46/44 24/45/43
f 318/47/45 4837/39/38 4841/48/46
f 27/37/37 25/36/36 24/45/43
f 4837/39/38 318/47/45 320/40/39
f 37/49/47 456/50/48 35/51/49
f 35/51/49 456/50/48 563/52/50
f 37/49/47 457/53/51 456/50/48
f 39/54/52 457/53/51 37/49/47
f 29/55/53 563/52/50 28/56/54
f 29/55/53 35/51/49 563/52/50
f 29/55/53 36/57/55 35/51/49
f 30/58/56 31/59/57 28/56/54
f 28/56/54 31/59/57 29/55/53
f 29/55/53 41/60/58 36/57/55
f 29/55/53 31/59/57 41/60/58
f 30/58/56 32/61/59 31/59/57
f 30/58/56 564/62/60 32/61/59
f 31/59/57 32/61/59 41/60/58
f 564/62/60 65/63/61 32/61/59
f 564/62/60 62/64/62 65/63/61
f 32/61/59 74/65/63 41/60/58
f 32/61/59 65/63/61 74/65/63
f 34/66/64 46/67/65 33/68/66
f 69/69/67 34/66/64 70/70/68
f 34/66/64 81/71/69 46/67/65
f 34/66/64 69/69/67 81/71/69
f 35/51/49 36/57/55 37/49/47
f 37/49/47 36/57/55 38/72/70
f 37/49/47 38/72/70 39/54/52
f 39/54/52 38/72/70 51/73/71
f 36/57/55 41/60/58 40/74/72
f 36/57/55 40/74/72 38/72/70
f 38/72/70 40/74/72 42/75/73
f 51/73/71 42/75/73 33/68/66
f 38/72/70 42/75/73 51/73/71
f 40/74/72 41/60/58 34/66/64
f 40/74/72 34/66/64 42/75/73
f 42/75/73 34/66/64 33/68/66
f 41/60/58 70/70/68 34/66/64
f 41/60/58 74/65/63 70/70/68
f 33/68/66 46/67/65 43/76/74
f 43/76/74 47/77/75 44/78/76
f 43/76/74 46/67/65 47/77/75
f 44/78/76 48/79/77 45/80/78
f 44/78/76 47/77/75 48/79/77
f 45/80/78 48/79/77 55/81/79
f 46/67/65 84/82/80 47/77/75
f 46/67/65 81/71/69 84/82/80
f 47/77/75 85/83/81 48/79/77
f 47/77/75 84/82/80 85/83/81
f 48/79/77 90/84/82 55/81/79
f 48/79/77 85/83/81 90/84/82
f 39/54/52 49/85/83 50/86/84
f 39/54/52 51/73/71 49/85/83
f 50/86/84 52/87/85 53/88/86
f 50/86/84 49/85/83 52/87/85
f 53/88/86 52/87/85 54/89/87
f 54/89/87 52/87/85 58/90/88
f 51/73/71 33/68/66 43/76/74
f 51/73/71 43/76/74 49/85/83
f 49/85/83 43/76/74 44/78/76
f 49/85/83 44/78/76 52/87/85
f 52/87/85 44/78/76 45/80/78
f 58/90/88 52/87/85 45/80/78
f 55/81/79 58/90/88 45/80/78
f 55/81/79 91/91/89 56/92/90
f 55/81/79 90/84/82 91/91/89
f 58/90/88 59/93/91 57/94/92
f 57/94/92 59/93/91 60/95/93
f 58/90/88 55/81/79 56/92/90
f 59/93/91 58/90/88 56/92/90
f 60/95/93 59/93/91 61/96/94
f 59/93/91 98/97/95 61/96/94
f 59/93/91 56/92/90 98/97/95
f 61/96/94 99/98/96 575/99/97
f 61/96/94 98/97/95 99/98/96
f 62/64/62 64/100/98 65/63/61
f 62/64/62 63/101/99 64/100/98
f 65/63/61 64/100/98 66/102/100
f 65/63/61 76/103/101 74/65/63
f 65/63/61 66/102/100 76/103/101
f 641/104/102 67/105/103 63/101/99
f 67/105/103 64/100/98 63/101/99
f 64/100/98 67/105/103 66/102/100
f 66/102/100 77/106/104 76/103/101
f 67/105/103 641/104/102 68/107/105
f 4842/108/106 78/109/105 4843/110/107
f 66/102/100 67/105/103 4844/111/105
f 107/112/108 4844/111/105 67/105/103
f 69/69/67 70/70/68 71/113/109
f 69/69/67 82/114/110 81/71/69
f 69/69/67 71/113/109 82/114/110
f 72/115/111 86/116/112 71/113/109
f 86/116/112 82/114/110 71/113/109
f 86/116/112 72/115/111 73/117/113
f 74/65/63 76/103/101 75/118/114
f 74/65/63 75/118/114 70/70/68
f 75/118/114 71/113/109 70/70/68
f 75/118/114 72/115/111 71/113/109
f 76/103/101 79/119/115 75/118/114
f 76/103/101 77/106/104 79/119/115
f 75/118/114 80/120/116 72/115/111
f 75/118/114 79/119/115 80/120/116
f 80/120/116 73/117/113 72/115/111
f 78/109/105 106/121/117 4843/110/107
f 4844/111/105 107/112/108 4845/122/117
f 77/106/104 4845/122/118 79/119/115
f 81/71/69 83/123/119 84/82/80
f 81/71/69 82/114/110 83/123/119
f 82/114/110 87/124/120 83/123/119
f 84/82/80 94/125/121 85/83/81
f 84/82/80 83/123/119 94/125/121
f 86/116/112 88/126/122 82/114/110
f 82/114/110 88/126/122 87/124/120
f 87/124/120 89/127/123 83/123/119
f 83/123/119 89/127/123 94/125/121
f 86/116/112 73/117/113 88/126/122
f 88/126/122 114/128/124 87/124/120
f 87/124/120 114/128/124 89/127/123
f 91/91/89 92/129/125 56/92/90
f 85/83/81 93/130/126 90/84/82
f 85/83/81 94/125/121 93/130/126
f 90/84/82 95/131/127 91/91/89
f 90/84/82 93/130/126 95/131/127
f 92/129/125 91/91/89 96/132/128
f 91/91/89 95/131/127 96/132/128
f 93/130/126 97/133/129 95/131/127
f 94/125/121 119/134/130 93/130/126
f 94/125/121 89/127/123 119/134/130
f 93/130/126 119/134/130 97/133/129
f 123/135/131 95/131/127 97/133/129
f 98/97/95 56/92/90 92/129/125
f 102/136/132 92/129/125 96/132/128
f 98/97/95 92/129/125 102/136/132
f 95/131/127 104/137/133 102/136/132
f 95/131/127 102/136/132 96/132/128
f 123/135/131 104/137/133 95/131/127
f 99/98/96 98/97/95 100/138/134
f 98/97/95 101/139/135 100/138/134
f 98/97/95 102/136/132 101/139/135
f 647/140/136 100/138/134 101/139/135
f 102/136/132 103/141/137 101/139/135
f 102/136/132 104/137/133 103/141/137
f 647/140/136 101/139/135 105/142/138
f 101/139/135 103/141/137 105/142/138
f 104/137/133 123/135/131 103/141/137
f 103/141/137 131/143/139 105/142/138
f 4845/122/118 108/144/140 79/119/115
f 79/119/115 109/145/141 80/120/116
f 79/119/115 108/144/140 109/145/141
f 80/120/116 112/146/142 73/117/113
f 109/145/141 112/146/142 80/120/116
f 717/147/143 4846/148/140 106/121/117
f 4846/148/140 110/149/144 4847/150/145
f 109/145/141 4848/151/146 112/146/142
f 717/147/143 111/152/147 4846/148/140
f 111/152/147 110/149/144 4846/148/140
f 137/153/148 111/152/147 719/154/149
f 112/146/142 88/126/122 73/117/113
f 4849/155/150 113/156/151 4850/157/152
f 88/126/122 112/146/142 4851/158/153
f 114/128/124 4851/158/153 89/127/123
f 89/127/123 4851/158/153 120/159/154
f 115/160/155 4851/158/153 112/146/142
f 4851/158/153 115/160/155 116/161/155
f 4851/158/153 125/162/156 120/159/154
f 4851/158/153 116/161/155 125/162/156
f 117/163/157 125/162/156 116/161/155
f 110/149/144 4852/164/155 4853/165/158
f 110/149/144 118/166/159 4852/164/155
f 110/149/144 111/152/147 118/166/159
f 4854/167/155 4852/164/155 118/166/159
f 111/152/147 137/153/148 118/166/159
f 118/166/159 137/153/148 138/168/160
f 4855/169/159 139/170/161 116/161/155
f 4855/169/159 4856/171/160 139/170/161
f 4854/167/162 142/172/163 4857/173/164
f 139/170/161 4858/174/165 116/161/155
f 89/127/123 120/159/154 119/134/130
f 119/134/130 121/175/166 97/133/129
f 97/133/129 121/175/166 122/176/167
f 123/135/131 97/133/129 122/176/167
f 120/159/154 124/177/168 119/134/130
f 120/159/154 125/162/156 124/177/168
f 119/134/130 124/177/168 121/175/166
f 126/178/169 122/176/167 121/175/166
f 125/162/156 127/179/170 124/177/168
f 125/162/156 117/163/157 127/179/170
f 128/180/171 124/177/168 127/179/170
f 4859/181/168 4860/182/171 4861/183/172
f 121/175/166 128/180/173 126/178/169
f 135/184/174 126/178/169 128/180/173
f 143/185/175 4862/186/170 4857/173/164
f 143/185/175 4857/173/164 142/172/163
f 143/185/175 4860/182/171 4862/186/170
f 146/187/176 4860/182/171 143/185/175
f 128/180/173 152/188/177 135/184/174
f 128/180/173 4863/189/176 152/188/177
f 123/135/131 129/190/178 103/141/137
f 123/135/131 122/176/167 129/190/178
f 103/141/137 130/191/179 131/143/139
f 103/141/137 129/190/178 130/191/179
f 122/176/167 132/192/180 129/190/178
f 122/176/167 126/178/169 132/192/180
f 129/190/178 133/193/181 130/191/179
f 129/190/178 132/192/180 133/193/181
f 722/194/182 130/191/179 133/193/181
f 126/178/169 134/195/183 132/192/180
f 126/178/169 135/184/174 134/195/183
f 722/194/182 133/193/181 136/196/184
f 133/193/181 132/192/180 136/196/184
f 134/195/183 154/197/185 132/192/180
f 134/195/183 135/184/174 154/197/185
f 132/192/180 155/198/186 136/196/184
f 132/192/180 154/197/185 155/198/186
f 4864/199/187 779/200/188 4865/201/148
f 4866/202/189 144/203/190 142/172/163
f 4865/201/148 779/200/188 781/204/191
f 4865/201/148 140/205/192 4856/171/160
f 4865/201/148 781/204/191 140/205/192
f 4856/171/160 141/206/193 139/170/161
f 4856/171/160 140/205/192 141/206/193
f 139/170/161 147/207/194 4867/208/195
f 139/170/161 141/206/193 147/207/194
f 4868/209/196 4869/210/197 782/211/198
f 4870/212/199 4868/209/196 782/211/198
f 142/172/163 144/203/190 143/185/175
f 143/185/175 145/213/200 146/187/176
f 4863/189/176 153/214/201 152/188/177
f 4863/189/176 4871/215/202 153/214/201
f 143/185/175 148/216/203 145/213/200
f 143/185/175 144/203/190 148/216/203
f 4871/215/202 4872/217/203 149/218/204
f 4871/215/202 149/218/204 153/214/201
f 147/207/194 150/219/36 4867/208/195
f 4867/208/195 150/219/36 4872/217/203
f 4872/217/203 151/220/205 149/218/204
f 4873/221/36 4874/222/206 783/223/207
f 4873/221/36 783/223/207 148/216/203
f 152/188/177 153/214/201 135/184/174
f 135/184/174 153/214/201 154/197/185
f 155/198/186 154/197/185 784/224/208
f 153/214/201 149/218/204 156/225/209
f 153/214/201 157/226/210 154/197/185
f 153/214/201 156/225/209 157/226/210
f 784/224/208 154/197/185 157/226/210
f 786/227/211 156/225/209 151/220/205
f 156/225/209 149/218/204 151/220/205
f 156/225/209 786/227/211 157/226/210
f 191/228/212 160/229/213 158/230/214
f 925/231/215 158/230/214 160/229/213
f 4875/232/216 923/233/217 4876/234/218
f 190/235/219 159/236/220 191/228/212
f 191/228/212 159/236/220 160/229/213
f 194/237/221 161/238/222 190/235/219
f 190/235/219 161/238/222 159/236/220
f 194/237/221 196/239/223 161/238/222
f 926/240/224 160/229/213 159/236/220
f 926/240/224 925/231/215 160/229/213
f 929/241/225 159/236/220 161/238/222
f 929/241/225 926/240/224 159/236/220
f 161/238/222 196/239/223 929/241/225
f 929/241/225 196/239/223 942/242/226
f 229/243/227 162/244/228 214/245/229
f 163/246/230 4877/247/231 4878/248/232
f 219/249/233 4877/247/231 163/246/230
f 930/250/234 219/249/233 163/246/230
f 970/251/235 219/249/233 930/250/234
f 165/252/236 166/253/237 164/254/238
f 181/255/239 182/256/240 165/252/236
f 165/252/236 182/256/240 166/253/237
f 167/257/241 168/258/242 164/254/238
f 164/254/238 169/259/243 165/252/236
f 164/254/238 168/258/242 169/259/243
f 165/252/236 187/2/2 181/255/239
f 165/252/236 169/259/243 187/2/2
f 167/257/241 226/8/8 168/258/242
f 169/259/243 226/8/8 2/3/3
f 168/258/242 226/8/8 169/259/243
f 169/259/243 2/3/3 187/2/2
f 172/260/244 173/261/245 171/262/246
f 171/262/246 173/261/245 170/263/247
f 182/256/240 191/228/212 172/260/244
f 172/260/244 191/228/212 173/261/245
f 174/264/248 175/265/249 170/263/247
f 4879/266/250 4880/267/251 4881/268/252
f 4880/267/251 4882/269/253 4881/268/252
f 171/262/246 164/254/238 166/253/237
f 171/262/246 166/253/237 172/260/244
f 172/260/244 166/253/237 182/256/240
f 174/264/248 4878/248/232 175/265/249
f 162/244/228 4883/270/254 4880/267/251
f 4880/267/251 4883/270/254 4882/269/253
f 4884/271/255 224/272/256 167/257/241
f 229/243/227 4883/270/254 162/244/228
f 176/273/257 177/274/258 170/263/247
f 176/273/257 173/261/245 158/230/214
f 170/263/247 173/261/245 176/273/257
f 158/230/214 173/261/245 191/228/212
f 174/264/248 170/263/247 177/274/258
f 174/264/248 177/274/258 178/275/259
f 4878/248/232 174/264/248 178/275/259
f 4878/248/232 178/275/259 163/246/230
f 4885/276/260 931/277/261 4886/278/262
f 4885/276/260 4876/234/218 923/233/217
f 4885/276/260 923/233/217 931/277/261
f 4887/279/263 4886/278/262 931/277/261
f 4887/279/263 931/277/261 934/280/264
f 163/246/230 178/275/259 4888/281/265
f 163/246/230 4888/281/265 930/250/234
f 179/282/266 180/283/267 181/255/239
f 181/255/239 180/283/267 182/256/240
f 183/284/268 184/285/269 179/282/266
f 179/282/266 184/285/269 180/283/267
f 183/284/268 185/286/270 184/285/269
f 181/255/239 186/4/4 179/282/266
f 181/255/239 187/2/2 186/4/4
f 179/282/266 188/6/6 183/284/268
f 179/282/266 186/4/4 188/6/6
f 183/284/268 189/287/271 185/286/270
f 183/284/268 188/6/6 189/287/271
f 185/286/270 197/288/272 199/289/273
f 185/286/270 189/287/271 197/288/272
f 188/6/6 13/7/7 189/287/271
f 233/290/274 189/287/271 13/7/7
f 197/288/272 189/287/271 233/290/274
f 180/283/267 190/235/219 182/256/240
f 182/256/240 190/235/219 191/228/212
f 184/285/269 192/291/275 180/283/267
f 180/283/267 192/291/275 190/235/219
f 184/285/269 193/292/276 192/291/275
f 184/285/269 185/286/270 193/292/276
f 200/293/277 193/292/276 185/286/270
f 199/289/273 200/293/277 185/286/270
f 190/235/219 192/291/275 194/237/221
f 195/294/278 196/239/223 194/237/221
f 192/291/275 195/294/278 194/237/221
f 193/292/276 195/294/278 192/291/275
f 205/295/279 195/294/278 193/292/276
f 200/293/277 205/295/279 193/292/276
f 942/242/226 196/239/223 195/294/278
f 961/296/280 195/294/278 205/295/279
f 961/296/280 942/242/226 195/294/278
f 197/288/272 198/297/281 199/289/273
f 198/297/281 197/288/272 232/298/282
f 232/298/282 197/288/272 233/290/274
f 202/299/283 203/300/284 4889/301/285
f 4889/301/285 203/300/284 4890/302/286
f 203/300/284 201/303/287 4890/302/286
f 4891/304/288 200/293/277 199/289/273
f 202/299/283 204/305/289 203/300/284
f 4892/306/290 202/299/283 4889/301/285
f 204/305/289 202/299/283 239/307/291
f 239/307/291 202/299/283 4892/306/290
f 200/293/277 4891/304/288 205/295/279
f 4891/304/288 206/308/292 205/295/279
f 207/309/293 206/308/292 4891/304/288
f 4893/310/294 201/303/287 203/300/284
f 203/300/284 204/305/289 4893/310/294
f 4893/310/294 204/305/289 208/311/295
f 239/307/291 208/311/295 204/305/289
f 239/307/291 247/312/296 208/311/295
f 206/308/292 961/296/280 205/295/279
f 4894/313/297 962/314/298 4895/315/299
f 4894/313/297 4893/310/294 209/316/300
f 964/317/301 4894/313/297 209/316/300
f 962/314/298 4894/313/297 964/317/301
f 208/311/295 209/316/300 4893/310/294
f 964/317/301 209/316/300 254/318/302
f 964/317/301 254/318/302 1007/319/303
f 247/312/296 254/318/302 208/311/295
f 208/311/295 254/318/302 209/316/300
f 214/245/229 213/320/304 229/243/227
f 213/320/304 210/321/305 229/243/227
f 210/321/305 4896/322/306 229/243/227
f 215/323/307 213/320/304 216/324/308
f 215/323/307 211/325/309 210/321/305
f 215/323/307 210/321/305 213/320/304
f 215/323/307 216/324/308 217/326/310
f 217/326/310 216/324/308 218/327/311
f 217/326/310 212/328/312 211/325/309
f 217/326/310 211/325/309 215/323/307
f 217/326/310 218/327/311 295/329/313
f 217/326/310 293/330/314 212/328/312
f 219/249/233 220/331/315 4897/332/316
f 4897/332/316 4877/247/231 219/249/233
f 220/331/315 4898/333/317 4897/332/316
f 221/334/318 4898/333/317 220/331/315
f 218/327/311 4899/335/319 222/336/320
f 216/324/308 4899/335/319 218/327/311
f 300/337/321 222/336/320 301/338/322
f 300/337/321 295/329/313 218/327/311
f 300/337/321 218/327/311 222/336/320
f 968/339/323 967/340/324 219/249/233
f 219/249/233 967/340/324 220/331/315
f 219/249/233 970/251/235 968/339/323
f 967/340/324 221/334/318 220/331/315
f 972/341/325 4900/342/326 4901/343/327
f 221/334/328 223/344/329 4902/345/330
f 972/341/325 4903/346/331 4900/342/326
f 1017/347/332 4904/348/333 4903/346/331
f 1017/347/332 4905/349/334 4904/348/333
f 4906/350/335 167/257/241 224/272/256
f 4906/350/335 225/351/336 167/257/241
f 225/351/336 1/9/9 226/8/8
f 167/257/241 225/351/336 226/8/8
f 4906/350/335 227/13/13 225/351/336
f 4906/350/335 4907/352/337 227/13/13
f 227/13/13 1/9/9 225/351/336
f 4907/352/337 228/17/17 227/13/13
f 4907/352/337 4908/353/312 228/17/17
f 212/328/338 306/354/339 4834/20/20
f 4908/353/340 4909/355/341 4910/356/342
f 306/354/339 309/21/21 4834/20/20
f 230/28/28 233/290/274 13/7/7
f 231/32/32 236/357/343 230/28/28
f 21/35/344 238/358/345 236/357/346
f 4836/38/347 4911/359/343 4912/360/348
f 320/40/39 319/361/349 4836/38/35
f 319/361/349 4913/362/350 4836/38/35
f 332/363/351 4913/362/350 319/361/349
f 991/364/352 4914/365/353 253/366/354
f 991/364/352 253/366/354 255/367/355
f 255/367/355 250/368/356 994/369/357
f 994/369/357 250/368/356 252/370/358
f 1043/371/359 994/369/357 252/370/358
f 233/290/274 234/372/360 232/298/282
f 233/290/274 230/28/28 234/372/360
f 4915/373/361 4911/359/343 235/374/362
f 234/372/360 230/28/28 236/357/343
f 235/374/362 4911/359/343 237/375/363
f 237/375/363 4911/359/343 4913/362/350
f 237/375/363 4913/362/350 332/363/351
f 268/376/364 333/377/365 361/378/366
f 4916/379/367 239/307/291 4892/306/290
f 4916/379/367 240/380/368 239/307/291
f 235/374/362 241/381/369 4915/373/361
f 241/381/369 242/382/370 4915/373/361
f 4917/383/371 240/380/368 4916/379/367
f 235/374/362 243/384/372 241/381/369
f 237/375/363 243/384/372 235/374/362
f 241/381/369 243/384/372 242/382/370
f 270/385/373 244/386/374 4918/387/375
f 332/363/351 243/384/372 237/375/363
f 332/363/351 338/388/376 243/384/372
f 245/389/377 340/390/378 339/391/379
f 4919/392/380 4920/393/379 4921/394/381
f 4921/394/381 4920/393/379 268/376/364
f 4920/393/379 333/377/365 268/376/364
f 247/312/296 240/380/368 246/395/382
f 247/312/296 239/307/291 240/380/368
f 246/395/382 248/396/383 249/397/384
f 4917/383/371 248/396/383 240/380/368
f 240/380/368 248/396/383 246/395/382
f 249/397/384 248/396/383 4922/398/385
f 4923/399/386 249/397/384 4922/398/385
f 4922/398/385 248/396/383 4917/383/371
f 274/400/387 251/401/388 270/385/373
f 270/385/373 251/401/388 244/386/374
f 252/370/358 250/368/356 347/402/389
f 4923/399/386 4924/403/390 4925/404/391
f 4923/399/386 4922/398/385 4924/403/390
f 251/401/388 353/405/392 245/389/377
f 245/389/377 353/405/392 340/390/378
f 245/389/377 244/386/374 251/401/388
f 4926/406/354 1007/319/303 254/318/302
f 246/395/382 4926/406/354 254/318/302
f 246/395/382 254/318/302 247/312/296
f 249/397/384 4927/407/355 246/395/382
f 246/395/382 4927/407/355 4926/406/354
f 249/397/384 4923/399/386 4927/407/355
f 1012/408/393 1008/409/394 274/400/387
f 274/400/387 1008/409/394 251/401/388
f 1009/410/395 1069/411/396 4928/412/397
f 251/401/388 4929/413/398 353/405/392
f 4928/412/397 4930/414/399 1009/410/395
f 256/415/400 257/416/401 258/417/402
f 259/418/403 260/419/404 258/417/402
f 258/417/402 260/419/404 256/415/400
f 261/420/405 262/421/406 259/418/403
f 259/418/403 262/421/406 260/419/404
f 261/420/405 263/422/407 262/421/406
f 258/417/402 257/416/401 264/423/408
f 264/423/408 257/416/401 265/424/409
f 258/417/402 266/425/410 259/418/403
f 258/417/402 264/423/408 266/425/410
f 259/418/403 267/426/411 261/420/405
f 259/418/403 266/425/410 267/426/411
f 261/420/405 282/427/412 263/422/407
f 261/420/405 267/426/411 282/427/412
f 268/376/364 361/378/366 4931/428/413
f 4932/429/414 264/423/408 265/424/409
f 4932/429/414 363/430/415 264/423/408
f 264/423/408 365/431/416 266/425/410
f 264/423/408 363/430/415 365/431/416
f 266/425/410 367/432/417 267/426/411
f 266/425/410 365/431/416 367/432/417
f 267/426/411 367/432/417 282/427/412
f 269/433/418 270/385/373 256/415/400
f 256/415/400 270/385/373 257/416/401
f 271/434/419 256/415/400 260/419/404
f 271/434/419 269/433/418 256/415/400
f 272/435/420 260/419/404 262/421/406
f 272/435/420 271/434/419 260/419/404
f 286/436/421 262/421/406 263/422/407
f 286/436/421 272/435/420 262/421/406
f 265/424/409 270/385/373 4918/387/375
f 257/416/401 270/385/373 265/424/409
f 273/437/422 274/400/387 269/433/418
f 269/433/418 274/400/387 270/385/373
f 275/438/423 4933/439/424 4934/440/425
f 275/438/423 4935/441/426 4933/439/424
f 276/442/427 271/434/419 272/435/420
f 4936/443/428 4937/444/429 4938/445/430
f 4936/443/428 4939/446/431 277/447/432
f 276/442/427 272/435/420 286/436/421
f 278/448/433 274/400/387 273/437/422
f 275/438/423 279/449/434 4935/441/426
f 4940/450/435 4941/451/436 4942/452/437
f 4936/443/428 280/453/438 4937/444/429
f 4937/444/429 280/453/438 4941/451/436
f 277/447/432 280/453/438 4936/443/428
f 1010/454/439 4943/455/440 4944/456/441
f 4945/457/442 4943/455/440 1010/454/439
f 4946/458/443 4942/452/437 4941/451/436
f 4946/458/443 4941/451/436 1014/459/444
f 4941/451/436 281/460/445 1014/459/444
f 280/453/438 281/460/445 4941/451/436
f 292/461/446 280/453/438 277/447/432
f 292/461/446 281/460/445 280/453/438
f 401/462/447 1090/463/448 4947/464/445
f 4948/465/449 401/462/447 4947/464/445
f 282/427/412 283/466/450 263/422/407
f 283/466/450 282/427/412 284/467/451
f 282/427/412 376/468/452 284/467/451
f 282/427/412 367/432/417 376/468/452
f 376/468/452 378/469/453 284/467/451
f 4949/470/454 285/471/455 4939/446/431
f 287/472/456 288/473/457 4950/474/458
f 4950/474/458 288/473/457 4949/470/454
f 288/473/457 285/471/455 4949/470/454
f 4951/475/459 287/472/456 4950/474/458
f 4951/475/459 4952/476/460 287/472/456
f 4952/476/460 288/473/457 287/472/456
f 4952/476/460 392/477/461 288/473/457
f 285/471/455 277/447/432 4939/446/431
f 289/478/462 277/447/432 290/479/463
f 290/479/463 277/447/432 288/473/457
f 277/447/432 285/471/455 288/473/457
f 291/480/464 289/478/462 290/479/463
f 290/479/463 288/473/457 291/480/464
f 288/473/457 392/477/461 291/480/464
f 289/478/462 292/461/446 277/447/432
f 291/480/464 292/461/446 289/478/462
f 291/480/464 4953/481/465 292/461/446
f 307/482/466 293/330/314 294/483/467
f 294/483/467 311/484/468 307/482/466
f 217/326/310 295/329/313 296/485/469
f 296/485/469 294/483/467 293/330/314
f 296/485/469 293/330/314 217/326/310
f 296/485/469 295/329/313 297/486/470
f 297/486/470 295/329/313 298/487/471
f 296/485/469 311/484/468 294/483/467
f 297/486/470 311/484/468 296/485/469
f 297/486/470 298/487/471 299/488/472
f 297/486/470 317/489/473 311/484/468
f 297/486/470 299/488/472 420/490/474
f 420/490/474 299/488/472 421/491/475
f 297/486/470 448/492/476 317/489/473
f 4954/493/477 4955/494/478 4956/495/479
f 300/337/321 301/338/322 302/496/480
f 302/496/480 301/338/322 303/497/481
f 302/496/480 295/329/313 300/337/321
f 302/496/480 303/497/481 304/498/482
f 304/498/482 298/487/471 295/329/313
f 304/498/482 295/329/313 302/496/480
f 305/499/483 299/488/472 298/487/471
f 305/499/483 298/487/471 304/498/482
f 428/500/484 305/499/483 429/501/485
f 428/500/484 421/491/475 299/488/472
f 428/500/484 299/488/472 305/499/483
f 1017/347/332 4957/502/486 4905/349/334
f 1016/503/487 4957/502/486 1017/347/332
f 1016/503/487 4958/504/488 4957/502/486
f 1020/505/489 4959/506/490 4960/507/491
f 4961/508/492 305/499/483 304/498/482
f 4961/508/492 429/501/485 305/499/483
f 1105/509/493 429/501/485 4961/508/492
f 4909/355/341 4962/510/466 4910/356/342
f 306/354/339 308/511/494 309/21/21
f 310/42/40 309/21/21 308/511/494
f 312/512/495 4962/510/496 4963/513/497
f 4964/514/498 306/354/339 307/482/496
f 306/354/339 313/515/499 308/511/494
f 4910/356/500 312/512/495 4965/516/501
f 308/511/494 314/517/502 310/42/40
f 308/511/494 313/515/499 314/517/502
f 324/518/503 26/43/41 310/42/40
f 314/517/502 324/518/503 310/42/40
f 312/512/495 4963/513/497 315/519/504
f 312/512/495 316/520/505 4965/516/501
f 4965/516/501 316/520/505 4966/521/502
f 312/512/495 315/519/504 316/520/505
f 316/520/505 440/522/506 4966/521/502
f 314/517/502 450/523/507 324/518/503
f 314/517/502 4967/524/508 450/523/507
f 317/489/473 4968/525/509 311/484/468
f 4956/495/479 315/519/504 4969/526/510
f 319/361/349 320/40/39 318/47/45
f 321/527/511 319/361/349 318/47/45
f 332/363/351 321/527/511 322/528/512
f 332/363/351 319/361/349 321/527/511
f 323/529/513 24/45/43 4840/46/44
f 4970/530/514 26/43/41 324/518/503
f 4971/531/515 318/47/45 4841/48/46
f 325/532/516 318/47/45 4971/531/515
f 4972/533/517 4973/534/518 4974/535/519
f 324/518/503 326/536/520 4970/530/514
f 4974/535/521 4970/530/514 326/536/520
f 4975/537/522 4976/538/523 4977/539/524
f 322/528/512 336/540/525 332/363/351
f 325/532/519 327/541/526 321/527/511
f 327/541/526 328/542/527 321/527/511
f 321/527/511 328/542/527 322/528/512
f 328/542/527 336/540/525 322/528/512
f 4978/543/528 329/544/529 325/532/519
f 329/544/529 327/541/526 325/532/519
f 330/545/530 4979/546/531 4980/547/532
f 328/542/527 327/541/526 331/548/533
f 331/548/533 327/541/526 4981/549/534
f 4982/550/535 458/551/536 4978/543/528
f 458/551/536 329/544/529 4978/543/528
f 462/552/537 329/544/529 458/551/536
f 4983/553/538 4984/554/539 4985/555/540
f 349/556/541 252/370/358 347/402/389
f 331/548/533 357/557/542 354/558/543
f 331/548/533 354/558/543 328/542/527
f 462/552/544 467/559/545 4981/549/534
f 357/557/542 331/548/533 4981/549/534
f 467/559/545 357/557/542 4981/549/534
f 484/560/546 4986/561/547 4987/562/548
f 252/370/358 349/556/541 359/563/549
f 1045/564/550 252/370/358 359/563/549
f 1043/371/359 252/370/358 1045/564/550
f 1045/564/550 359/563/549 360/565/551
f 1045/564/550 360/565/551 1048/566/552
f 1072/567/553 1048/566/552 360/565/551
f 361/378/366 333/377/365 334/568/554
f 336/540/525 337/569/555 332/363/351
f 337/569/555 338/388/376 332/363/351
f 339/391/379 340/390/378 341/570/556
f 341/570/556 340/390/378 342/571/557
f 4988/572/558 334/568/554 333/377/365
f 4988/572/558 333/377/365 4920/393/379
f 336/540/525 328/542/527 337/569/555
f 343/573/559 4988/572/558 4989/574/560
f 343/573/559 344/575/561 4988/572/558
f 344/575/561 335/576/562 334/568/554
f 344/575/561 334/568/554 4988/572/558
f 343/573/559 346/577/563 344/575/561
f 4990/578/564 345/579/565 4991/580/566
f 344/575/561 374/581/567 335/576/562
f 4991/580/566 4992/582/568 4993/583/569
f 345/579/565 479/584/570 4991/580/566
f 345/579/565 476/585/571 479/584/570
f 346/577/572 490/586/573 374/581/574
f 4991/580/566 479/584/570 4994/587/575
f 4924/403/390 4995/588/576 4925/404/391
f 4995/588/576 348/589/577 4925/404/391
f 4996/590/578 349/556/541 347/402/389
f 348/589/577 4995/588/576 350/591/579
f 351/592/580 352/593/581 4997/594/582
f 4998/595/583 4999/596/584 5000/597/585
f 353/405/392 352/593/581 351/592/580
f 342/571/557 353/405/392 351/592/580
f 340/390/378 353/405/392 342/571/557
f 5001/598/586 337/569/555 328/542/527
f 354/558/543 5001/598/586 328/542/527
f 355/599/587 5001/598/586 354/558/543
f 351/592/580 5002/600/587 4990/578/564
f 4997/594/582 5002/600/587 351/592/580
f 5003/601/588 343/573/559 4989/574/560
f 354/558/543 356/602/589 355/599/587
f 354/558/543 357/557/542 356/602/589
f 5004/603/590 345/579/565 4990/578/564
f 5004/603/590 4990/578/564 5002/600/587
f 4986/561/547 483/604/591 5004/603/590
f 4986/561/547 484/560/546 483/604/591
f 483/604/591 476/585/571 345/579/565
f 483/604/591 345/579/565 5004/603/590
f 348/589/592 358/605/593 5005/606/594
f 349/556/541 5006/607/595 359/563/549
f 5007/608/596 5000/597/585 1066/609/597
f 5000/597/585 1067/610/598 1066/609/597
f 5000/597/585 4999/596/584 1067/610/598
f 352/593/581 353/405/392 4929/413/398
f 4999/596/584 1069/411/396 1067/610/598
f 5006/607/595 1073/611/599 1072/567/553
f 360/565/551 5006/607/595 1072/567/553
f 359/563/549 5006/607/595 360/565/551
f 1073/611/599 5006/607/595 5008/612/597
f 361/378/366 362/613/600 5009/614/601
f 361/378/366 334/568/554 362/613/600
f 363/430/415 364/615/602 365/431/416
f 363/430/415 5010/616/603 364/615/602
f 365/431/416 366/617/604 367/432/417
f 365/431/416 364/615/602 366/617/604
f 367/432/417 366/617/604 377/618/605
f 334/568/554 368/619/606 362/613/600
f 334/568/554 335/576/562 368/619/606
f 362/613/600 369/620/607 5011/621/608
f 362/613/600 368/619/606 369/620/607
f 364/615/602 370/622/609 366/617/604
f 364/615/602 5012/623/610 370/622/609
f 366/617/604 382/624/611 377/618/605
f 366/617/604 370/622/609 382/624/611
f 368/619/606 335/576/562 371/625/612
f 372/626/613 368/619/606 371/625/612
f 372/626/613 369/620/607 368/619/606
f 369/620/607 373/627/614 5013/628/615
f 369/620/607 372/626/613 373/627/614
f 370/622/609 388/629/616 382/624/611
f 5013/628/615 373/627/614 5014/630/617
f 485/631/618 5014/630/617 373/627/614
f 371/625/612 335/576/562 374/581/567
f 374/581/567 492/632/619 371/625/612
f 4992/582/620 4994/587/621 5015/633/622
f 495/634/623 372/626/613 371/625/612
f 492/632/619 495/634/623 371/625/612
f 497/635/624 373/627/614 372/626/613
f 497/635/624 372/626/613 495/634/623
f 497/635/624 485/631/618 373/627/614
f 1090/463/448 401/462/447 402/636/625
f 402/636/625 404/637/626 407/638/627
f 367/432/417 375/639/628 376/468/452
f 367/432/417 377/618/605 375/639/628
f 378/469/453 376/468/452 379/640/629
f 376/468/452 380/641/630 379/640/629
f 376/468/452 375/639/628 380/641/630
f 377/618/605 381/642/631 375/639/628
f 377/618/605 382/624/611 381/642/631
f 375/639/628 383/643/632 380/641/630
f 375/639/628 381/642/631 383/643/632
f 379/640/629 380/641/630 384/644/633
f 380/641/630 385/645/634 384/644/633
f 380/641/630 383/643/632 385/645/634
f 385/645/634 386/646/635 384/644/633
f 382/624/611 387/647/636 381/642/631
f 5016/648/637 5014/630/617 5017/649/638
f 381/642/631 389/650/639 383/643/632
f 381/642/631 387/647/636 389/650/639
f 383/643/632 390/651/640 385/645/634
f 383/643/632 389/650/639 390/651/640
f 386/646/635 385/645/634 412/652/641
f 385/645/634 410/653/642 412/652/641
f 385/645/634 390/651/640 410/653/642
f 5014/630/617 505/654/643 5017/649/638
f 5014/630/617 485/631/618 505/654/643
f 387/647/636 5018/655/643 389/650/639
f 389/650/639 509/656/644 390/651/640
f 390/651/640 518/657/645 410/653/642
f 390/651/640 509/656/644 518/657/645
f 391/658/646 392/477/461 4952/476/460
f 5019/659/647 378/469/453 379/640/629
f 5019/659/647 379/640/629 393/660/648
f 394/661/649 393/660/648 379/640/629
f 394/661/649 379/640/629 384/644/633
f 414/662/650 415/663/651 5020/664/652
f 415/663/651 5021/665/653 5020/664/652
f 415/663/651 5022/666/654 5021/665/653
f 5023/667/655 414/662/650 5020/664/652
f 392/477/461 391/658/646 395/668/656
f 396/669/657 392/477/461 395/668/656
f 291/480/464 392/477/461 396/669/657
f 5024/670/658 395/668/656 391/658/646
f 397/671/659 396/669/657 395/668/656
f 397/671/659 395/668/656 5024/670/658
f 5022/666/654 397/671/659 5024/670/658
f 398/672/660 397/671/659 5022/666/654
f 398/672/660 415/663/651 417/673/661
f 398/672/660 5022/666/654 415/663/651
f 398/672/660 417/673/661 418/674/662
f 398/672/660 418/674/662 399/675/663
f 400/676/664 4953/481/465 291/480/464
f 402/636/625 401/462/447 5025/677/664
f 396/669/657 400/676/664 291/480/464
f 403/678/665 402/636/625 5025/677/664
f 404/637/626 402/636/625 403/678/665
f 397/671/659 405/679/666 396/669/657
f 405/679/666 400/676/664 396/669/657
f 405/679/666 5026/680/667 400/676/664
f 397/671/659 398/672/660 405/679/666
f 406/681/668 404/637/626 403/678/665
f 407/638/627 404/637/626 406/681/668
f 408/682/669 5026/680/667 405/679/666
f 406/681/668 403/678/665 5027/683/670
f 409/684/671 405/679/666 398/672/660
f 408/682/669 405/679/666 409/684/671
f 399/675/663 409/684/671 398/672/660
f 407/638/627 406/681/668 1101/685/672
f 1101/685/672 406/681/668 5027/683/670
f 1101/685/672 5027/683/670 1102/686/673
f 5027/683/670 517/687/674 1102/686/673
f 5028/688/671 517/687/674 5027/683/670
f 399/675/663 5029/689/675 409/684/671
f 410/653/642 411/690/676 412/652/641
f 5030/691/677 5031/692/678 413/693/679
f 5031/692/678 520/694/680 413/693/679
f 5031/692/678 5032/695/681 520/694/680
f 5023/667/655 5033/696/682 414/662/650
f 5033/696/682 416/697/683 414/662/650
f 416/697/683 5033/696/682 5034/698/684
f 416/697/683 5034/698/684 530/699/685
f 414/662/650 417/673/661 415/663/651
f 416/697/683 418/674/662 414/662/650
f 414/662/650 418/674/662 417/673/661
f 535/700/686 399/675/663 416/697/683
f 399/675/663 418/674/662 416/697/683
f 530/699/685 535/700/686 416/697/683
f 559/701/687 419/702/688 548/703/689
f 420/490/474 421/491/475 422/704/690
f 4955/494/478 5035/705/691 4956/495/479
f 5035/705/691 5036/706/475 423/707/692
f 423/707/692 5036/706/475 424/708/693
f 5035/705/691 449/709/9 4956/495/479
f 5035/705/691 423/707/692 449/709/9
f 423/707/692 424/708/693 425/710/694
f 5037/711/695 5038/712/696 426/713/697
f 449/709/9 425/710/694 419/702/688
f 423/707/692 425/710/694 449/709/9
f 427/714/698 5037/711/695 426/713/697
f 427/714/698 5039/715/699 5037/711/695
f 548/703/689 419/702/688 425/710/694
f 428/500/484 429/501/485 430/716/700
f 430/716/700 429/501/485 431/717/701
f 430/716/700 421/491/475 428/500/484
f 430/716/700 431/717/701 432/718/702
f 430/716/700 5038/712/696 421/491/475
f 430/716/700 432/718/702 426/713/697
f 426/713/697 432/718/702 433/719/703
f 426/713/697 5038/712/696 430/716/700
f 433/719/703 434/720/704 426/713/697
f 434/720/704 427/714/698 426/713/697
f 1105/509/493 431/717/701 429/501/485
f 1104/721/705 431/717/701 1105/509/493
f 1108/722/706 1109/723/707 435/724/708
f 1104/721/705 1108/722/706 435/724/708
f 432/718/702 1104/721/705 435/724/708
f 431/717/701 1104/721/705 432/718/702
f 435/724/708 1109/723/707 436/725/709
f 436/725/709 1109/723/707 1110/726/710
f 436/725/709 433/719/703 432/718/702
f 436/725/709 432/718/702 435/724/708
f 436/725/709 1110/726/710 434/720/704
f 1110/726/710 1194/727/711 434/720/704
f 436/725/709 434/720/704 433/719/703
f 437/728/712 438/729/713 315/519/504
f 438/729/713 316/520/505 315/519/504
f 5040/730/714 439/731/715 4967/524/508
f 316/520/505 438/729/713 5041/732/716
f 450/523/507 4967/524/508 439/731/715
f 441/733/717 438/729/713 437/728/712
f 441/733/717 442/734/718 438/729/713
f 438/729/713 443/735/719 5041/732/716
f 438/729/713 442/734/718 443/735/719
f 444/736/720 5041/732/716 443/735/719
f 419/702/688 445/737/721 441/733/717
f 441/733/717 445/737/721 442/734/718
f 442/734/718 446/738/722 443/735/719
f 442/734/718 445/737/721 446/738/722
f 443/735/719 453/739/723 444/736/720
f 443/735/719 446/738/722 453/739/723
f 419/702/688 559/701/687 445/737/721
f 445/737/721 559/701/687 562/740/724
f 445/737/721 563/52/50 446/738/722
f 445/737/721 562/740/724 563/52/50
f 446/738/722 563/52/50 453/739/723
f 4956/495/479 447/741/725 315/519/504
f 447/741/725 437/728/712 315/519/504
f 5041/732/716 459/742/726 4977/539/524
f 447/741/725 449/709/9 441/733/717
f 4956/495/479 449/709/9 447/741/725
f 447/741/725 441/733/717 437/728/712
f 444/736/720 459/742/726 5041/732/716
f 449/709/9 419/702/688 441/733/717
f 451/743/727 452/744/728 453/739/723
f 453/739/723 452/744/728 444/736/720
f 451/743/727 454/745/729 452/744/728
f 453/739/723 563/52/50 456/50/48
f 453/739/723 456/50/48 451/743/727
f 451/743/727 456/50/48 457/53/51
f 451/743/727 457/53/51 454/745/729
f 454/745/729 457/53/51 455/746/730
f 455/746/730 457/53/51 39/54/52
f 455/746/730 39/54/52 471/747/731
f 5042/748/732 458/551/536 4982/550/535
f 460/749/733 5043/750/734 459/742/726
f 462/552/735 5044/751/736 461/752/737
f 5045/753/738 5043/750/734 460/749/733
f 459/742/726 463/754/739 460/749/733
f 459/742/726 444/736/720 463/754/739
f 460/749/733 464/755/740 5046/756/741
f 460/749/733 463/754/739 464/755/740
f 465/757/742 466/758/743 464/755/740
f 464/755/740 466/758/743 5046/756/741
f 481/759/744 480/760/745 465/757/742
f 465/757/742 480/760/745 466/758/743
f 444/736/720 452/744/728 463/754/739
f 463/754/739 452/744/728 454/745/729
f 463/754/739 454/745/729 464/755/740
f 464/755/740 454/745/729 455/746/730
f 464/755/740 455/746/730 465/757/742
f 465/757/742 455/746/730 471/747/731
f 465/757/742 471/747/731 481/759/744
f 4987/562/548 5045/753/746 5046/756/741
f 468/761/747 4987/562/548 5046/756/741
f 4987/562/548 482/762/748 484/560/546
f 4987/562/548 468/761/747 482/762/748
f 5046/756/741 466/758/743 468/761/747
f 468/761/747 466/758/743 480/760/745
f 468/761/747 480/760/745 482/762/748
f 469/763/749 470/764/750 471/747/731
f 469/763/749 472/765/751 470/764/750
f 473/766/752 474/767/753 469/763/749
f 469/763/749 474/767/753 472/765/751
f 473/766/752 487/768/754 474/767/753
f 471/747/731 39/54/52 50/86/84
f 471/747/731 50/86/84 469/763/749
f 469/763/749 50/86/84 53/88/86
f 469/763/749 53/88/86 54/89/87
f 469/763/749 54/89/87 473/766/752
f 565/769/755 473/766/752 54/89/87
f 487/768/754 473/766/752 565/769/755
f 475/770/756 477/771/757 476/585/571
f 476/585/571 478/772/758 479/584/570
f 476/585/571 477/771/757 478/772/758
f 479/584/570 493/773/759 4994/587/575
f 479/584/570 478/772/758 493/773/759
f 480/760/745 481/759/744 475/770/756
f 481/759/744 470/764/750 475/770/756
f 475/770/756 472/765/751 477/771/757
f 475/770/756 470/764/750 472/765/751
f 477/771/757 474/767/753 478/772/758
f 477/771/757 472/765/751 474/767/753
f 478/772/758 499/774/760 493/773/759
f 478/772/758 474/767/753 499/774/760
f 481/759/744 471/747/731 470/764/750
f 474/767/753 487/768/754 499/774/760
f 483/604/591 482/762/748 475/770/756
f 484/560/546 482/762/748 483/604/591
f 483/604/591 475/770/756 476/585/571
f 482/762/748 480/760/745 475/770/756
f 506/775/761 485/631/618 486/776/561
f 487/768/754 566/777/762 488/778/763
f 487/768/754 565/769/755 566/777/762
f 566/777/762 489/779/764 488/778/763
f 490/586/765 491/780/766 492/632/767
f 4994/587/575 493/773/759 5047/781/768
f 492/632/619 494/782/769 495/634/623
f 5015/633/770 5047/781/768 5048/783/771
f 495/634/623 496/784/772 497/635/624
f 495/634/623 494/782/769 496/784/772
f 496/784/772 486/776/561 485/631/618
f 496/784/772 485/631/618 497/635/624
f 493/773/759 498/785/773 5047/781/768
f 493/773/759 499/774/760 498/785/773
f 5047/781/768 500/786/774 5048/783/771
f 5047/781/768 498/785/773 500/786/774
f 5048/783/771 501/787/775 5049/788/776
f 5048/783/771 500/786/774 501/787/775
f 5050/789/777 486/776/561 496/784/772
f 499/774/760 487/768/754 488/778/763
f 498/785/773 499/774/760 488/778/763
f 498/785/773 502/790/778 500/786/774
f 498/785/773 488/778/763 502/790/778
f 500/786/774 503/791/779 501/787/775
f 500/786/774 502/790/778 503/791/779
f 5050/789/777 516/792/780 486/776/561
f 501/787/775 503/791/779 5051/793/781
f 488/778/763 489/779/764 502/790/778
f 502/790/778 489/779/764 568/794/782
f 503/791/779 502/790/778 568/794/782
f 503/791/779 576/795/783 5051/793/781
f 503/791/779 568/794/782 576/795/783
f 5052/796/618 504/797/784 5018/655/643
f 5052/796/618 5053/798/785 504/797/784
f 5018/655/643 507/799/786 389/650/639
f 5018/655/643 504/797/784 507/799/786
f 389/650/639 508/800/787 509/656/644
f 389/650/639 507/799/786 508/800/787
f 509/656/644 521/801/788 518/657/645
f 509/656/644 508/800/787 521/801/788
f 510/802/789 5053/798/785 5054/803/561
f 510/802/789 504/797/784 5053/798/785
f 504/797/784 511/804/790 507/799/786
f 504/797/784 510/802/789 511/804/790
f 507/799/786 512/805/791 508/800/787
f 507/799/786 511/804/790 512/805/791
f 508/800/787 524/806/792 521/801/788
f 508/800/787 512/805/791 524/806/792
f 510/802/789 5054/803/561 513/807/793
f 510/802/789 514/808/794 511/804/790
f 510/802/789 513/807/793 514/808/794
f 511/804/790 515/809/795 512/805/791
f 511/804/790 514/808/794 515/809/795
f 512/805/791 527/810/796 524/806/792
f 512/805/791 515/809/795 527/810/796
f 5055/811/794 5056/812/797 5057/813/795
f 516/792/780 5056/812/798 486/776/561
f 516/792/780 578/814/799 5056/812/798
f 576/795/783 5058/815/800 5051/793/781
f 580/816/801 5057/813/795 5056/812/797
f 5059/817/802 513/807/803 5058/815/800
f 582/818/804 5057/813/795 580/816/801
f 589/819/805 527/810/796 515/809/795
f 5060/820/806 5057/813/795 582/818/804
f 1171/821/807 1102/686/673 517/687/674
f 5029/689/675 537/822/808 5061/823/809
f 399/675/663 537/822/808 5029/689/675
f 5061/823/809 537/822/808 544/824/810
f 5032/695/681 519/825/811 520/694/680
f 518/657/645 521/801/788 5062/826/812
f 413/693/679 520/694/680 522/827/813
f 522/827/813 520/694/680 519/825/811
f 521/801/788 523/828/814 5062/826/812
f 521/801/788 524/806/792 523/828/814
f 522/827/813 519/825/811 525/829/815
f 525/829/815 519/825/811 5063/830/816
f 524/806/792 526/831/817 523/828/814
f 524/806/792 527/810/796 526/831/817
f 525/829/815 5063/830/816 5064/832/818
f 589/819/805 588/833/819 527/810/796
f 588/833/819 526/831/817 527/810/796
f 526/831/817 593/834/820 528/835/821
f 526/831/817 588/833/819 593/834/820
f 595/836/822 529/837/823 593/834/820
f 593/834/820 529/837/823 528/835/821
f 595/836/822 596/838/824 529/837/823
f 5065/839/825 530/699/685 5034/698/684
f 5065/839/825 531/840/826 530/699/685
f 5066/841/827 531/840/826 5065/839/825
f 525/829/828 532/842/829 5067/843/830
f 5068/844/831 526/831/817 533/845/832
f 5069/846/833 526/831/817 5068/844/831
f 528/835/821 533/845/832 526/831/817
f 528/835/821 534/847/834 533/845/832
f 529/837/823 534/847/834 528/835/821
f 614/848/835 547/849/836 596/838/824
f 547/849/836 529/837/823 596/838/824
f 547/849/836 534/847/834 529/837/823
f 399/675/663 535/700/686 536/850/837
f 399/675/663 536/850/837 537/822/808
f 531/840/826 536/850/837 530/699/685
f 530/699/685 536/850/837 535/700/686
f 537/822/808 536/850/837 538/851/838
f 537/822/808 538/851/838 539/852/839
f 5070/853/831 538/851/838 531/840/826
f 531/840/826 538/851/838 536/850/837
f 540/854/840 539/852/839 538/851/838
f 541/855/841 540/854/840 5071/856/842
f 540/854/840 538/851/838 5071/856/842
f 538/851/838 5070/853/831 5071/856/842
f 542/857/843 541/855/841 5071/856/842
f 5072/858/844 542/857/843 5071/856/842
f 543/859/845 542/857/843 5072/858/844
f 604/860/846 543/859/845 618/861/847
f 543/859/845 5073/862/848 618/861/847
f 543/859/845 5072/858/844 5073/862/848
f 539/852/839 544/824/810 537/822/808
f 540/854/840 545/863/849 539/852/839
f 545/863/849 544/824/810 539/852/839
f 5074/864/850 546/865/851 5075/866/852
f 541/855/841 545/863/849 540/854/840
f 546/865/851 605/867/853 1181/868/854
f 5074/864/850 605/867/853 546/865/851
f 542/857/843 606/869/855 541/855/841
f 606/869/855 545/863/849 541/855/841
f 606/869/855 5076/870/856 545/863/849
f 543/859/845 608/871/857 542/857/843
f 542/857/843 608/871/857 606/869/855
f 604/860/846 608/871/857 543/859/845
f 1194/727/711 1182/872/858 558/873/859
f 558/873/859 1182/872/858 557/874/860
f 557/874/860 1182/872/858 1184/875/861
f 549/876/862 559/701/687 548/703/689
f 549/876/862 561/877/863 559/701/687
f 550/878/864 549/876/862 551/879/865
f 549/876/862 550/878/864 561/877/863
f 550/878/864 564/62/60 561/877/863
f 550/878/864 551/879/865 628/880/866
f 628/880/866 551/879/865 629/881/867
f 550/878/864 640/882/868 564/62/60
f 550/878/864 628/880/866 640/882/868
f 552/883/869 5077/884/870 5039/715/699
f 427/714/698 552/883/869 5039/715/699
f 553/885/871 552/883/869 554/886/872
f 5078/887/873 551/879/865 549/876/862
f 553/885/871 5077/884/870 552/883/869
f 553/885/871 554/886/872 5079/888/865
f 5079/888/865 554/886/872 555/889/874
f 555/889/874 5080/890/875 5079/888/865
f 434/720/704 552/883/869 427/714/698
f 554/886/872 434/720/704 556/891/876
f 554/886/872 552/883/869 434/720/704
f 554/886/872 556/891/876 555/889/874
f 555/889/874 556/891/876 557/874/860
f 556/891/876 1194/727/711 558/873/859
f 434/720/704 1194/727/711 556/891/876
f 557/874/860 556/891/876 558/873/859
f 559/701/687 561/877/863 560/892/877
f 562/740/724 560/892/877 28/56/54
f 559/701/687 560/892/877 562/740/724
f 562/740/724 28/56/54 563/52/50
f 560/892/877 561/877/863 30/58/56
f 560/892/877 30/58/56 28/56/54
f 564/62/60 30/58/56 561/877/863
f 640/882/868 62/64/62 564/62/60
f 58/90/88 565/769/755 54/89/87
f 565/769/755 58/90/88 57/94/92
f 565/769/755 57/94/92 566/777/762
f 567/893/878 566/777/762 57/94/92
f 489/779/764 566/777/762 567/893/878
f 489/779/764 569/894/879 568/794/782
f 489/779/764 567/893/878 569/894/879
f 569/894/879 570/895/880 568/794/782
f 60/95/93 567/893/878 57/94/92
f 569/894/879 567/893/878 60/95/93
f 569/894/879 572/896/881 570/895/880
f 569/894/879 60/95/93 572/896/881
f 574/897/882 60/95/93 61/96/94
f 572/896/881 60/95/93 574/897/882
f 575/99/97 574/897/882 61/96/94
f 568/794/782 570/895/880 576/795/783
f 571/898/883 570/895/880 572/896/881
f 571/898/883 572/896/881 573/899/884
f 573/899/884 572/896/881 574/897/882
f 99/98/96 573/899/884 575/99/97
f 573/899/884 574/897/882 575/99/97
f 577/900/885 576/795/783 570/895/880
f 5058/815/800 576/795/783 577/900/885
f 5058/815/800 579/901/886 5059/817/802
f 5058/815/800 577/900/885 579/901/886
f 580/816/801 581/902/887 582/818/804
f 5059/817/802 579/901/886 5081/903/888
f 5082/904/889 591/905/890 589/819/805
f 582/818/804 581/902/887 5083/906/891
f 571/898/883 583/907/892 577/900/885
f 571/898/883 577/900/885 570/895/880
f 577/900/885 584/908/893 579/901/886
f 577/900/885 583/907/892 584/908/893
f 579/901/886 585/909/894 5081/903/888
f 579/901/886 584/908/893 585/909/894
f 5081/903/888 597/910/895 591/905/890
f 5081/903/888 585/909/894 597/910/895
f 573/899/884 583/907/892 571/898/883
f 583/907/892 586/911/896 584/908/893
f 583/907/892 573/899/884 586/911/896
f 584/908/893 587/912/897 585/909/894
f 584/908/893 586/911/896 587/912/897
f 585/909/894 601/913/898 597/910/895
f 585/909/894 587/912/897 601/913/898
f 586/911/896 573/899/884 644/914/899
f 586/911/896 650/915/900 587/912/897
f 586/911/896 644/914/899 650/915/900
f 587/912/897 663/916/901 601/913/898
f 587/912/897 650/915/900 663/916/901
f 588/833/819 589/819/805 590/917/902
f 590/917/902 589/819/805 591/905/890
f 588/833/819 592/918/903 593/834/820
f 588/833/819 590/917/902 592/918/903
f 593/834/820 594/919/904 595/836/822
f 593/834/820 592/918/903 594/919/904
f 596/838/824 595/836/822 610/920/905
f 595/836/822 609/921/906 610/920/905
f 595/836/822 594/919/904 609/921/906
f 590/917/902 591/905/890 597/910/895
f 590/917/902 598/922/907 592/918/903
f 592/918/903 599/923/908 594/919/904
f 592/918/903 598/922/907 599/923/908
f 594/919/904 612/924/909 609/921/906
f 594/919/904 599/923/908 612/924/909
f 590/917/902 597/910/895 600/925/910
f 600/925/910 597/910/895 601/913/898
f 590/917/902 602/926/911 598/922/907
f 590/917/902 600/925/910 602/926/911
f 598/922/907 603/927/912 599/923/908
f 598/922/907 602/926/911 603/927/912
f 599/923/908 613/928/913 612/924/909
f 599/923/908 603/927/912 613/928/913
f 600/925/910 601/913/898 652/929/914
f 600/925/910 652/929/914 602/926/911
f 602/926/911 655/930/915 603/927/912
f 602/926/911 652/929/914 655/930/915
f 603/927/912 665/931/916 613/928/913
f 603/927/912 655/930/915 665/931/916
f 610/920/905 614/848/835 596/838/824
f 663/916/901 652/929/914 601/913/898
f 619/932/917 604/860/846 618/861/847
f 1223/933/918 1181/868/854 605/867/853
f 5084/934/919 5076/870/856 606/869/855
f 5084/934/919 606/869/855 1226/935/920
f 606/869/855 607/936/921 1226/935/920
f 608/871/857 607/936/921 606/869/855
f 619/932/917 608/871/857 604/860/846
f 5085/937/922 5086/938/923 5087/939/924
f 623/940/925 1232/941/926 607/936/927
f 5085/937/922 5088/942/928 5086/938/923
f 5089/943/929 5088/942/928 624/944/930
f 610/920/905 609/921/906 611/945/931
f 611/945/931 609/921/906 612/924/909
f 611/945/931 612/924/909 613/928/913
f 664/946/932 613/928/913 665/931/916
f 610/920/905 547/849/836 614/848/835
f 5090/947/933 615/948/934 5073/862/848
f 5091/949/935 5092/950/936 5093/951/937
f 5091/949/935 616/952/938 5092/950/936
f 5094/953/939 616/952/938 5091/949/935
f 5094/953/939 617/954/940 616/952/938
f 664/946/932 675/955/941 5095/956/940
f 613/928/913 664/946/932 5095/956/940
f 5096/957/942 676/958/943 617/954/944
f 618/861/847 5073/862/848 619/932/917
f 5073/862/848 620/959/945 619/932/917
f 5073/862/848 615/948/934 620/959/945
f 5097/960/946 620/959/945 615/948/934
f 5097/960/946 621/961/947 620/959/945
f 617/954/940 5098/962/948 616/952/938
f 617/954/940 622/963/949 5098/962/948
f 5099/964/950 5100/965/951 684/966/952
f 5101/967/953 5102/968/954 5095/956/955
f 5103/969/956 5088/942/928 5104/970/957
f 5104/970/957 5088/942/928 5085/937/922
f 5105/971/958 624/944/930 5103/969/956
f 5103/969/956 624/944/930 5088/942/928
f 5105/971/958 688/972/959 624/944/930
f 1184/875/861 625/973/960 557/874/860
f 1238/974/961 625/973/960 1184/875/861
f 1238/974/961 626/975/962 625/973/960
f 1239/976/963 626/975/962 1238/974/961
f 1239/976/963 627/977/964 626/975/962
f 1241/978/965 627/977/964 1239/976/963
f 627/977/964 1284/979/966 704/980/967
f 627/977/964 1241/978/965 1284/979/966
f 628/880/866 629/881/867 630/981/968
f 630/981/968 629/881/867 631/982/969
f 628/880/866 630/981/968 640/882/868
f 630/981/968 631/982/969 632/983/970
f 5106/984/971 5107/985/972 633/986/973
f 630/981/968 632/983/970 640/882/868
f 5106/984/971 633/986/973 642/987/974
f 692/988/975 642/987/974 633/986/973
f 555/889/874 5107/985/972 5080/890/875
f 555/889/874 634/989/976 5107/985/972
f 635/990/977 634/989/976 636/991/978
f 634/989/976 637/992/979 5107/985/972
f 634/989/976 635/990/977 637/992/979
f 637/992/979 633/986/973 5107/985/972
f 635/990/977 636/991/978 638/993/980
f 635/990/977 639/994/981 637/992/979
f 635/990/977 638/993/980 639/994/981
f 639/994/981 633/986/973 637/992/979
f 694/995/982 696/996/983 638/993/980
f 696/996/983 639/994/981 638/993/980
f 639/994/981 698/997/984 633/986/973
f 696/996/983 698/997/984 639/994/981
f 698/997/984 692/988/975 633/986/973
f 625/973/960 634/989/976 555/889/874
f 625/973/960 555/889/874 557/874/860
f 626/975/962 636/991/978 634/989/976
f 626/975/962 634/989/976 625/973/960
f 627/977/964 638/993/980 636/991/978
f 627/977/964 636/991/978 626/975/962
f 627/977/964 699/998/985 694/995/982
f 627/977/964 694/995/982 638/993/980
f 704/980/967 699/998/985 627/977/964
f 640/882/868 63/101/99 62/64/62
f 640/882/868 641/104/102 63/101/99
f 632/983/970 641/104/102 640/882/868
f 5106/984/971 642/987/974 5108/999/986
f 5108/999/986 708/1000/987 5109/1001/105
f 642/987/974 708/1000/987 5108/999/986
f 710/1002/988 5110/1003/989 5109/1001/105
f 5111/1004/988 68/107/105 5112/1005/990
f 710/1002/988 5113/1006/991 5110/1003/989
f 643/1007/992 644/914/899 100/138/134
f 644/914/899 573/899/884 100/138/134
f 573/899/884 99/98/96 100/138/134
f 645/1008/993 646/1009/994 643/1007/992
f 643/1007/992 646/1009/994 644/914/899
f 645/1008/993 651/1010/995 646/1009/994
f 647/140/136 643/1007/992 100/138/134
f 643/1007/992 648/1011/996 645/1008/993
f 643/1007/992 647/140/136 648/1011/996
f 645/1008/993 656/1012/997 651/1010/995
f 645/1008/993 648/1011/996 656/1012/997
f 649/1013/998 647/140/136 105/142/138
f 648/1011/996 647/140/136 649/1013/998
f 648/1011/996 660/1014/999 656/1012/997
f 648/1011/996 649/1013/998 660/1014/999
f 131/143/139 721/1015/1000 649/1013/998
f 131/143/139 649/1013/998 105/142/138
f 649/1013/998 724/1016/1001 660/1014/999
f 649/1013/998 721/1015/1000 724/1016/1001
f 644/914/899 646/1009/994 650/915/900
f 650/915/900 646/1009/994 651/1010/995
f 650/915/900 651/1010/995 663/916/901
f 651/1010/995 653/1017/1002 652/929/914
f 652/929/914 653/1017/1002 654/1018/1003
f 652/929/914 654/1018/1003 655/930/915
f 655/930/915 667/1019/1004 665/931/916
f 655/930/915 654/1018/1003 667/1019/1004
f 651/1010/995 656/1012/997 653/1017/1002
f 653/1017/1002 657/1020/1005 654/1018/1003
f 654/1018/1003 657/1020/1005 658/1021/1006
f 654/1018/1003 669/1022/1007 667/1019/1004
f 654/1018/1003 658/1021/1006 669/1022/1007
f 656/1012/997 659/1023/1008 653/1017/1002
f 656/1012/997 660/1014/999 659/1023/1008
f 653/1017/1002 661/1024/1009 657/1020/1005
f 653/1017/1002 659/1023/1008 661/1024/1009
f 657/1020/1005 662/1025/1010 658/1021/1006
f 657/1020/1005 661/1024/1009 662/1025/1010
f 658/1021/1006 672/1026/1011 669/1022/1007
f 658/1021/1006 662/1025/1010 672/1026/1011
f 660/1014/999 726/1027/1012 659/1023/1008
f 660/1014/999 724/1016/1001 726/1027/1012
f 659/1023/1008 729/1028/504 661/1024/1009
f 659/1023/1008 726/1027/1012 729/1028/504
f 661/1024/1009 731/1029/1013 662/1025/1010
f 661/1024/1009 729/1028/504 731/1029/1013
f 5114/1030/1014 740/1031/1015 5115/1032/1016
f 5114/1030/1014 5116/1033/1013 740/1031/1015
f 663/916/901 651/1010/995 652/929/914
f 664/946/932 665/931/916 666/1034/1017
f 665/931/916 667/1019/1004 666/1034/1017
f 667/1019/1004 668/1035/1018 666/1034/1017
f 667/1019/1004 669/1022/1007 668/1035/1018
f 670/1036/1019 5117/1037/1020 5118/1038/1021
f 669/1022/1007 671/1039/1022 668/1035/1018
f 669/1022/1007 672/1026/1011 671/1039/1022
f 670/1036/1019 5118/1038/1021 673/1040/1023
f 673/1040/1023 5118/1038/1021 5119/1041/1024
f 5120/1042/1025 5121/1043/1026 674/1044/1027
f 5119/1041/1028 5115/1032/1016 740/1031/1015
f 5120/1042/1025 674/1044/1027 5122/1045/1029
f 666/1034/1017 675/955/941 664/946/932
f 5123/1046/1030 676/958/943 5096/957/942
f 5124/1047/1031 677/1048/1032 5125/1049/1033
f 5126/1050/1034 678/1051/1035 679/1052/1036
f 677/1048/1032 5126/1050/1034 679/1052/1036
f 5124/1047/1031 5126/1050/1034 677/1048/1032
f 678/1051/1035 680/1053/1037 679/1052/1036
f 5122/1045/1029 681/1054/1038 5127/1055/1039
f 5122/1045/1029 5127/1055/1039 5128/1056/1040
f 5129/1057/1041 5127/1055/1039 682/1058/1042
f 682/1058/1042 5127/1055/1039 681/1054/1038
f 681/1054/1038 5122/1045/1029 674/1044/1027
f 745/1059/1043 681/1054/1038 674/1044/1027
f 682/1058/1042 681/1054/1038 746/1060/1044
f 746/1060/1044 681/1054/1038 745/1059/1043
f 683/1061/1045 5099/964/950 684/966/952
f 684/966/952 5125/1049/1033 683/1061/1045
f 5125/1049/1033 685/1062/1046 683/1061/1045
f 5125/1049/1033 677/1048/1032 685/1062/1046
f 685/1062/1046 677/1048/1032 679/1052/1036
f 679/1052/1036 680/1053/1037 685/1062/1046
f 5130/1063/1047 5131/1064/1048 5132/1065/1049
f 5133/1066/1050 686/1067/1051 685/1062/1052
f 746/1060/1044 5134/1068/1053 682/1058/1042
f 746/1060/1044 750/1069/1054 5134/1068/1053
f 683/1061/1045 687/1070/1055 5099/964/950
f 687/1070/1055 5135/1071/1056 5099/964/950
f 5136/1072/1057 689/1073/1058 688/972/1059
f 685/1062/1046 687/1070/1055 683/1061/1045
f 690/1074/1060 1278/1075/1061 1279/1076/1062
f 5137/1077/1063 690/1074/1060 1279/1076/1062
f 5136/1072/1057 5138/1078/1064 689/1073/1058
f 5131/1064/1065 5138/1078/1064 5136/1072/1057
f 691/1079/1066 1282/1080/1067 5139/1081/1068
f 5131/1064/1065 5140/1082/1066 5138/1078/1064
f 5141/1083/1069 5140/1082/1066 5131/1064/1065
f 1282/1080/1067 691/1079/1066 754/1084/1070
f 5142/1085/1071 5143/1086/1072 5141/1083/1073
f 686/1067/1074 754/1084/1070 691/1079/1066
f 704/980/967 1284/979/966 703/1087/1075
f 642/987/974 692/988/975 693/1088/1076
f 694/995/982 695/1089/1077 696/996/983
f 697/1090/1078 696/996/983 695/1089/1077
f 697/1090/1078 698/997/984 696/996/983
f 697/1090/1078 693/1088/1076 692/988/975
f 697/1090/1078 692/988/975 698/997/984
f 697/1090/1078 716/1091/1079 693/1088/1076
f 695/1089/1077 716/1091/1079 697/1090/1078
f 694/995/982 699/998/985 700/1092/1080
f 700/1092/1080 695/1089/1077 694/995/982
f 700/1092/1080 701/1093/1081 695/1089/1077
f 701/1093/1081 716/1091/1079 695/1089/1077
f 701/1093/1081 764/1094/1082 716/1091/1079
f 702/1095/1083 764/1094/1082 701/1093/1081
f 703/1087/1075 700/1092/1080 699/998/985
f 703/1087/1075 699/998/985 704/980/967
f 703/1087/1075 705/1096/1084 700/1092/1080
f 705/1096/1084 703/1087/1075 706/1097/1085
f 705/1096/1084 701/1093/1081 700/1092/1080
f 706/1097/1085 701/1093/1081 705/1096/1084
f 1334/1098/1086 757/1099/1087 706/1097/1085
f 757/1099/1087 701/1093/1081 706/1097/1085
f 757/1099/1087 702/1095/1083 701/1093/1081
f 642/987/974 707/1100/1088 708/1000/987
f 708/1000/987 709/1101/1089 710/1002/988
f 708/1000/987 707/1100/1088 709/1101/1089
f 710/1002/988 709/1101/1089 5113/1006/991
f 711/1102/1090 642/987/974 693/1088/1076
f 642/987/974 711/1102/1090 707/1100/1088
f 707/1100/1088 712/1103/1091 709/1101/1089
f 707/1100/1088 711/1102/1090 713/1104/1092
f 714/1105/1093 707/1100/1088 713/1104/1092
f 714/1105/1093 712/1103/1091 707/1100/1088
f 712/1103/1091 714/1105/1093 718/1106/1094
f 713/1104/1092 715/1107/1095 714/1105/1093
f 715/1107/1095 718/1106/1094 714/1105/1093
f 716/1091/1079 711/1102/1090 693/1088/1076
f 759/1108/1096 711/1102/1090 716/1091/1079
f 711/1102/1090 761/1109/1097 713/1104/1092
f 711/1102/1090 759/1108/1096 761/1109/1097
f 761/1109/1097 715/1107/1095 713/1104/1092
f 764/1094/1082 759/1108/1096 716/1091/1079
f 709/1101/1089 106/121/117 5113/1006/991
f 709/1101/1089 717/147/143 106/121/117
f 712/1103/1091 717/147/143 709/1101/1089
f 712/1103/1091 718/1106/1094 717/147/143
f 718/1106/1094 111/152/147 717/147/143
f 718/1106/1094 715/1107/1095 770/1110/1098
f 718/1106/1094 772/1111/1099 111/152/147
f 718/1106/1094 770/1110/1098 772/1111/1099
f 772/1111/1099 719/154/149 111/152/147
f 130/191/179 720/1112/1100 721/1015/1000
f 130/191/179 721/1015/1000 131/143/139
f 721/1015/1000 727/1113/1101 724/1016/1001
f 721/1015/1000 720/1112/1100 727/1113/1101
f 722/194/182 723/1114/1102 720/1112/1100
f 722/194/182 720/1112/1100 130/191/179
f 720/1112/1100 733/1115/1103 727/1113/1101
f 720/1112/1100 723/1114/1102 733/1115/1103
f 136/196/184 723/1114/1102 722/194/182
f 736/1116/1104 723/1114/1102 136/196/184
f 733/1115/1103 723/1114/1102 736/1116/1104
f 155/198/186 736/1116/1104 136/196/184
f 724/1016/1001 725/1117/1105 726/1027/1012
f 724/1016/1001 727/1113/1101 725/1117/1105
f 726/1027/1012 728/1118/1106 729/1028/504
f 726/1027/1012 725/1117/1105 728/1118/1106
f 729/1028/504 730/1119/1107 731/1029/1013
f 729/1028/504 728/1118/1106 730/1119/1107
f 5116/1033/1013 742/1120/1108 740/1031/1015
f 731/1029/1013 730/1119/1107 5144/1121/1109
f 727/1113/1101 732/1122/1110 725/1117/1105
f 727/1113/1101 733/1115/1103 732/1122/1110
f 734/1123/1111 728/1118/1106 732/1122/1110
f 728/1118/1106 725/1117/1105 732/1122/1110
f 735/1124/1112 5145/1125/1113 5146/1126/1114
f 735/1124/1112 5147/1127/1107 5145/1125/1113
f 741/1128/1115 5148/1129/1116 5149/1130/1117
f 742/1120/1118 5147/1127/1107 735/1124/1112
f 737/1131/1119 732/1122/1110 733/1115/1103
f 736/1116/1104 791/1132/1120 733/1115/1103
f 736/1116/1104 155/198/186 791/1132/1120
f 737/1131/1119 733/1115/1103 793/1133/1121
f 793/1133/1121 733/1115/1103 791/1132/1120
f 735/1124/1122 747/1134/1123 5150/1135/1124
f 737/1131/1119 734/1123/1111 732/1122/1110
f 738/1136/1125 735/1124/1112 5146/1126/1114
f 737/1131/1119 5151/1137/1126 734/1123/1111
f 5152/1138/1127 739/1139/1128 5149/1130/1129
f 5153/1140/1130 747/1134/1123 735/1124/1122
f 793/1133/1121 797/1141/1131 737/1131/1119
f 737/1131/1119 799/1142/1132 5151/1137/1126
f 737/1131/1119 797/1141/1131 799/1142/1132
f 739/1139/1128 5152/1138/1127 800/1143/1133
f 800/1143/1133 5152/1138/1127 5154/1144/1134
f 800/1143/1133 812/1145/1135 739/1139/1128
f 674/1044/1027 5121/1043/1026 741/1128/1115
f 741/1128/1115 5121/1043/1026 5148/1129/1116
f 5150/1135/1124 743/1146/1136 5155/1147/1137
f 745/1059/1043 5156/1148/1138 744/1149/1139
f 745/1059/1043 674/1044/1027 5156/1148/1138
f 745/1059/1043 744/1149/1139 746/1060/1044
f 747/1134/1123 743/1146/1136 5150/1135/1124
f 748/1150/1140 5156/1148/1138 5157/1151/1141
f 744/1149/1139 5156/1148/1138 748/1150/1140
f 5157/1151/1141 739/1139/1142 748/1150/1140
f 749/1152/1143 746/1060/1044 744/1149/1139
f 749/1152/1143 750/1069/1054 746/1060/1044
f 748/1150/1140 751/1153/1144 744/1149/1139
f 744/1149/1139 751/1153/1144 749/1152/1143
f 752/1154/1145 5158/1155/1146 5153/1140/1147
f 5159/1156/1148 753/1157/1149 748/1150/1140
f 753/1157/1149 751/1153/1144 748/1150/1140
f 5153/1140/1147 5160/1158/1150 752/1154/1145
f 753/1157/1149 5159/1156/1148 815/1159/1151
f 815/1159/1151 5159/1156/1148 812/1145/1135
f 5143/1086/1072 755/1160/1152 1319/1161/1153
f 5161/1162/1154 755/1160/1152 5142/1085/1071
f 5142/1085/1071 755/1160/1152 5143/1086/1072
f 1319/1161/1153 755/1160/1152 5162/1163/1155
f 1320/1164/1156 1319/1161/1153 5162/1163/1155
f 5162/1163/1155 755/1160/1152 5161/1162/1154
f 5163/1165/1157 1320/1164/1156 5162/1163/1155
f 753/1157/1149 1322/1166/1158 5164/1167/1159
f 815/1159/1151 1322/1166/1158 753/1157/1149
f 815/1159/1151 1354/1168/1160 1322/1166/1158
f 756/1169/1161 764/1094/1082 702/1095/1083
f 1334/1098/1086 758/1170/1162 757/1099/1087
f 757/1099/1087 758/1170/1162 702/1095/1083
f 758/1170/1162 756/1169/1161 702/1095/1083
f 1336/1171/1163 768/1172/1164 756/1169/1161
f 758/1170/1162 1336/1171/1163 756/1169/1161
f 1336/1171/1163 1343/1173/1165 768/1172/1164
f 760/1174/1166 761/1109/1097 759/1108/1096
f 760/1174/1166 715/1107/1095 761/1109/1097
f 762/1175/1167 715/1107/1095 760/1174/1166
f 764/1094/1082 763/1176/1168 759/1108/1096
f 756/1169/1161 763/1176/1168 764/1094/1082
f 763/1176/1168 760/1174/1166 759/1108/1096
f 763/1176/1168 765/1177/1169 760/1174/1166
f 762/1175/1167 760/1174/1166 765/1177/1169
f 765/1177/1169 763/1176/1168 766/1178/1170
f 766/1178/1170 762/1175/1167 765/1177/1169
f 766/1178/1170 778/1179/1171 762/1175/1167
f 767/1180/1172 778/1179/1171 766/1178/1170
f 768/1172/1164 763/1176/1168 756/1169/1161
f 1343/1173/1165 769/1181/1173 763/1176/1168
f 768/1172/1164 1343/1173/1165 763/1176/1168
f 766/1178/1170 763/1176/1168 769/1181/1173
f 1343/1173/1165 1344/1182/1174 769/1181/1173
f 818/1183/1175 769/1181/1173 1344/1182/1174
f 818/1183/1175 766/1178/1170 769/1181/1173
f 818/1183/1175 767/1180/1172 766/1178/1170
f 770/1110/1098 715/1107/1095 771/1184/1176
f 772/1111/1099 770/1110/1098 771/1184/1176
f 772/1111/1099 773/1185/1177 719/154/149
f 773/1185/1177 5165/1186/1178 719/154/149
f 771/1184/1176 774/1187/1179 772/1111/1099
f 773/1185/1177 772/1111/1099 774/1187/1179
f 773/1185/1177 780/1188/1180 5165/1186/1178
f 774/1187/1179 775/1189/1181 773/1185/1177
f 775/1189/1181 780/1188/1180 773/1185/1177
f 715/1107/1095 762/1175/1167 771/1184/1176
f 776/1190/1182 771/1184/1176 762/1175/1167
f 771/1184/1176 777/1191/1183 774/1187/1179
f 771/1184/1176 776/1190/1182 777/1191/1183
f 777/1191/1183 775/1189/1181 774/1187/1179
f 820/1192/1184 777/1191/1183 776/1190/1182
f 778/1179/1171 776/1190/1182 762/1175/1167
f 778/1179/1171 825/1193/1185 776/1190/1182
f 767/1180/1172 825/1193/1185 778/1179/1171
f 825/1193/1185 820/1192/1184 776/1190/1182
f 780/1188/1180 4869/210/197 5165/1186/1178
f 775/1189/1181 4869/210/197 780/1188/1180
f 832/1194/1186 4869/210/197 775/1189/1181
f 4869/210/197 833/1195/1187 782/211/198
f 4869/210/197 832/1194/1186 833/1195/1187
f 833/1195/1187 4870/212/199 782/211/198
f 839/1196/1188 4874/222/206 4870/212/199
f 839/1196/1188 4870/212/199 833/1195/1187
f 783/223/207 4874/222/206 839/1196/1188
f 843/1197/1189 151/220/205 4872/217/203
f 843/1197/1189 4872/217/203 5166/1198/207
f 792/1199/1190 155/198/186 784/224/208
f 157/226/210 785/1200/1191 784/224/208
f 784/224/208 795/1201/1192 792/1199/1190
f 784/224/208 785/1200/1191 795/1201/1192
f 787/1202/1193 157/226/210 786/227/211
f 5167/1203/1194 5168/1204/1195 5169/1205/1196
f 788/1206/1197 785/1200/1191 787/1202/1198
f 785/1200/1191 796/1207/1199 795/1201/1192
f 785/1200/1191 788/1206/1197 796/1207/1199
f 843/1197/1189 786/227/211 151/220/205
f 853/1208/1200 786/227/211 843/1197/1189
f 5170/1209/1201 855/1210/1202 5167/1203/1203
f 786/227/211 853/1208/1200 5171/1211/1204
f 5172/1212/1205 5173/1213/1206 789/1214/1207
f 5172/1212/1205 5174/1215/1208 5173/1213/1206
f 5175/1216/1209 5176/1217/1210 5177/1218/1211
f 869/1219/1212 796/1207/1213 5178/1220/1214
f 155/198/186 790/1221/1215 791/1132/1120
f 155/198/186 792/1199/1190 790/1221/1215
f 793/1133/1121 791/1132/1120 790/1221/1215
f 5179/1222/1216 5180/1223/1217 794/1224/1218
f 790/1221/1215 792/1199/1190 795/1201/1192
f 5181/1225/1219 795/1201/1192 796/1207/1199
f 790/1221/1215 797/1141/1131 793/1133/1121
f 5154/1144/1134 5182/1226/1220 798/1227/1221
f 5154/1144/1134 798/1227/1221 800/1143/1133
f 5181/1225/1219 801/1228/1222 790/1221/1223
f 5183/1229/1224 5182/1226/1225 5179/1222/1226
f 802/1230/1227 797/1141/1228 801/1228/1229
f 798/1227/1221 5182/1226/1220 5184/1231/1230
f 5185/1232/1199 803/1233/1231 5183/1229/1224
f 796/1207/1199 801/1228/1222 5181/1225/1219
f 5184/1231/1230 803/1233/1231 804/1234/1232
f 5184/1231/1230 5183/1229/1224 803/1233/1231
f 5184/1231/1230 804/1234/1232 798/1227/1221
f 5186/1235/1233 805/1236/1234 5185/1232/1235
f 5187/1237/1236 5188/1238/1237 5177/1218/1238
f 803/1233/1231 805/1236/1239 804/1234/1232
f 812/1145/1135 800/1143/1133 798/1227/1221
f 814/1239/1240 812/1145/1135 798/1227/1221
f 814/1239/1240 806/1240/1241 807/1241/1242
f 814/1239/1240 798/1227/1221 806/1240/1241
f 5189/1242/1243 5190/1243/1244 5191/1244/1245
f 808/1245/1246 5189/1242/1243 5191/1244/1245
f 807/1241/1242 806/1240/1241 809/1246/1247
f 809/1246/1247 806/1240/1241 5192/1247/1248
f 874/1248/1249 5191/1244/1250 5193/1249/1251
f 810/1250/1252 5192/1247/1248 875/1251/1253
f 5192/1247/1248 5194/1252/1254 875/1251/1253
f 5192/1247/1248 804/1234/1232 5194/1252/1254
f 5192/1247/1248 810/1250/1252 809/1246/1247
f 807/1241/1242 816/1253/1255 814/1239/1240
f 809/1246/1247 817/1254/1256 816/1253/1255
f 809/1246/1247 816/1253/1255 807/1241/1242
f 810/1250/1252 1384/1255/1257 809/1246/1247
f 1384/1255/1257 1358/1256/1258 809/1246/1247
f 1358/1256/1258 817/1254/1256 809/1246/1247
f 811/1257/1259 812/1145/1135 813/1258/1260
f 812/1145/1135 814/1239/1240 813/1258/1260
f 812/1145/1135 811/1257/1259 815/1159/1151
f 1352/1259/1261 811/1257/1259 813/1258/1260
f 815/1159/1151 811/1257/1259 1354/1168/1160
f 1354/1168/1160 811/1257/1259 1352/1259/1261
f 816/1253/1255 1355/1260/1262 814/1239/1240
f 1355/1260/1262 813/1258/1260 814/1239/1240
f 1355/1260/1262 1352/1259/1261 813/1258/1260
f 1355/1260/1262 816/1253/1255 817/1254/1256
f 1344/1182/1174 1375/1261/1263 818/1183/1175
f 819/1262/1264 818/1183/1175 1375/1261/1263
f 819/1262/1264 767/1180/1172 818/1183/1175
f 819/1262/1264 823/1263/1265 767/1180/1172
f 829/1264/1266 823/1263/1265 819/1262/1264
f 821/1265/1267 777/1191/1183 820/1192/1184
f 777/1191/1183 836/1266/1268 775/1189/1181
f 777/1191/1183 821/1265/1267 836/1266/1268
f 822/1267/1269 836/1266/1268 821/1265/1267
f 823/1263/1265 824/1268/1270 767/1180/1172
f 824/1268/1270 825/1193/1185 767/1180/1172
f 825/1193/1185 826/1269/1271 820/1192/1184
f 824/1268/1270 826/1269/1271 825/1193/1185
f 826/1269/1271 821/1265/1267 820/1192/1184
f 826/1269/1271 822/1267/1269 821/1265/1267
f 824/1268/1270 827/1270/1272 826/1269/1271
f 828/1271/1273 826/1269/1271 827/1270/1272
f 828/1271/1273 822/1267/1269 826/1269/1271
f 886/1272/1274 822/1267/1269 828/1271/1273
f 829/1264/1266 824/1268/1270 823/1263/1265
f 1380/1273/1275 830/1274/1276 829/1264/1266
f 829/1264/1266 827/1270/1272 824/1268/1270
f 830/1274/1276 827/1270/1272 829/1264/1266
f 830/1274/1276 828/1271/1273 827/1270/1272
f 775/1189/1181 831/1275/1277 832/1194/1186
f 831/1275/1277 833/1195/1187 832/1194/1186
f 833/1195/1187 831/1275/1277 834/1276/1278
f 833/1195/1187 834/1276/1278 839/1196/1188
f 831/1275/1277 835/1277/1279 834/1276/1278
f 845/1278/1280 834/1276/1278 835/1277/1279
f 845/1278/1280 839/1196/1188 834/1276/1278
f 836/1266/1268 831/1275/1277 775/1189/1181
f 837/1279/1281 835/1277/1279 831/1275/1277
f 836/1266/1268 837/1279/1281 831/1275/1277
f 836/1266/1268 838/1280/1282 837/1279/1281
f 836/1266/1268 822/1267/1269 838/1280/1282
f 837/1279/1281 838/1280/1282 835/1277/1279
f 849/1281/1283 845/1278/1280 835/1277/1279
f 883/1282/1284 835/1277/1279 838/1280/1282
f 5195/1283/1285 893/1284/1283 5196/1285/1283
f 5195/1283/1285 5197/1286/1284 893/1284/1283
f 838/1280/1282 822/1267/1269 886/1272/1274
f 839/1196/1188 840/1287/1286 783/223/207
f 5166/1198/207 5198/1288/1286 841/1289/1287
f 5166/1198/207 842/1290/1288 843/1197/1189
f 5166/1198/207 841/1289/1287 842/1290/1288
f 5199/1291/1188 844/1292/1289 5198/1288/1286
f 5199/1291/1188 5200/1293/1280 844/1292/1289
f 5198/1288/1286 846/1294/1290 841/1289/1287
f 5198/1288/1286 844/1292/1289 846/1294/1290
f 841/1289/1287 847/1295/1291 842/1290/1288
f 841/1289/1287 846/1294/1290 847/1295/1291
f 856/1296/1292 5201/1297/1293 5202/1298/1294
f 5203/1299/1295 5204/1300/1296 848/1301/1297
f 844/1292/1289 5205/1302/1298 846/1294/1290
f 5206/1303/1299 848/1301/1300 5202/1298/1294
f 848/1301/1297 5204/1300/1296 5207/1304/1283
f 850/1305/1301 5202/1298/1294 848/1301/1300
f 851/1306/1302 5202/1298/1294 850/1305/1301
f 851/1306/1302 856/1296/1292 5202/1298/1294
f 5196/1285/1283 894/1307/1303 5205/1302/1304
f 5196/1285/1283 893/1284/1283 894/1307/1303
f 5205/1302/1304 894/1307/1303 5208/1308/1301
f 850/1305/1301 896/1309/1305 851/1306/1302
f 850/1305/1301 5209/1310/1303 896/1309/1305
f 851/1306/1302 896/1309/1305 904/1311/1306
f 5210/1312/1307 852/1313/1308 5211/1314/1309
f 5210/1312/1307 5201/1297/1293 852/1313/1308
f 855/1210/1310 852/1313/1308 854/1315/1311
f 855/1210/1310 5211/1314/1309 852/1313/1308
f 5173/1213/1206 5212/1316/1312 789/1214/1207
f 5201/1297/1293 856/1296/1292 852/1313/1308
f 852/1313/1308 856/1296/1292 854/1315/1311
f 857/1317/1313 5176/1217/1314 854/1315/1311
f 858/1318/1315 5178/1220/1316 5213/1319/1317
f 5176/1217/1318 871/1320/1319 5214/1321/1320
f 5176/1217/1318 5215/1322/1321 871/1320/1319
f 859/1323/1322 854/1315/1311 856/1296/1292
f 859/1323/1322 857/1317/1313 854/1315/1311
f 860/1324/1323 857/1317/1313 859/1323/1322
f 5215/1322/1321 860/1324/1323 861/1325/1324
f 5215/1322/1321 857/1317/1313 860/1324/1323
f 5215/1322/1321 861/1325/1324 871/1320/1319
f 856/1296/1292 862/1326/1325 859/1323/1322
f 856/1296/1292 851/1306/1302 862/1326/1325
f 863/1327/1315 860/1324/1323 862/1326/1325
f 860/1324/1323 859/1323/1322 862/1326/1325
f 860/1324/1323 863/1327/1315 861/1325/1324
f 862/1326/1325 904/1311/1306 864/1328/1326
f 862/1326/1325 851/1306/1302 904/1311/1306
f 877/1329/1327 871/1320/1319 861/1325/1324
f 862/1326/1325 865/1330/1328 863/1327/1315
f 865/1330/1328 861/1325/1324 863/1327/1315
f 866/1331/1329 861/1325/1324 865/1330/1328
f 5216/1332/1330 5217/1333/1331 867/1334/1332
f 877/1329/1327 861/1325/1324 866/1331/1329
f 865/1330/1328 862/1326/1325 864/1328/1326
f 907/1335/1333 865/1330/1328 864/1328/1326
f 5217/1333/1331 5218/1336/1334 868/1337/1335
f 866/1331/1329 865/1330/1328 907/1335/1333
f 5217/1333/1331 868/1337/1335 867/1334/1332
f 909/1338/1336 5219/1339/1337 5220/1340/1338
f 917/1341/1339 5219/1339/1337 909/1338/1336
f 805/1236/1234 5186/1235/1233 870/1342/1340
f 870/1342/1340 5186/1235/1233 5221/1343/1341
f 5222/1344/1342 872/1345/1343 5223/1346/1344
f 5223/1346/1344 873/1347/1345 5224/1348/1346
f 5223/1346/1344 872/1345/1343 873/1347/1345
f 875/1251/1253 5194/1252/1254 876/1349/1347
f 876/1349/1347 5194/1252/1254 5225/1350/1348
f 5216/1332/1330 878/1351/1349 5221/1343/1341
f 5221/1343/1341 878/1351/1349 870/1342/1340
f 5226/1352/1350 5227/1353/1351 5228/1354/1352
f 872/1345/1343 5229/1355/1353 873/1347/1345
f 5225/1350/1348 878/1351/1354 879/1356/1355
f 5225/1350/1348 879/1356/1355 876/1349/1347
f 5216/1332/1330 867/1334/1332 878/1351/1349
f 1381/1357/1356 1382/1358/1357 810/1250/1252
f 875/1251/1253 1381/1357/1356 810/1250/1252
f 876/1349/1347 1381/1357/1356 875/1251/1253
f 810/1250/1252 1382/1358/1357 1384/1255/1257
f 880/1359/1358 879/1356/1355 878/1351/1354
f 880/1359/1358 1386/1360/1359 879/1356/1355
f 1386/1360/1359 876/1349/1347 879/1356/1355
f 1386/1360/1359 1381/1357/1356 876/1349/1347
f 881/1361/1360 5229/1355/1361 5219/1339/1362
f 1388/1362/1363 880/1359/1358 1389/1363/1364
f 880/1359/1358 5230/1364/1365 1389/1363/1364
f 880/1359/1358 878/1351/1354 5230/1364/1365
f 880/1359/1358 1388/1362/1363 1386/1360/1359
f 5219/1339/1362 915/1365/1366 881/1361/1360
f 867/1334/1337 5231/1366/1367 5232/1367/1368
f 1389/1363/1364 5230/1364/1365 1438/1368/1369
f 1438/1368/1369 5230/1364/1365 5232/1367/1368
f 828/1271/1273 884/1369/1370 886/1272/1274
f 1422/1370/1275 882/1371/1371 830/1274/1276
f 882/1371/1371 828/1271/1273 830/1274/1276
f 882/1371/1371 884/1369/1370 828/1271/1273
f 892/1372/1372 884/1369/1370 882/1371/1371
f 885/1373/1373 886/1272/1274 884/1369/1370
f 5233/1374/1374 887/1375/1375 5234/1376/1282
f 5235/1377/1374 5236/1378/1376 5237/1379/1375
f 5237/1379/1377 5197/1286/1284 5238/1380/1282
f 893/1284/1283 5197/1286/1284 5237/1379/1377
f 887/1375/1375 5239/1381/1373 888/1382/1378
f 5237/1379/1377 897/1383/1379 893/1284/1283
f 5240/1384/1281 889/1385/1380 5237/1379/1377
f 889/1385/1380 897/1383/1379 5237/1379/1377
f 891/1386/1381 885/1373/1373 884/1369/1370
f 892/1372/1372 891/1386/1381 884/1369/1370
f 5241/1387/1281 885/1373/1373 891/1386/1381
f 890/1388/1375 5242/1389/1382 888/1382/1281
f 892/1372/1372 1426/1390/1383 891/1386/1381
f 918/1391/1384 891/1386/1381 1426/1390/1383
f 918/1391/1384 5241/1387/1281 891/1386/1381
f 5240/1384/1385 919/1392/1386 5243/1393/1375
f 5240/1384/1385 5244/1394/1384 919/1392/1386
f 920/1395/1387 889/1385/1388 5243/1393/1375
f 919/1392/1386 920/1395/1387 5243/1393/1375
f 5209/1310/1303 5245/1396/1389 895/1397/1390
f 5209/1310/1303 895/1397/1390 896/1309/1305
f 893/1284/1283 897/1383/1379 5246/1398/1390
f 5246/1398/1390 897/1383/1379 898/1399/1391
f 895/1397/1390 899/1400/1392 896/1309/1305
f 5246/1398/1390 898/1399/1391 5247/1401/1393
f 896/1309/1305 908/1402/1394 904/1311/1306
f 896/1309/1305 899/1400/1392 908/1402/1394
f 897/1383/1379 889/1385/1380 900/1403/1395
f 5248/1404/1391 5249/1405/1395 901/1406/1396
f 898/1399/1391 897/1383/1379 900/1403/1395
f 898/1399/1391 5250/1407/1396 5247/1401/1393
f 5249/1405/1395 5242/1389/1397 902/1408/1398
f 900/1403/1395 5251/1409/1398 5250/1407/1396
f 903/1410/1399 5247/1401/1393 5250/1407/1396
f 913/1411/1400 908/1402/1394 899/1400/1392
f 913/1411/1400 899/1400/1392 5252/1412/1401
f 902/1408/1398 5242/1389/1397 5253/1413/1402
f 921/1414/1403 901/1406/1396 902/1408/1398
f 901/1406/1396 922/1415/1404 5252/1412/1401
f 901/1406/1396 921/1414/1403 922/1415/1404
f 913/1411/1400 922/1415/1404 1433/1416/1405
f 913/1411/1400 5252/1412/1401 922/1415/1404
f 905/1417/1406 864/1328/1326 904/1311/1306
f 5218/1336/1334 5254/1418/1407 906/1419/1408
f 907/1335/1333 864/1328/1326 905/1417/1406
f 5218/1336/1334 906/1419/1408 868/1337/1335
f 905/1417/1406 904/1311/1306 908/1402/1394
f 909/1338/1336 5220/1340/1338 5255/1420/1409
f 910/1421/1410 909/1338/1336 5255/1420/1409
f 909/1338/1336 916/1422/1411 917/1341/1339
f 909/1338/1336 910/1421/1410 916/1422/1411
f 908/1402/1394 911/1423/1412 905/1417/1406
f 5256/1424/1413 906/1419/1408 5254/1418/1407
f 912/1425/1414 906/1419/1408 5256/1424/1413
f 1429/1426/1415 5257/1427/1416 1428/1428/1417
f 5257/1427/1416 912/1425/1414 1428/1428/1417
f 910/1421/1410 5255/1420/1409 5258/1429/1418
f 910/1421/1410 5259/1430/1419 916/1422/1411
f 5260/1431/1420 1429/1426/1415 1443/1432/1421
f 913/1411/1400 911/1423/1412 908/1402/1394
f 914/1433/1422 911/1423/1412 913/1411/1400
f 912/1425/1414 5256/1424/1413 5261/1434/1423
f 913/1411/1400 1433/1416/1405 914/1433/1422
f 1438/1368/1369 5232/1367/1368 1436/1435/1424
f 5232/1367/1368 5260/1431/1420 1436/1435/1424
f 5232/1367/1368 5231/1366/1367 5260/1431/1420
f 5260/1431/1420 1443/1432/1421 1436/1435/1424
f 919/1392/1386 5244/1394/1384 1481/1436/1425
f 919/1392/1386 1481/1436/1425 920/1395/1387
f 5253/1413/1402 5262/1437/1425 1488/1438/1426
f 5253/1413/1402 1488/1438/1426 902/1408/1398
f 902/1408/1398 1488/1438/1426 921/1414/1403
f 921/1414/1403 1489/1439/1427 922/1415/1404
f 923/233/217 927/1440/1428 933/1441/1429
f 923/233/217 4875/232/216 927/1440/1428
f 947/1442/1430 5263/1443/1431 5264/1444/1432
f 924/1445/1433 925/231/215 926/240/224
f 5265/1446/1434 927/1440/1428 4875/232/216
f 928/1447/1435 5266/1448/1436 5267/1449/1437
f 928/1447/1435 5265/1446/1438 5266/1448/1436
f 5268/1450/1439 5269/1451/1440 5270/1452/1441
f 5270/1452/1441 5269/1451/1440 941/1453/1442
f 5271/1454/1443 948/1455/1444 5264/1444/1432
f 5264/1444/1432 948/1455/1444 947/1442/1430
f 5272/1456/1445 951/1457/1446 5271/1454/1443
f 5271/1454/1443 951/1457/1446 948/1455/1444
f 941/1453/1442 5273/1458/1447 5270/1452/1441
f 975/1459/1448 5274/1460/1449 5275/1461/1450
f 932/1462/1451 5276/1463/1452 5277/1464/1453
f 932/1462/1451 5277/1464/1453 5263/1443/1431
f 935/1465/1454 5278/1466/1455 5276/1463/1452
f 935/1465/1454 5276/1463/1452 932/1462/1451
f 936/1467/1456 5275/1461/1450 5278/1466/1455
f 936/1467/1456 5278/1466/1455 935/1465/1454
f 5275/1461/1450 936/1467/1456 975/1459/1448
f 5263/1443/1431 947/1442/1430 932/1462/1451
f 947/1442/1430 937/1468/1457 932/1462/1451
f 947/1442/1430 949/1469/1458 937/1468/1457
f 932/1462/1451 937/1468/1457 935/1465/1454
f 937/1468/1457 938/1470/1459 935/1465/1454
f 954/1471/1460 937/1468/1457 949/1469/1458
f 938/1470/1459 937/1468/1457 954/1471/1460
f 935/1465/1454 939/1472/1461 936/1467/1456
f 939/1472/1461 935/1465/1454 938/1470/1459
f 958/1473/1462 5279/1474/1463 5280/1475/1464
f 976/1476/1465 975/1459/1448 936/1467/1456
f 978/1477/1466 936/1467/1456 939/1472/1461
f 976/1476/1465 936/1467/1456 978/1477/1466
f 979/1478/1467 5281/1479/1468 5279/1474/1463
f 5282/1480/1469 5281/1479/1468 979/1478/1467
f 995/1481/1470 5279/1474/1463 958/1473/1462
f 979/1478/1467 5279/1474/1463 995/1481/1470
f 940/1482/1471 941/1453/1442 5269/1451/1440
f 943/1483/1472 940/1482/1471 4895/315/299
f 940/1482/1471 5269/1451/1440 4895/315/299
f 943/1483/1472 4895/315/299 963/1484/1473
f 5283/1485/1474 5284/1486/1475 965/1487/1476
f 5283/1485/1474 965/1487/1476 944/1488/1477
f 5285/1489/1476 945/1490/1478 5286/1491/1477
f 4914/365/353 945/1490/1478 5285/1489/1476
f 946/1492/1479 947/1442/1430 948/1455/1444
f 949/1469/1458 947/1442/1430 946/1492/1479
f 950/1493/1480 948/1455/1444 951/1457/1446
f 946/1492/1479 948/1455/1444 950/1493/1480
f 5287/1494/1481 952/1495/1482 5288/1496/1483
f 5289/1497/1484 5273/1458/1447 941/1453/1442
f 952/1495/1485 950/1493/1480 951/1457/1446
f 943/1483/1472 5289/1497/1486 940/1482/1471
f 953/1498/1487 5290/1499/1488 5291/1500/1489
f 5280/1475/1464 5290/1499/1488 953/1498/1487
f 955/1501/1490 5291/1500/1489 5292/1502/1491
f 953/1498/1487 5291/1500/1489 955/1501/1490
f 956/1503/1492 950/1493/1480 952/1495/1485
f 955/1501/1490 5292/1502/1491 5293/1504/1493
f 5283/1485/1474 956/1503/1492 952/1495/1485
f 957/1505/1494 5280/1475/1464 953/1498/1487
f 958/1473/1462 5280/1475/1464 957/1505/1494
f 959/1506/1495 953/1498/1487 955/1501/1490
f 957/1505/1494 953/1498/1487 959/1506/1495
f 960/1507/1496 955/1501/1490 5293/1504/1493
f 959/1506/1495 955/1501/1490 960/1507/1496
f 944/1488/1477 5294/1508/1497 5283/1485/1474
f 5283/1485/1474 5294/1508/1497 956/1503/1492
f 996/1509/1498 958/1473/1462 957/1505/1494
f 995/1481/1470 958/1473/1462 996/1509/1498
f 999/1510/1499 957/1505/1494 959/1506/1495
f 996/1509/1498 957/1505/1494 999/1510/1499
f 999/1510/1499 960/1507/1496 945/1490/1478
f 999/1510/1499 959/1506/1495 960/1507/1496
f 945/1490/1478 960/1507/1496 5286/1491/1477
f 962/314/298 963/1484/1473 4895/315/299
f 964/317/301 5295/1511/1476 962/314/298
f 962/314/298 5295/1511/1476 963/1484/1473
f 5296/1512/1500 4914/365/353 5285/1489/1476
f 966/1513/1501 4901/343/327 5297/1514/1502
f 969/1515/1503 5298/1516/1504 5299/1517/1505
f 969/1515/1503 5299/1517/1505 5274/1460/1449
f 975/1459/1448 969/1515/1503 5274/1460/1449
f 971/1518/1506 4901/343/327 966/1513/1501
f 971/1518/1506 972/341/325 4901/343/327
f 5300/1519/1507 5298/1516/1504 969/1515/1503
f 971/1518/1506 4903/346/331 972/341/325
f 1015/1520/1508 1017/347/332 4903/346/331
f 1018/1521/1509 1015/1520/1508 4903/346/331
f 971/1518/1506 1018/1521/1509 4903/346/331
f 977/1522/1510 969/1515/1503 975/1459/1448
f 969/1515/1503 977/1522/1510 5300/1519/1507
f 977/1522/1510 981/1523/1511 5300/1519/1507
f 973/1524/1512 981/1523/1511 974/1525/1513
f 5300/1519/1507 981/1523/1511 973/1524/1512
f 1023/1526/1514 5301/1527/1515 973/1524/1512
f 973/1524/1512 5301/1527/1515 5300/1519/1507
f 973/1524/1512 974/1525/1513 1023/1526/1514
f 1032/1528/1516 1023/1526/1514 974/1525/1513
f 976/1476/1465 977/1522/1510 975/1459/1448
f 5282/1480/1469 979/1478/1467 980/1529/1517
f 980/1529/1517 979/1478/1467 995/1481/1470
f 977/1522/1510 976/1476/1465 981/1523/1511
f 982/1530/1518 5302/1531/1519 5282/1480/1469
f 980/1529/1517 983/1532/1520 5282/1480/1469
f 5282/1480/1469 983/1532/1520 982/1530/1518
f 995/1481/1470 1003/1533/1521 980/1529/1517
f 980/1529/1517 1003/1533/1521 983/1532/1520
f 984/1534/1522 5303/1535/1523 5302/1531/1519
f 982/1530/1518 984/1534/1522 5302/1531/1519
f 982/1530/1518 985/1536/1524 984/1534/1522
f 985/1536/1524 982/1530/1518 983/1532/1520
f 1005/1537/1525 983/1532/1520 1003/1533/1521
f 985/1536/1524 983/1532/1520 1005/1537/1525
f 5303/1535/1523 984/1534/1522 5304/1538/1526
f 984/1534/1522 986/1539/1527 5304/1538/1526
f 987/1540/1528 984/1534/1522 985/1536/1524
f 986/1539/1527 984/1534/1522 987/1540/1528
f 987/1540/1528 985/1536/1524 988/1541/1529
f 1006/1542/1530 985/1536/1524 1005/1537/1525
f 988/1541/1529 985/1536/1524 1006/1542/1530
f 1030/1543/1531 5304/1538/1526 986/1539/1527
f 5305/1544/1532 5304/1538/1526 1030/1543/1531
f 1030/1543/1531 987/1540/1528 989/1545/1533
f 986/1539/1527 987/1540/1528 1030/1543/1531
f 989/1545/1533 987/1540/1528 988/1541/1529
f 1059/1546/1534 1033/1547/1535 988/1541/1529
f 1006/1542/1530 1059/1546/1534 988/1541/1529
f 988/1541/1529 1033/1547/1535 989/1545/1533
f 991/364/352 990/1548/1536 4914/365/353
f 990/1548/1536 945/1490/1478 4914/365/353
f 255/367/355 992/1549/1537 991/364/352
f 991/364/352 992/1549/1537 990/1548/1536
f 994/369/357 993/1550/1538 255/367/355
f 255/367/355 993/1550/1538 992/1549/1537
f 993/1550/1538 1043/371/359 1042/1551/1539
f 994/369/357 1043/371/359 993/1550/1538
f 995/1481/1470 996/1509/1498 997/1552/1540
f 996/1509/1498 998/1553/1541 997/1552/1540
f 999/1510/1499 998/1553/1541 996/1509/1498
f 990/1548/1536 998/1553/1541 945/1490/1478
f 945/1490/1478 998/1553/1541 999/1510/1499
f 997/1552/1540 998/1553/1541 1000/1554/1542
f 997/1552/1540 1000/1554/1542 1001/1555/1543
f 992/1549/1537 1000/1554/1542 990/1548/1536
f 990/1548/1536 1000/1554/1542 998/1553/1541
f 1001/1555/1543 1000/1554/1542 1002/1556/1544
f 993/1550/1538 1000/1554/1542 992/1549/1537
f 1002/1556/1544 1000/1554/1542 1053/1557/1545
f 1002/1556/1544 1053/1557/1545 1052/1558/1546
f 1042/1551/1539 1053/1557/1545 993/1550/1538
f 993/1550/1538 1053/1557/1545 1000/1554/1542
f 995/1481/1470 997/1552/1540 1003/1533/1521
f 1004/1559/1547 1003/1533/1521 997/1552/1540
f 1005/1537/1525 1003/1533/1521 1004/1559/1547
f 1001/1555/1543 1004/1559/1547 997/1552/1540
f 1002/1556/1544 1005/1537/1525 1004/1559/1547
f 1006/1542/1530 1005/1537/1525 1002/1556/1544
f 1001/1555/1543 1002/1556/1544 1004/1559/1547
f 1052/1558/1546 1006/1542/1530 1002/1556/1544
f 1059/1546/1534 1006/1542/1530 1052/1558/1546
f 1013/1560/1548 4930/414/399 4945/457/442
f 1070/1561/1549 1069/411/396 1009/410/395
f 4930/414/399 1013/1560/1548 1009/410/395
f 1013/1560/1548 1070/1561/1549 1009/410/395
f 1013/1560/1548 1084/1562/1550 1070/1561/1549
f 1010/454/439 1011/1563/1551 4945/457/442
f 4945/457/442 1011/1563/1551 1013/1560/1548
f 5306/1564/1552 5307/1565/444 5308/1566/1553
f 1085/1567/1554 1013/1560/1548 1011/1563/1551
f 1084/1562/1550 1013/1560/1548 1085/1567/1554
f 1088/1568/1555 5308/1566/1553 5307/1565/444
f 5309/1569/1556 5308/1566/1553 1088/1568/1555
f 4947/464/445 1090/463/448 5307/1565/444
f 1090/463/448 1088/1568/1555 5307/1565/444
f 1015/1520/1508 1016/503/487 1017/347/332
f 1019/1570/1557 1016/503/487 1015/1520/1508
f 1019/1570/1557 5310/1571/1558 1016/503/487
f 1021/1572/1559 5310/1571/1558 1019/1570/1557
f 5311/1573/1560 5312/1574/1561 1020/505/1562
f 1103/1575/1563 5312/1574/1561 5311/1573/1560
f 1022/1576/1564 5301/1527/1515 1023/1526/1514
f 5313/1577/1565 1015/1520/1508 1018/1521/1509
f 1024/1578/1566 1019/1570/1557 1015/1520/1508
f 1025/1579/1567 1024/1578/1566 1015/1520/1508
f 5313/1577/1565 1025/1579/1567 1015/1520/1508
f 1026/1580/1568 1021/1572/1559 1024/1578/1566
f 1024/1578/1566 1021/1572/1559 1019/1570/1557
f 1024/1578/1566 1025/1579/1567 1026/1580/1568
f 1113/1581/1569 5311/1573/1560 5314/1582/1570
f 1113/1581/1569 1103/1575/1563 5311/1573/1560
f 1023/1526/1514 1032/1528/1516 1022/1576/1564
f 1032/1528/1516 1031/1583/1571 1022/1576/1564
f 1027/1584/1572 5315/1585/1573 1022/1576/1564
f 1027/1584/1572 1031/1583/1571 1028/1586/1574
f 1022/1576/1564 1031/1583/1571 1027/1584/1572
f 1029/1587/1575 5315/1585/1573 1027/1584/1572
f 1029/1587/1575 5316/1588/1576 5315/1585/1573
f 1029/1587/1575 1027/1584/1572 1028/1586/1574
f 1119/1589/1577 5317/1590/1578 1026/1580/1579
f 1120/1591/1580 1119/1589/1577 1026/1580/1579
f 1029/1587/1575 5318/1592/1581 5316/1588/1576
f 1038/1593/1582 1028/1586/1574 1031/1583/1571
f 1028/1586/1574 1038/1593/1582 1029/1587/1575
f 1038/1593/1582 1041/1594/1583 1029/1587/1575
f 1124/1595/1584 5318/1592/1581 1029/1587/1575
f 1029/1587/1575 1041/1594/1583 1124/1595/1584
f 5305/1544/1532 1030/1543/1531 5319/1596/1585
f 1033/1547/1535 1059/1546/1534 1034/1597/1586
f 1035/1598/1587 5319/1596/1585 1030/1543/1531
f 989/1545/1533 1035/1598/1587 1030/1543/1531
f 989/1545/1533 1036/1599/1588 1035/1598/1587
f 1037/1600/1589 989/1545/1533 1033/1547/1535
f 1036/1599/1588 989/1545/1533 1037/1600/1589
f 1034/1597/1586 1037/1600/1589 1033/1547/1535
f 1035/1598/1587 5320/1601/1590 5319/1596/1585
f 1035/1598/1587 1568/1602/1591 5320/1601/1590
f 1039/1603/1592 1035/1598/1587 1036/1599/1588
f 1568/1602/1591 1035/1598/1587 1039/1603/1592
f 1040/1604/1593 1036/1599/1588 1037/1600/1589
f 1039/1603/1592 1036/1599/1588 1040/1604/1593
f 1063/1605/1594 1037/1600/1589 1034/1597/1586
f 1063/1605/1594 1040/1604/1593 1037/1600/1589
f 5320/1601/1590 1568/1602/1591 5321/1606/1595
f 1064/1607/1596 1570/1608/1597 1040/1604/1593
f 1063/1605/1594 1064/1607/1596 1040/1604/1593
f 1042/1551/1539 1043/371/359 1044/1609/1598
f 1045/564/550 1044/1609/1598 1043/371/359
f 1042/1551/1539 1044/1609/1598 1046/1610/1599
f 1042/1551/1539 1046/1610/1599 1047/1611/1600
f 1048/566/552 1046/1610/1599 1045/564/550
f 1045/564/550 1046/1610/1599 1044/1609/1598
f 1047/1611/1600 1046/1610/1599 1049/1612/1601
f 1047/1611/1600 1049/1612/1601 1050/1613/1602
f 1072/567/553 1076/1614/1603 1048/566/552
f 1076/1614/1603 1046/1610/1599 1048/566/552
f 1076/1614/1603 1049/1612/1601 1046/1610/1599
f 1051/1615/1604 1050/1613/1602 1049/1612/1601
f 1051/1615/1604 1049/1612/1601 1076/1614/1603
f 1051/1615/1604 1076/1614/1603 1077/1616/1605
f 1052/1558/1546 1053/1557/1545 1054/1617/1606
f 1052/1558/1546 1054/1617/1606 1055/1618/1607
f 1042/1551/1539 1054/1617/1606 1053/1557/1545
f 1055/1618/1607 1054/1617/1606 1047/1611/1600
f 1055/1618/1607 1047/1611/1600 1056/1619/1608
f 1042/1551/1539 1047/1611/1600 1054/1617/1606
f 1056/1619/1608 1047/1611/1600 1057/1620/1609
f 1056/1619/1608 1057/1620/1609 1058/1621/1610
f 1050/1613/1602 1057/1620/1609 1047/1611/1600
f 1058/1621/1610 1057/1620/1609 1125/1622/1611
f 1051/1615/1604 1057/1620/1609 1050/1613/1602
f 1051/1615/1604 1125/1622/1611 1057/1620/1609
f 1077/1616/1605 1134/1623/1612 1051/1615/1604
f 1055/1618/1607 1059/1546/1534 1052/1558/1546
f 1034/1597/1586 1059/1546/1534 1055/1618/1607
f 1056/1619/1608 1060/1624/1613 1034/1597/1586
f 1055/1618/1607 1056/1619/1608 1034/1597/1586
f 1060/1624/1613 1056/1619/1608 1061/1625/1614
f 1058/1621/1610 1061/1625/1614 1056/1619/1608
f 1062/1626/1615 1060/1624/1613 1061/1625/1614
f 1061/1625/1614 1058/1621/1610 1062/1626/1615
f 1058/1621/1610 1125/1622/1611 1062/1626/1615
f 1060/1624/1613 1063/1605/1594 1034/1597/1586
f 1060/1624/1613 1064/1607/1596 1063/1605/1594
f 1570/1608/1597 1064/1607/1596 1062/1626/1615
f 1064/1607/1596 1060/1624/1613 1062/1626/1615
f 1065/1627/1616 1066/609/597 1067/610/598
f 1068/1628/1617 1065/1627/1616 1067/610/598
f 1068/1628/1617 1067/610/598 1069/411/396
f 1070/1561/1549 1068/1628/1617 1069/411/396
f 1068/1628/1617 1070/1561/1549 1084/1562/1550
f 5322/1629/1618 5323/1630/1619 1083/1631/1620
f 1071/1632/1621 1072/567/553 1073/611/599
f 1071/1632/1621 1073/611/599 5008/612/597
f 1074/1633/1622 1071/1632/1621 5008/612/597
f 5324/1634/1623 1074/1633/1622 5008/612/597
f 1074/1633/1622 5324/1634/1623 5322/1629/1618
f 1075/1635/1624 1076/1614/1603 1072/567/553
f 1071/1632/1621 1075/1635/1624 1072/567/553
f 1077/1616/1605 1076/1614/1603 1075/1635/1624
f 1078/1636/1625 1071/1632/1621 1074/1633/1622
f 5322/1629/1618 1078/1636/1625 1074/1633/1622
f 5322/1629/1618 1079/1637/1626 1078/1636/1625
f 1097/1638/1627 5322/1629/1618 1083/1631/1620
f 1079/1637/1626 5322/1629/1618 1097/1638/1627
f 1080/1639/1628 1075/1635/1624 1071/1632/1621
f 1078/1636/1625 1080/1639/1628 1071/1632/1621
f 1078/1636/1625 1081/1640/1629 1080/1639/1628
f 1078/1636/1625 1079/1637/1626 1081/1640/1629
f 1081/1640/1629 1079/1637/1626 1097/1638/1627
f 1082/1641/1630 1134/1623/1612 1077/1616/1605
f 1082/1641/1630 1077/1616/1605 1075/1635/1624
f 1080/1639/1628 1082/1641/1630 1075/1635/1624
f 1082/1641/1630 1080/1639/1628 1081/1640/1629
f 1097/1638/1627 1100/1642/1631 1081/1640/1629
f 1081/1640/1629 1138/1643/1632 1082/1641/1630
f 1081/1640/1629 1139/1644/1633 1138/1643/1632
f 1163/1645/1634 1081/1640/1629 1100/1642/1631
f 1139/1644/1633 1081/1640/1629 1163/1645/1634
f 1083/1631/1620 5323/1630/1619 5309/1569/1556
f 1086/1646/1635 1087/1647/1636 5309/1569/1556
f 1088/1568/1555 1086/1646/1635 5309/1569/1556
f 1089/1648/1637 1088/1568/1555 1090/463/448
f 1086/1646/1635 1088/1568/1555 1089/1648/1637
f 402/636/625 1089/1648/1637 1090/463/448
f 1087/1647/1636 1086/1646/1635 1091/1649/1638
f 1092/1650/1639 1086/1646/1635 1089/1648/1637
f 1091/1649/1638 1086/1646/1635 1092/1650/1639
f 402/636/625 1092/1650/1639 1089/1648/1637
f 1093/1651/1640 1094/1652/1641 1091/1649/1638
f 1092/1650/1639 1093/1651/1640 1091/1649/1638
f 407/638/627 1093/1651/1640 402/636/625
f 402/636/625 1093/1651/1640 1092/1650/1639
f 1094/1652/1641 1093/1651/1640 1152/1653/1642
f 1094/1652/1641 1152/1653/1642 1151/1654/1643
f 1168/1655/1644 1093/1651/1640 407/638/627
f 1168/1655/1644 1152/1653/1642 1093/1651/1640
f 5309/1569/1556 1095/1656/1645 1083/1631/1620
f 1087/1647/1636 1095/1656/1645 5309/1569/1556
f 1096/1657/1646 1083/1631/1620 1095/1656/1645
f 1097/1638/1627 1083/1631/1620 1096/1657/1646
f 1091/1649/1638 1096/1657/1646 1087/1647/1636
f 1087/1647/1636 1096/1657/1646 1095/1656/1645
f 1096/1657/1646 1098/1658/1647 1097/1638/1627
f 1099/1659/1648 1096/1657/1646 1091/1649/1638
f 1099/1659/1648 1098/1658/1647 1096/1657/1646
f 1094/1652/1641 1099/1659/1648 1091/1649/1638
f 1155/1660/1649 1154/1661/1650 1098/1658/1647
f 1099/1659/1648 1155/1660/1649 1098/1658/1647
f 1151/1654/1643 1155/1660/1649 1094/1652/1641
f 1094/1652/1641 1155/1660/1649 1099/1659/1648
f 1098/1658/1647 1100/1642/1631 1097/1638/1627
f 1154/1661/1650 1100/1642/1631 1098/1658/1647
f 1154/1661/1650 1163/1645/1634 1100/1642/1631
f 407/638/627 1101/685/672 1168/1655/1644
f 1117/1662/1651 1185/1663/1652 1112/1664/1653
f 1123/1665/1654 1190/1666/1655 5325/1667/1656
f 1117/1662/1651 5326/1668/1657 1185/1663/1652
f 1195/1669/1658 1190/1666/1655 1123/1665/1654
f 5327/1670/1659 1104/721/705 1105/509/493
f 1106/1671/1660 1104/721/705 5327/1670/1659
f 1106/1671/1660 1107/1672/1661 1108/722/706
f 1108/722/706 1107/1672/1661 1109/723/707
f 1108/722/706 1104/721/705 1106/1671/1660
f 1107/1672/1661 1110/726/710 1109/723/707
f 1111/1673/1662 1110/726/710 1107/1672/1661
f 1194/727/711 1111/1673/1662 1112/1664/1653
f 1110/726/710 1111/1673/1662 1194/727/711
f 1113/1581/1569 5328/1674/1663 1103/1575/1563
f 1114/1675/1664 5328/1674/1663 1113/1581/1569
f 1115/1676/1665 1116/1677/1666 1106/1671/1660
f 1106/1671/1660 1116/1677/1666 1107/1672/1661
f 5328/1674/1663 1114/1675/1664 5329/1678/1667
f 1116/1677/1666 1111/1673/1662 1107/1672/1661
f 1117/1662/1651 1111/1673/1662 1116/1677/1666
f 1112/1664/1653 1111/1673/1662 1117/1662/1651
f 1118/1679/1668 1113/1581/1569 5330/1680/1577
f 1118/1679/1668 1114/1675/1664 1113/1581/1569
f 1118/1679/1668 5330/1680/1577 5331/1681/1669
f 1121/1682/1670 5332/1683/1671 5329/1678/1667
f 1114/1675/1664 1121/1682/1670 5329/1678/1667
f 1118/1679/1668 1121/1682/1670 1114/1675/1664
f 1122/1684/1672 5332/1683/1671 1121/1682/1670
f 1122/1684/1672 5325/1667/1656 5332/1683/1671
f 5325/1667/1656 1122/1684/1672 1123/1665/1654
f 1571/1685/1673 5333/1686/1674 5318/1592/1581
f 1124/1595/1584 1571/1685/1673 5318/1592/1581
f 1573/1687/1675 1121/1682/1670 1118/1679/1668
f 1573/1687/1675 1118/1679/1668 5334/1688/1676
f 1121/1682/1670 1575/1689/1677 1122/1684/1672
f 1121/1682/1670 1573/1687/1675 1575/1689/1677
f 1122/1684/1672 1195/1669/1658 1123/1665/1654
f 1575/1689/1677 1195/1669/1658 1122/1684/1672
f 1126/1690/1678 1127/1691/1679 1125/1622/1611
f 1051/1615/1604 1126/1690/1678 1125/1622/1611
f 1135/1692/1680 1051/1615/1604 1134/1623/1612
f 1126/1690/1678 1051/1615/1604 1135/1692/1680
f 1127/1691/1679 1126/1690/1678 1135/1692/1680
f 1062/1626/1615 1125/1622/1611 1128/1693/1681
f 1127/1691/1679 1128/1693/1681 1125/1622/1611
f 1130/1694/1682 1129/1695/1683 1127/1691/1679
f 1129/1695/1683 1128/1693/1681 1127/1691/1679
f 1135/1692/1680 1142/1696/1684 1127/1691/1679
f 1127/1691/1679 1142/1696/1684 1130/1694/1682
f 1131/1697/1685 1129/1695/1683 1130/1694/1682
f 1131/1697/1685 1130/1694/1682 1142/1696/1684
f 1131/1697/1685 1142/1696/1684 1145/1698/1686
f 1570/1608/1597 1062/1626/1615 1132/1699/1687
f 1570/1608/1597 1132/1699/1687 1593/1700/1688
f 1128/1693/1681 1132/1699/1687 1062/1626/1615
f 1597/1701/1689 1593/1700/1688 1132/1699/1687
f 1595/1702/1690 1597/1701/1689 1129/1695/1683
f 1597/1701/1689 1132/1699/1687 1129/1695/1683
f 1132/1699/1687 1128/1693/1681 1129/1695/1683
f 1599/1703/1691 1595/1702/1690 1129/1695/1683
f 1133/1704/1692 1599/1703/1691 1131/1697/1685
f 1599/1703/1691 1129/1695/1683 1131/1697/1685
f 1131/1697/1685 1145/1698/1686 1133/1704/1692
f 1133/1704/1692 1145/1698/1686 1605/1705/1693
f 1134/1623/1612 1082/1641/1630 1135/1692/1680
f 1136/1706/1694 1135/1692/1680 1082/1641/1630
f 1137/1707/1695 1082/1641/1630 1138/1643/1632
f 1136/1706/1694 1082/1641/1630 1137/1707/1695
f 1137/1707/1695 1139/1644/1633 1140/1708/1696
f 1138/1643/1632 1139/1644/1633 1137/1707/1695
f 1139/1644/1633 1164/1709/1697 1140/1708/1696
f 1163/1645/1634 1164/1709/1697 1139/1644/1633
f 1141/1710/1698 1142/1696/1684 1135/1692/1680
f 1136/1706/1694 1141/1710/1698 1135/1692/1680
f 1141/1710/1698 1136/1706/1694 1137/1707/1695
f 1141/1710/1698 1137/1707/1695 1143/1711/1699
f 1143/1711/1699 1137/1707/1695 1140/1708/1696
f 1140/1708/1696 1164/1709/1697 1144/1712/1700
f 1145/1698/1686 1142/1696/1684 1141/1710/1698
f 1143/1711/1699 1146/1713/1701 1141/1710/1698
f 1140/1708/1696 1146/1713/1701 1143/1711/1699
f 1140/1708/1696 1147/1714/1702 1146/1713/1701
f 1144/1712/1700 1147/1714/1702 1140/1708/1696
f 1141/1710/1698 1148/1715/1703 1145/1698/1686
f 1149/1716/1704 1141/1710/1698 1146/1713/1701
f 1148/1715/1703 1141/1710/1698 1149/1716/1704
f 1150/1717/1705 1146/1713/1701 1147/1714/1702
f 1149/1716/1704 1146/1713/1701 1150/1717/1705
f 1144/1712/1700 1150/1717/1705 1147/1714/1702
f 1605/1705/1693 1145/1698/1686 1148/1715/1703
f 1605/1705/1693 1148/1715/1703 1604/1718/1706
f 1604/1718/1706 1148/1715/1703 1149/1716/1704
f 1150/1717/1705 1196/1719/1707 1149/1716/1704
f 1205/1720/1708 1150/1717/1705 1144/1712/1700
f 1196/1719/1707 1150/1717/1705 1205/1720/1708
f 1151/1654/1643 1152/1653/1642 1153/1721/1709
f 1169/1722/1710 1152/1653/1642 1168/1655/1644
f 1153/1721/1709 1152/1653/1642 1169/1722/1710
f 1154/1661/1650 1155/1660/1649 1156/1723/1711
f 1154/1661/1650 1156/1723/1711 1157/1724/1712
f 1153/1721/1709 1156/1723/1711 1151/1654/1643
f 1151/1654/1643 1156/1723/1711 1155/1660/1649
f 1157/1724/1712 1156/1723/1711 1158/1725/1713
f 1159/1726/1714 1156/1723/1711 1153/1721/1709
f 1159/1726/1714 1158/1725/1713 1156/1723/1711
f 1169/1722/1710 1176/1727/1715 1153/1721/1709
f 1153/1721/1709 1176/1727/1715 1159/1726/1714
f 1160/1728/1716 1161/1729/1717 1158/1725/1713
f 1159/1726/1714 1160/1728/1716 1158/1725/1713
f 1178/1730/1718 1159/1726/1714 1176/1727/1715
f 1160/1728/1716 1159/1726/1714 1178/1730/1718
f 1162/1731/1719 1161/1729/1717 1160/1728/1716
f 1162/1731/1719 1160/1728/1716 1178/1730/1718
f 1157/1724/1712 1163/1645/1634 1154/1661/1650
f 1164/1709/1697 1163/1645/1634 1157/1724/1712
f 1144/1712/1700 1164/1709/1697 1157/1724/1712
f 1165/1732/1720 1166/1733/1721 1144/1712/1700
f 1157/1724/1712 1165/1732/1720 1144/1712/1700
f 1161/1729/1717 1157/1724/1712 1158/1725/1713
f 1161/1729/1717 1165/1732/1720 1157/1724/1712
f 1166/1733/1721 1165/1732/1720 1197/1734/1722
f 1199/1735/1723 1165/1732/1720 1161/1729/1717
f 1197/1734/1722 1165/1732/1720 1199/1735/1723
f 1162/1731/1719 1201/1736/1724 1161/1729/1717
f 1201/1736/1724 1199/1735/1723 1161/1729/1717
f 1178/1730/1718 1219/1737/1725 1162/1731/1719
f 1162/1731/1719 1219/1737/1725 1201/1736/1724
f 1197/1734/1722 1205/1720/1708 1166/1733/1721
f 1166/1733/1721 1205/1720/1708 1144/1712/1700
f 1167/1738/1726 1168/1655/1644 1101/685/672
f 1169/1722/1710 1168/1655/1644 1167/1738/1726
f 1170/1739/1727 1101/685/672 1102/686/673
f 1167/1738/1726 1101/685/672 1170/1739/1727
f 1171/821/807 1170/1739/1727 1102/686/673
f 1167/1738/1726 1170/1739/1727 1172/1740/1728
f 1170/1739/1727 1173/1741/1729 1172/1740/1728
f 1171/821/807 1173/1741/1729 1170/1739/1727
f 5075/866/852 1173/1741/1729 1171/821/807
f 1172/1740/1728 1173/1741/1729 1174/1742/1730
f 546/865/851 1174/1742/1730 5075/866/852
f 5075/866/852 1174/1742/1730 1173/1741/1729
f 1181/868/854 1174/1742/1730 546/865/851
f 1181/868/854 1208/1743/1731 1174/1742/1730
f 1167/1738/1726 1175/1744/1732 1169/1722/1710
f 1169/1722/1710 1175/1744/1732 1176/1727/1715
f 1167/1738/1726 1172/1740/1728 1175/1744/1732
f 1177/1745/1733 1176/1727/1715 1175/1744/1732
f 1178/1730/1718 1176/1727/1715 1177/1745/1733
f 1179/1746/1734 1175/1744/1732 1172/1740/1728
f 1177/1745/1733 1175/1744/1732 1179/1746/1734
f 1174/1742/1730 1179/1746/1734 1172/1740/1728
f 1178/1730/1718 1177/1745/1733 1180/1747/1735
f 1177/1745/1733 1210/1748/1736 1180/1747/1735
f 1179/1746/1734 1210/1748/1736 1177/1745/1733
f 1208/1743/1731 1210/1748/1736 1174/1742/1730
f 1174/1742/1730 1210/1748/1736 1179/1746/1734
f 1178/1730/1718 1180/1747/1735 1219/1737/1725
f 1112/1664/1653 1182/872/858 1194/727/711
f 1112/1664/1653 1183/1749/1737 1182/872/858
f 1183/1749/1737 1184/875/861 1182/872/858
f 1184/875/861 1183/1749/1737 1237/1750/1738
f 1186/1751/1739 1112/1664/1653 1185/1663/1652
f 1186/1751/1739 1183/1749/1737 1112/1664/1653
f 1187/1752/1740 1183/1749/1737 1186/1751/1739
f 1188/1753/1741 1189/1754/1742 1183/1749/1737
f 1187/1752/1740 1188/1753/1741 1183/1749/1737
f 1189/1754/1742 1237/1750/1738 1183/1749/1737
f 5326/1668/1657 1186/1751/1739 1185/1663/1652
f 1191/1755/1743 1186/1751/1739 5326/1668/1657
f 1187/1752/1740 1191/1755/1743 1192/1756/1744
f 1186/1751/1739 1191/1755/1743 1187/1752/1740
f 1192/1756/1744 1189/1754/1742 1188/1753/1741
f 1192/1756/1744 1193/1757/1745 1189/1754/1742
f 1192/1756/1744 1188/1753/1741 1187/1752/1740
f 1607/1758/1746 1190/1666/1655 1195/1669/1658
f 1607/1758/1746 5335/1759/1747 1190/1666/1655
f 1191/1755/1743 1608/1760/1748 1192/1756/1744
f 1607/1758/1746 5336/1761/1749 5335/1759/1747
f 1610/1762/1750 1193/1757/1745 1192/1756/1744
f 1610/1762/1750 1192/1756/1744 1608/1760/1748
f 1651/1763/1751 1193/1757/1745 1610/1762/1750
f 1196/1719/1707 1205/1720/1708 1646/1764/1752
f 1199/1735/1723 1198/1765/1753 1197/1734/1722
f 1200/1766/1754 1199/1735/1723 1201/1736/1724
f 1198/1765/1753 1199/1735/1723 1200/1766/1754
f 1220/1767/1755 1201/1736/1724 1219/1737/1725
f 1200/1766/1754 1201/1736/1724 1220/1767/1755
f 1198/1765/1753 1200/1766/1754 1202/1768/1756
f 1200/1766/1754 1222/1769/1757 1202/1768/1756
f 1220/1767/1755 1222/1769/1757 1200/1766/1754
f 1202/1768/1756 1222/1769/1757 1203/1770/1758
f 1204/1771/1759 1646/1764/1752 1197/1734/1722
f 1646/1764/1752 1205/1720/1708 1197/1734/1722
f 1198/1765/1753 1204/1771/1759 1197/1734/1722
f 1647/1772/1760 1646/1764/1752 1204/1771/1759
f 1206/1773/1761 1647/1772/1760 1198/1765/1753
f 1647/1772/1760 1204/1771/1759 1198/1765/1753
f 1198/1765/1753 1202/1768/1756 1206/1773/1761
f 1650/1774/1762 1647/1772/1760 1206/1773/1761
f 1206/1773/1761 1207/1775/1763 1650/1774/1762
f 1202/1768/1756 1207/1775/1763 1206/1773/1761
f 1203/1770/1758 1207/1775/1763 1202/1768/1756
f 1250/1776/1764 1650/1774/1762 1203/1770/1758
f 1650/1774/1762 1207/1775/1763 1203/1770/1758
f 1225/1777/1765 1209/1778/1766 1208/1743/1731
f 1181/868/854 1225/1777/1765 1208/1743/1731
f 1228/1779/1767 1209/1778/1766 1225/1777/1765
f 1180/1747/1735 1210/1748/1736 1211/1780/1768
f 1209/1778/1766 1210/1748/1736 1208/1743/1731
f 1209/1778/1766 1211/1780/1768 1210/1748/1736
f 1213/1781/1769 1211/1780/1768 1209/1778/1766
f 1212/1782/1770 1211/1780/1768 1213/1781/1769
f 1228/1779/1767 1213/1781/1769 1209/1778/1766
f 1212/1782/1770 1214/1783/1771 1215/1784/1772
f 1216/1785/1773 1212/1782/1770 1213/1781/1769
f 1214/1783/1771 1212/1782/1770 1216/1785/1773
f 1235/1786/1774 1213/1781/1769 1228/1779/1767
f 1216/1785/1773 1213/1781/1769 1235/1786/1774
f 1214/1783/1771 1216/1785/1773 1217/1787/1775
f 1217/1787/1775 1216/1785/1773 1235/1786/1774
f 1218/1788/1776 1219/1737/1725 1180/1747/1735
f 1220/1767/1755 1219/1737/1725 1218/1788/1776
f 1211/1780/1768 1218/1788/1776 1180/1747/1735
f 1221/1789/1777 1220/1767/1755 1218/1788/1776
f 1222/1769/1757 1220/1767/1755 1221/1789/1777
f 1212/1782/1770 1221/1789/1777 1211/1780/1768
f 1211/1780/1768 1221/1789/1777 1218/1788/1776
f 1215/1784/1772 1222/1769/1757 1221/1789/1777
f 1203/1770/1758 1222/1769/1757 1215/1784/1772
f 1212/1782/1770 1215/1784/1772 1221/1789/1777
f 1251/1790/1778 1250/1776/1764 1203/1770/1758
f 1215/1784/1772 1251/1790/1778 1203/1770/1758
f 1214/1783/1771 1252/1791/1779 1215/1784/1772
f 1252/1791/1779 1251/1790/1778 1215/1784/1772
f 1214/1783/1771 1217/1787/1775 1252/1791/1779
f 1235/1786/1774 1272/1792/1696 1217/1787/1775
f 1223/933/918 1224/1793/1780 1181/868/854
f 1224/1793/1780 1225/1777/1765 1181/868/854
f 5337/1794/1781 1227/1795/1782 1223/933/918
f 1223/933/918 1227/1795/1782 1224/1793/1780
f 5338/1796/1783 1227/1795/1782 5337/1794/1781
f 1228/1779/1767 1225/1777/1765 1224/1793/1780
f 1228/1779/1767 1224/1793/1780 1229/1797/1784
f 1229/1797/1784 1224/1793/1780 1227/1795/1782
f 1229/1797/1784 1227/1795/1782 1230/1798/1785
f 1231/1799/1786 1230/1798/1785 5338/1796/1783
f 1230/1798/1785 1227/1795/1782 5338/1796/1783
f 1232/941/926 5339/1800/1787 607/936/927
f 1230/1798/1785 1231/1799/1786 1233/1801/1788
f 624/944/930 5340/1802/1789 5089/943/929
f 1232/941/926 5341/1803/1790 5339/1800/1787
f 624/944/930 1262/1804/1791 5340/1802/1789
f 624/944/930 688/972/959 1262/1804/1791
f 1234/1805/1792 1228/1779/1767 1229/1797/1784
f 1235/1786/1774 1228/1779/1767 1234/1805/1792
f 1236/1806/1793 1229/1797/1784 1230/1798/1785
f 1234/1805/1792 1229/1797/1784 1236/1806/1793
f 1233/1801/1788 1236/1806/1793 1230/1798/1785
f 1236/1806/1793 1266/1807/1794 1234/1805/1792
f 5342/1808/1795 1236/1806/1793 1233/1801/1788
f 5342/1808/1795 1266/1807/1794 1236/1806/1793
f 1234/1805/1792 1273/1809/1796 1235/1786/1774
f 1235/1786/1774 1273/1809/1796 1272/1792/1696
f 1266/1807/1794 1273/1809/1796 1234/1805/1792
f 1238/974/961 1184/875/861 1237/1750/1738
f 1238/974/961 1237/1750/1738 1239/976/963
f 1239/976/963 1237/1750/1738 1240/1810/1797
f 1239/976/963 1240/1810/1797 1241/978/965
f 1241/978/965 1240/1810/1797 1242/1811/1798
f 1241/978/965 1242/1811/1798 1283/1812/1799
f 1283/1812/1799 1284/979/966 1241/978/965
f 1243/1813/1800 1237/1750/1738 1189/1754/1742
f 1243/1813/1800 1240/1810/1797 1237/1750/1738
f 1244/1814/1801 1240/1810/1797 1243/1813/1800
f 1244/1814/1801 1242/1811/1798 1240/1810/1797
f 1245/1815/1802 1242/1811/1798 1244/1814/1801
f 1245/1815/1802 1283/1812/1799 1242/1811/1798
f 1288/1816/1803 1283/1812/1799 1245/1815/1802
f 1193/1757/1745 1243/1813/1800 1189/1754/1742
f 1246/1817/1804 1243/1813/1800 1193/1757/1745
f 1246/1817/1804 1244/1814/1801 1243/1813/1800
f 1247/1818/1805 1244/1814/1801 1246/1817/1804
f 1247/1818/1805 1245/1815/1802 1244/1814/1801
f 1248/1819/1806 1245/1815/1802 1247/1818/1805
f 1248/1819/1806 1288/1816/1803 1245/1815/1802
f 1291/1820/1807 1288/1816/1803 1248/1819/1806
f 1651/1763/1751 1246/1817/1804 1193/1757/1745
f 1651/1763/1751 1247/1818/1805 1246/1817/1804
f 1653/1821/1808 1247/1818/1805 1651/1763/1751
f 1653/1821/1808 1248/1819/1806 1247/1818/1805
f 1655/1822/1809 1248/1819/1806 1653/1821/1808
f 1655/1822/1809 1291/1820/1807 1248/1819/1806
f 1683/1823/1810 1291/1820/1807 1655/1822/1809
f 1650/1774/1762 1250/1776/1764 1257/1824/1811
f 1249/1825/1812 1250/1776/1764 1251/1790/1778
f 1251/1790/1778 1252/1791/1779 1249/1825/1812
f 1253/1826/1813 1252/1791/1779 1217/1787/1775
f 1274/1827/1814 1217/1787/1775 1272/1792/1696
f 1253/1826/1813 1217/1787/1775 1274/1827/1814
f 1254/1828/1815 1249/1825/1812 1252/1791/1779
f 1254/1828/1815 1252/1791/1779 1253/1826/1813
f 1254/1828/1815 1253/1826/1813 1255/1829/1816
f 1253/1826/1813 1276/1830/1817 1255/1829/1816
f 1274/1827/1814 1276/1830/1817 1253/1826/1813
f 1255/1829/1816 1276/1830/1817 1256/1831/1818
f 1256/1831/1818 1306/1832/1819 1298/1833/1820
f 1249/1825/1812 1257/1824/1811 1250/1776/1764
f 1249/1825/1812 1258/1834/1821 1257/1824/1811
f 1254/1828/1815 1259/1835/1822 1249/1825/1812
f 1259/1835/1822 1258/1834/1821 1249/1825/1812
f 1254/1828/1815 1255/1829/1816 1259/1835/1822
f 1259/1835/1822 1260/1836/1823 1258/1834/1821
f 1261/1837/1824 1259/1835/1822 1255/1829/1816
f 1260/1836/1823 1259/1835/1822 1261/1837/1824
f 1256/1831/1818 1261/1837/1824 1255/1829/1816
f 1298/1833/1820 1702/1838/1825 1260/1836/1823
f 1261/1837/1824 1298/1833/1820 1260/1836/1823
f 1256/1831/1818 1298/1833/1820 1261/1837/1824
f 5137/1077/1063 5342/1808/1795 5343/1839/1826
f 5137/1077/1063 1263/1840/1827 5342/1808/1795
f 1278/1075/1061 1264/1841/1828 1279/1076/1062
f 1264/1841/1828 1263/1840/1827 1279/1076/1062
f 1263/1840/1827 5137/1077/1063 1279/1076/1062
f 1264/1841/1828 1281/1842/1829 1265/1843/1830
f 1278/1075/1061 1281/1842/1829 1264/1841/1828
f 1263/1840/1827 1266/1807/1794 5342/1808/1795
f 1267/1844/1831 1266/1807/1794 1263/1840/1827
f 1267/1844/1831 1268/1845/1832 1269/1846/1833
f 1264/1841/1828 1268/1845/1832 1263/1840/1827
f 1268/1845/1832 1267/1844/1831 1263/1840/1827
f 1269/1846/1833 1268/1845/1832 1270/1847/1834
f 1265/1843/1830 1268/1845/1832 1264/1841/1828
f 1265/1843/1830 1270/1847/1834 1268/1845/1832
f 1269/1846/1833 1270/1847/1834 1300/1848/1835
f 1269/1846/1833 1300/1848/1835 1301/1849/1836
f 1303/1850/1837 1270/1847/1834 1265/1843/1830
f 1300/1848/1835 1270/1847/1834 1303/1850/1837
f 1281/1842/1829 1317/1851/1838 1265/1843/1830
f 1317/1851/1838 1303/1850/1837 1265/1843/1830
f 1271/1852/1839 1272/1792/1696 1273/1809/1796
f 1274/1827/1814 1272/1792/1696 1271/1852/1839
f 1267/1844/1831 1271/1852/1839 1266/1807/1794
f 1266/1807/1794 1271/1852/1839 1273/1809/1796
f 1275/1853/1840 1274/1827/1814 1271/1852/1839
f 1276/1830/1817 1274/1827/1814 1275/1853/1840
f 1269/1846/1833 1275/1853/1840 1267/1844/1831
f 1267/1844/1831 1275/1853/1840 1271/1852/1839
f 1277/1854/1841 1276/1830/1817 1275/1853/1840
f 1256/1831/1818 1276/1830/1817 1277/1854/1841
f 1269/1846/1833 1277/1854/1841 1275/1853/1840
f 1301/1849/1836 1256/1831/1818 1277/1854/1841
f 1306/1832/1819 1256/1831/1818 1301/1849/1836
f 1269/1846/1833 1301/1849/1836 1277/1854/1841
f 690/1074/1060 1280/1855/1842 1278/1075/1061
f 1280/1855/1842 1281/1842/1829 1278/1075/1061
f 1282/1080/1067 5344/1856/1843 5139/1081/1068
f 1318/1857/1844 1317/1851/1838 1281/1842/1829
f 1280/1855/1842 1318/1857/1844 1281/1842/1829
f 754/1084/1070 5345/1858/1845 1282/1080/1067
f 5346/1859/1846 5347/1860/1847 5348/1861/1848
f 703/1087/1075 1284/979/966 1285/1862/1849
f 703/1087/1075 1285/1862/1849 1286/1863/1850
f 1283/1812/1799 1288/1816/1803 1287/1864/1851
f 1283/1812/1799 1287/1864/1851 1289/1865/1852
f 1289/1865/1852 1285/1862/1849 1284/979/966
f 1289/1865/1852 1284/979/966 1283/1812/1799
f 1285/1862/1849 1289/1865/1852 1290/1866/1853
f 1286/1863/1850 1285/1862/1849 1290/1866/1853
f 1286/1863/1850 1290/1866/1853 1328/1867/1854
f 1291/1820/1807 1287/1864/1851 1288/1816/1803
f 1292/1868/1855 1287/1864/1851 1291/1820/1807
f 1292/1868/1855 1289/1865/1852 1287/1864/1851
f 1293/1869/1856 1289/1865/1852 1292/1868/1855
f 1289/1865/1852 1294/1870/1857 1290/1866/1853
f 1289/1865/1852 1293/1869/1856 1294/1870/1857
f 1290/1866/1853 1294/1870/1857 1331/1871/1858
f 1331/1871/1858 1294/1870/1857 1329/1872/1859
f 1331/1871/1858 1328/1867/1854 1290/1866/1853
f 1683/1823/1810 1685/1873/1860 1295/1874/1861
f 1292/1868/1855 1683/1823/1810 1295/1874/1861
f 1291/1820/1807 1683/1823/1810 1292/1868/1855
f 1295/1874/1861 1685/1873/1860 1296/1875/1862
f 1296/1875/1862 1293/1869/1856 1292/1868/1855
f 1296/1875/1862 1292/1868/1855 1295/1874/1861
f 1297/1876/1863 1294/1870/1857 1293/1869/1856
f 1297/1876/1863 1293/1869/1856 1296/1875/1862
f 1329/1872/1859 1294/1870/1857 1297/1876/1863
f 1286/1863/1850 706/1097/1085 703/1087/1075
f 1286/1863/1850 1334/1098/1086 706/1097/1085
f 1328/1867/1854 1334/1098/1086 1286/1863/1850
f 1305/1877/1864 1298/1833/1820 1306/1832/1819
f 1702/1838/1825 1298/1833/1820 1299/1878/1865
f 1305/1877/1864 1299/1878/1865 1298/1833/1820
f 1305/1877/1864 1314/1879/1866 1299/1878/1865
f 1303/1850/1837 1302/1880/1867 1300/1848/1835
f 1324/1881/1868 1303/1850/1837 1317/1851/1838
f 1302/1880/1867 1303/1850/1837 1324/1881/1868
f 1302/1880/1867 1324/1881/1868 1325/1882/1869
f 1306/1832/1819 1304/1883/1870 1305/1877/1864
f 1301/1849/1836 1304/1883/1870 1306/1832/1819
f 1300/1848/1835 1307/1884/1871 1301/1849/1836
f 1307/1884/1871 1304/1883/1870 1301/1849/1836
f 1302/1880/1867 1307/1884/1871 1300/1848/1835
f 1308/1885/1872 1305/1877/1864 1304/1883/1870
f 1304/1883/1870 1309/1886/1873 1308/1885/1872
f 1307/1884/1871 1309/1886/1873 1304/1883/1870
f 1310/1887/1874 1307/1884/1871 1302/1880/1867
f 1310/1887/1874 1309/1886/1873 1307/1884/1871
f 1302/1880/1867 1325/1882/1869 1310/1887/1874
f 1311/1888/1875 1308/1885/1872 1309/1886/1873
f 1309/1886/1873 1312/1889/1876 1311/1888/1875
f 1310/1887/1874 1312/1889/1876 1309/1886/1873
f 1327/1890/1877 1310/1887/1874 1325/1882/1869
f 1312/1889/1876 1310/1887/1874 1327/1890/1877
f 1313/1891/1878 1311/1888/1875 1312/1889/1876
f 5349/1892/1879 1363/1893/1880 5350/1894/1878
f 5351/1895/1881 1363/1893/1880 5349/1892/1879
f 1308/1885/1872 1314/1879/1866 1305/1877/1864
f 1308/1885/1872 1315/1896/1882 1314/1879/1866
f 1311/1888/1875 1315/1896/1882 1308/1885/1872
f 1348/1897/1883 1739/1898/1884 1315/1896/1882
f 1311/1888/1875 1348/1897/1883 1315/1896/1882
f 1313/1891/1878 1348/1897/1883 1311/1888/1875
f 1316/1899/1885 5352/1900/1886 5347/1860/1845
f 5347/1860/1845 5143/1086/1072 1316/1899/1885
f 5143/1086/1072 1319/1161/1153 1316/1899/1885
f 1320/1164/1156 1316/1899/1885 1319/1161/1153
f 1320/1164/1156 1321/1901/1887 1316/1899/1885
f 5353/1902/1888 1321/1901/1887 1320/1164/1156
f 5353/1902/1888 1323/1903/1889 1321/1901/1887
f 1323/1903/1889 5354/1904/1890 1351/1905/1891
f 1323/1903/1889 5353/1902/1888 5354/1904/1890
f 1316/1899/1885 5355/1906/1892 5352/1900/1886
f 5355/1906/1892 1321/1901/1887 5356/1907/1893
f 1316/1899/1885 1321/1901/1887 5355/1906/1892
f 5356/1907/1893 1321/1901/1887 1323/1903/1889
f 5356/1907/1893 1323/1903/1889 1326/1908/1894
f 1351/1905/1891 1326/1908/1894 1323/1903/1889
f 1359/1909/1895 1326/1908/1894 1351/1905/1891
f 1326/1908/1894 5351/1895/1881 5356/1907/1893
f 1359/1909/1895 1363/1893/1880 1326/1908/1894
f 1326/1908/1894 1363/1893/1880 5351/1895/1881
f 1329/1872/1859 1330/1910/1896 1331/1871/1858
f 1331/1871/1858 1330/1910/1896 1338/1911/1897
f 1328/1867/1854 1331/1871/1858 1338/1911/1897
f 1338/1911/1897 1330/1910/1896 1332/1912/1898
f 1329/1872/1859 1715/1913/1899 1330/1910/1896
f 1330/1910/1896 1715/1913/1899 1333/1914/1900
f 1333/1914/1900 1332/1912/1898 1330/1910/1896
f 1333/1914/1900 1717/1915/1901 1332/1912/1898
f 758/1170/1162 1334/1098/1086 1335/1916/1902
f 1335/1916/1902 1336/1171/1163 758/1170/1162
f 1337/1917/1903 1336/1171/1163 1335/1916/1902
f 1337/1917/1903 1343/1173/1165 1336/1171/1163
f 1366/1918/1904 1343/1173/1165 1337/1917/1903
f 1328/1867/1854 1338/1911/1897 1334/1098/1086
f 1334/1098/1086 1338/1911/1897 1339/1919/1905
f 1339/1919/1905 1335/1916/1902 1334/1098/1086
f 1339/1919/1905 1337/1917/1903 1335/1916/1902
f 1340/1920/1906 1366/1918/1904 1337/1917/1903
f 1339/1919/1905 1340/1920/1906 1337/1917/1903
f 1332/1912/1898 1339/1919/1905 1338/1911/1897
f 1332/1912/1898 1341/1921/1907 1339/1919/1905
f 1341/1921/1907 1340/1920/1906 1339/1919/1905
f 1341/1921/1907 1342/1922/1908 1340/1920/1906
f 1717/1915/1901 1341/1921/1907 1332/1912/1898
f 1717/1915/1901 1727/1923/1909 1342/1922/1908
f 1341/1921/1907 1717/1915/1901 1342/1922/1908
f 1374/1924/1910 1344/1182/1174 1343/1173/1165
f 1366/1918/1904 1374/1924/1910 1343/1173/1165
f 1384/1255/1257 1405/1925/1911 1358/1256/1258
f 5350/1894/1878 1363/1893/1880 1362/1926/1912
f 5350/1894/1878 1362/1926/1912 1345/1927/1913
f 1345/1927/1913 1362/1926/1912 1364/1928/1914
f 1345/1927/1913 1364/1928/1914 1346/1929/1915
f 1346/1929/1915 1364/1928/1914 1365/1930/1916
f 1346/1929/1915 1365/1930/1916 1347/1931/1917
f 1347/1931/1917 1365/1930/1916 1407/1932/1918
f 1347/1931/1917 1407/1932/1918 1397/1933/1919
f 1738/1934/1920 1739/1898/1884 1348/1897/1883
f 1348/1897/1883 1349/1935/1921 1738/1934/1920
f 1313/1891/1878 1349/1935/1921 1348/1897/1883
f 1345/1927/1913 5357/1936/1921 5350/1894/1878
f 1738/1934/1920 1349/1935/1921 5358/1937/1922
f 1738/1934/1920 5358/1937/1922 1742/1938/1923
f 1345/1927/1913 1346/1929/1915 5357/1936/1921
f 1742/1938/1923 5358/1937/1922 1350/1939/1924
f 1742/1938/1923 1350/1939/1924 1743/1940/1925
f 1347/1931/1917 5359/1941/1926 1346/1929/1915
f 5360/1942/1925 5359/1941/1926 1402/1943/1927
f 1397/1933/1919 1402/1943/1927 1347/1931/1917
f 1347/1931/1917 1402/1943/1927 5359/1941/1926
f 1353/1944/1928 1351/1905/1891 5361/1945/1929
f 5361/1945/1929 1351/1905/1891 5354/1904/1890
f 5362/1946/1930 1353/1944/1928 5361/1945/1929
f 1355/1260/1262 1356/1947/1931 5363/1948/1932
f 817/1254/1256 1356/1947/1931 1355/1260/1262
f 817/1254/1256 1357/1949/1933 1356/1947/1931
f 1405/1925/1911 817/1254/1256 1358/1256/1258
f 1405/1925/1911 1357/1949/1933 817/1254/1256
f 1353/1944/1928 1359/1909/1895 1351/1905/1891
f 1353/1944/1928 1360/1950/1934 1359/1909/1895
f 5364/1951/1935 1360/1950/1934 1353/1944/1928
f 5365/1952/1936 1360/1950/1934 5364/1951/1935
f 1357/1949/1933 1361/1953/1937 5366/1954/1938
f 1405/1925/1911 1361/1953/1937 1357/1949/1933
f 1405/1925/1911 5367/1955/1939 1361/1953/1937
f 1360/1950/1934 1362/1926/1912 1359/1909/1895
f 1359/1909/1895 1362/1926/1912 1363/1893/1880
f 1360/1950/1934 1364/1928/1914 1362/1926/1912
f 5368/1956/1940 1365/1930/1916 1360/1950/1934
f 1360/1950/1934 1365/1930/1916 1364/1928/1914
f 5368/1956/1940 1407/1932/1918 1365/1930/1916
f 1366/1918/1904 1340/1920/1906 1367/1957/1941
f 1367/1957/1941 1378/1958/1942 1366/1918/1904
f 1368/1959/1943 1378/1958/1942 1367/1957/1941
f 1340/1920/1906 1342/1922/1908 1369/1960/1944
f 1340/1920/1906 1369/1960/1944 1367/1957/1941
f 1369/1960/1944 1368/1959/1943 1367/1957/1941
f 1369/1960/1944 1370/1961/1945 1368/1959/1943
f 1368/1959/1943 1370/1961/1945 1408/1962/1946
f 1342/1922/1908 1727/1923/1909 1371/1963/1947
f 1371/1963/1947 1369/1960/1944 1342/1922/1908
f 1371/1963/1947 1758/1964/1948 1369/1960/1944
f 1369/1960/1944 1758/1964/1948 1372/1965/1949
f 1372/1965/1949 1370/1961/1945 1369/1960/1944
f 1409/1966/1950 1370/1961/1945 1372/1965/1949
f 1409/1966/1950 1408/1962/1946 1370/1961/1945
f 1373/1967/1951 1374/1924/1910 1366/1918/1904
f 1374/1924/1910 1375/1261/1263 1344/1182/1174
f 1373/1967/1951 1375/1261/1263 1374/1924/1910
f 1376/1968/1952 1375/1261/1263 1373/1967/1951
f 1377/1969/1953 819/1262/1264 1375/1261/1263
f 1376/1968/1952 1377/1969/1953 1375/1261/1263
f 1377/1969/1953 829/1264/1266 819/1262/1264
f 1377/1969/1953 1380/1273/1275 829/1264/1266
f 1410/1970/1276 1380/1273/1275 1377/1969/1953
f 1378/1958/1942 1373/1967/1951 1366/1918/1904
f 1368/1959/1943 1373/1967/1951 1378/1958/1942
f 1379/1971/1954 1373/1967/1951 1368/1959/1943
f 1379/1971/1954 1376/1968/1952 1373/1967/1951
f 1411/1972/1955 1376/1968/1952 1379/1971/1954
f 1411/1972/1955 1377/1969/1953 1376/1968/1952
f 1411/1972/1955 1410/1970/1276 1377/1969/1953
f 1408/1962/1946 1379/1971/1954 1368/1959/1943
f 1410/1970/1276 830/1274/1276 1380/1273/1275
f 1382/1358/1357 1383/1973/1956 1384/1255/1257
f 1383/1973/1956 1406/1974/1957 1384/1255/1257
f 1406/1974/1957 1405/1925/1911 1384/1255/1257
f 1381/1357/1356 1385/1975/1958 1382/1358/1357
f 1386/1360/1359 1385/1975/1958 1381/1357/1356
f 1382/1358/1357 1385/1975/1958 1383/1973/1956
f 1387/1976/1959 1388/1362/1363 1389/1363/1364
f 1386/1360/1359 1388/1362/1363 1385/1975/1958
f 1385/1975/1958 1388/1362/1363 1387/1976/1959
f 5369/1977/1960 1440/1978/1961 5370/1979/1962
f 5370/1979/1962 1440/1978/1961 1390/1980/1963
f 1391/1981/1964 5367/1955/1939 1406/1974/1957
f 1391/1981/1964 1406/1974/1957 1383/1973/1956
f 1392/1982/1965 1383/1973/1956 1385/1975/1958
f 1392/1982/1965 1391/1981/1964 1383/1973/1956
f 1393/1983/1966 1394/1984/1967 1387/1976/1959
f 1387/1976/1959 1394/1984/1967 1385/1975/1958
f 1394/1984/1967 1395/1985/1968 1385/1975/1958
f 1385/1975/1958 1395/1985/1968 1392/1982/1965
f 1396/1986/1969 1447/1987/1970 5371/1988/1971
f 1396/1986/1969 1450/1989/1972 1447/1987/1970
f 1394/1984/1967 1393/1983/1966 1451/1990/1973
f 1451/1990/1973 1393/1983/1966 5372/1991/1974
f 5373/1992/1975 1397/1933/1919 1407/1932/1918
f 1398/1993/1976 1397/1933/1919 5373/1992/1975
f 5374/1994/1977 1398/1993/1976 5373/1992/1975
f 1392/1982/1965 1399/1995/1978 5375/1996/1979
f 1400/1997/1980 1401/1998/1981 1395/1985/1968
f 1400/1997/1980 1395/1985/1968 1394/1984/1967
f 1392/1982/1965 1395/1985/1968 1399/1995/1978
f 1399/1995/1978 1395/1985/1968 1401/1998/1981
f 1451/1990/1973 1400/1997/1980 1394/1984/1967
f 5376/1999/1982 1455/2000/1983 5377/2001/1984
f 1402/1943/1927 1403/2002/1985 1765/2003/1986
f 1398/1993/1976 1403/2002/1985 1397/1933/1919
f 1397/1933/1919 1403/2002/1985 1402/1943/1927
f 1765/2003/1986 1403/2002/1985 1404/2004/1987
f 1765/2003/1986 1404/2004/1987 1766/2005/1988
f 5378/2006/1989 1404/2004/1987 1398/1993/1976
f 1398/1993/1976 1404/2004/1987 1403/2002/1985
f 1766/2005/1988 1404/2004/1987 5379/2007/1990
f 5377/2001/1984 1766/2005/1988 5379/2007/1990
f 1767/2008/1991 1766/2005/1988 5377/2001/1984
f 5379/2007/1990 1404/2004/1987 5378/2006/1989
f 1795/2009/1992 1767/2008/1991 1455/2000/1983
f 1767/2008/1991 5377/2001/1984 1455/2000/1983
f 1405/1925/1911 1406/1974/1957 5367/1955/1939
f 1781/2010/1993 1417/2011/1994 1408/1962/1946
f 1409/1966/1950 1781/2010/1993 1408/1962/1946
f 1417/2011/1994 1781/2010/1993 1419/2012/1995
f 1411/1972/1955 1421/2013/1996 1410/1970/1276
f 1412/2014/1997 1421/2013/1996 1411/1972/1955
f 1413/2015/1998 1421/2013/1996 1412/2014/1997
f 1414/2016/1082 1379/1971/1954 1408/1962/1946
f 1379/1971/1954 1412/2014/1997 1411/1972/1955
f 1414/2016/1082 1412/2014/1997 1379/1971/1954
f 1415/2017/1999 1412/2014/1997 1414/2016/1082
f 1415/2017/1999 1413/2015/1998 1412/2014/1997
f 1416/2018/2000 1413/2015/1998 1415/2017/1999
f 1416/2018/2000 1425/2019/2001 1413/2015/1998
f 1417/2011/1994 1414/2016/1082 1408/1962/1946
f 1417/2011/1994 1418/2020/1998 1414/2016/1082
f 1419/2012/1995 1418/2020/1998 1417/2011/1994
f 1418/2020/1998 1415/2017/1999 1414/2016/1082
f 1791/2021/2002 1420/2022/2003 1419/2012/1995
f 1420/2022/2003 1418/2020/1998 1419/2012/1995
f 1418/2020/1998 1416/2018/2000 1415/2017/1999
f 1420/2022/2003 1416/2018/2000 1418/2020/1998
f 1791/2021/2002 1463/2023/2004 1420/2022/2003
f 1463/2023/2004 1416/2018/2000 1420/2022/2003
f 1421/2013/1996 830/1274/1276 1410/1970/1276
f 1421/2013/1996 1422/1370/1275 830/1274/1276
f 1423/2024/2005 1422/1370/1275 1421/2013/1996
f 1423/2024/2005 882/1371/1371 1422/1370/1275
f 1424/2025/2006 882/1371/1371 1423/2024/2005
f 1424/2025/2006 892/1372/1372 882/1371/1371
f 1424/2025/2006 1478/2026/2007 892/1372/1372
f 1424/2025/2006 1466/2027/2008 1478/2026/2007
f 1413/2015/1998 1423/2024/2005 1421/2013/1996
f 1425/2019/2001 1423/2024/2005 1413/2015/1998
f 1425/2019/2001 1424/2025/2006 1423/2024/2005
f 1425/2019/2001 1468/2028/2009 1424/2025/2006
f 1416/2018/2000 1468/2028/2009 1425/2019/2001
f 1478/2026/2007 1426/1390/1383 892/1372/1372
f 1437/2029/2010 1427/2030/2011 1439/2031/2012
f 1441/2032/2013 1443/1432/1421 1429/1426/1415
f 1441/2032/2013 1429/1426/1415 1428/1428/1417
f 5261/1434/1423 1430/2033/2014 912/1425/1414
f 1430/2033/2014 1431/2034/2015 912/1425/1414
f 912/1425/1414 1431/2034/2015 1428/1428/1417
f 1431/2034/2015 1432/2035/2016 1428/1428/1417
f 1428/1428/1417 1432/2035/2016 1441/2032/2013
f 1441/2032/2013 1432/2035/2016 1444/2036/2017
f 1502/2037/2018 914/1433/1422 1433/1416/1405
f 5380/2038/2019 1504/2039/2020 5261/1434/2021
f 1504/2039/2020 1434/2040/2022 5261/1434/2021
f 5381/2041/2023 5382/2042/2024 914/1433/2025
f 1430/2033/2014 1434/2040/2022 1431/2034/2015
f 1437/2029/2010 1445/2043/2026 1427/2030/2011
f 1431/2034/2015 1435/2044/2027 1432/2035/2016
f 1504/2039/2020 1506/2045/2028 1434/2040/2022
f 1506/2045/2028 1507/2046/2029 1434/2040/2022
f 1507/2046/2029 1431/2034/2015 1434/2040/2022
f 1507/2046/2029 1435/2044/2027 1431/2034/2015
f 1801/2047/2030 1461/2048/2031 1833/2049/2032
f 1461/2048/2031 1519/2050/2033 1833/2049/2032
f 1436/1435/1424 5383/2051/2034 1438/1368/1369
f 1437/2029/2010 1439/2031/2012 5369/1977/1960
f 1439/2031/2012 1440/1978/1961 5369/1977/1960
f 1441/2032/2013 1442/2052/2035 1443/1432/1421
f 1442/2052/2035 1436/1435/1424 1443/1432/1421
f 1442/2052/2035 5383/2051/2034 1436/1435/1424
f 1441/2032/2013 1444/2036/2017 1442/2052/2035
f 1446/2053/2036 5372/1991/1974 1448/2054/2037
f 5372/1991/1974 1449/2055/2038 1448/2054/2037
f 1447/1987/1970 1450/1989/1972 5384/2056/2039
f 5372/1991/1974 1446/2053/2036 1451/1990/1973
f 1442/2052/2035 1452/2057/2040 5383/2051/2034
f 5385/2058/2041 1445/2043/2026 1437/2029/2010
f 5386/2059/2042 5384/2056/2043 1453/2060/2044
f 1444/2036/2017 1452/2057/2040 1442/2052/2035
f 1454/2061/2045 5387/2062/2046 1446/2053/2036
f 1454/2061/2045 1446/2053/2036 1448/2054/2037
f 5376/1999/1982 5388/2063/2047 1455/2000/1983
f 1456/2064/2048 1457/2065/2049 1453/2060/2050
f 5389/2066/2051 1458/2067/2052 5390/2068/2053
f 5391/2069/2054 5386/2059/2042 1453/2060/2044
f 5389/2066/2051 1459/2070/2055 1458/2067/2052
f 1454/2061/2045 1448/2054/2037 1458/2067/2052
f 5389/2066/2051 1460/2071/2056 1459/2070/2055
f 5392/2072/2057 1795/2009/1992 1455/2000/1983
f 1794/2073/2058 5393/2074/2059 1454/2061/2045
f 1797/2075/2060 1796/2076/2061 1458/2067/2052
f 1797/2075/2060 1458/2067/2052 1459/2070/2055
f 1454/2061/2045 1458/2067/2052 1794/2073/2058
f 1794/2073/2058 1458/2067/2052 1796/2076/2061
f 1461/2048/2031 1799/2077/2062 1460/2071/2056
f 1799/2077/2062 1459/2070/2055 1460/2071/2056
f 1799/2077/2062 1797/2075/2060 1459/2070/2055
f 1461/2048/2031 1801/2047/2030 1799/2077/2062
f 1463/2023/2004 1462/2078/2063 1416/2018/2000
f 1463/2023/2004 1464/2079/2064 1462/2078/2063
f 1826/2080/2065 1465/2081/2066 1464/2079/2064
f 1465/2081/2066 1462/2078/2063 1464/2079/2064
f 1826/2080/2065 1828/2082/2067 1465/2081/2066
f 1477/2083/2068 1465/2081/2066 1828/2082/2067
f 1477/2083/2068 1462/2078/2063 1465/2081/2066
f 1477/2083/2068 1828/2082/2067 1524/2084/2069
f 1524/2084/2069 1828/2082/2067 1526/2085/2070
f 1467/2086/2071 1478/2026/2007 1466/2027/2008
f 1469/2087/2072 1424/2025/2006 1468/2028/2009
f 1469/2087/2072 1466/2027/2008 1424/2025/2006
f 1470/2088/2073 1471/2089/2008 1469/2087/2072
f 1471/2089/2008 1466/2027/2008 1469/2087/2072
f 1466/2027/2008 1485/2090/2074 1467/2086/2071
f 1471/2089/2008 1485/2090/2074 1466/2027/2008
f 1471/2089/2008 1470/2088/2073 1472/2091/2075
f 5394/2092/2008 1486/2093/2076 5395/2094/2077
f 5394/2092/2008 5396/2095/2075 1486/2093/2076
f 1416/2018/2000 1469/2087/2072 1468/2028/2009
f 1462/2078/2063 1469/2087/2072 1416/2018/2000
f 1473/2096/2078 1474/2097/2079 1462/2078/2063
f 1474/2097/2079 1469/2087/2072 1462/2078/2063
f 1474/2097/2079 1475/2098/2080 1469/2087/2072
f 1475/2098/2080 1470/2088/2073 1469/2087/2072
f 1474/2097/2079 1473/2096/2078 1476/2099/2081
f 1474/2097/2079 1476/2099/2081 1475/2098/2080
f 1475/2098/2080 1472/2091/2075 1470/2088/2073
f 1521/2100/2082 1520/2101/2083 1476/2099/2081
f 1520/2101/2083 1475/2098/2080 1476/2099/2081
f 1475/2098/2080 1522/2102/2084 1472/2091/2075
f 1520/2101/2083 1522/2102/2084 1475/2098/2080
f 5397/2103/2085 1486/2093/2076 5396/2095/2075
f 1477/2083/2068 1476/2099/2081 1473/2096/2078
f 1477/2083/2068 1473/2096/2078 1462/2078/2063
f 1524/2084/2069 1476/2099/2081 1477/2083/2068
f 1478/2026/2007 1479/2104/2086 1426/1390/1383
f 1478/2026/2007 1467/2086/2071 1479/2104/2086
f 1480/2105/2087 918/1391/1384 1426/1390/1383
f 1479/2104/2086 1480/2105/2087 1426/1390/1383
f 5262/1437/1425 5398/2106/1384 5399/2107/2087
f 1482/2108/2088 1479/2104/2086 1467/2086/2071
f 5400/2109/2086 1483/2110/2089 5401/2111/2087
f 5400/2109/2086 5402/2112/2090 1483/2110/2089
f 5401/2111/2087 1483/2110/2089 1481/1436/1425
f 5262/1437/1425 5403/2113/2091 1484/2114/2092
f 5262/1437/1425 1484/2114/2092 1488/1438/1426
f 1488/1438/1426 1484/2114/2092 1495/2115/2093
f 1485/2090/2074 1482/2108/2088 1467/2086/2071
f 1486/2093/2076 5402/2112/2090 5395/2094/2077
f 1486/2093/2076 1531/2116/2094 5402/2112/2090
f 5402/2112/2090 1533/2117/2095 1483/2110/2089
f 5402/2112/2090 1531/2116/2094 1533/2117/2095
f 5403/2113/2091 5404/2118/2096 1484/2114/2092
f 1484/2114/2092 1546/2119/2097 1495/2115/2093
f 1484/2114/2092 5404/2118/2096 1546/2119/2097
f 1487/2120/2098 921/1414/1403 1488/1438/1426
f 1489/1439/1427 921/1414/1403 1487/2120/2098
f 1490/2121/2099 922/1415/1404 1489/1439/1427
f 5405/2122/2100 1491/2123/2101 5406/2124/2102
f 922/1415/1404 5407/2125/2103 1433/1416/1405
f 1488/1438/1426 1492/2126/2104 1487/2120/2098
f 1487/2120/2098 1493/2127/2105 1489/1439/1427
f 1487/2120/2098 1492/2126/2104 1493/2127/2105
f 1491/2123/2101 5405/2122/2100 1494/2128/2106
f 5405/2122/2100 5408/2129/2107 1494/2128/2106
f 1490/2121/2099 1489/1439/1427 1493/2127/2105
f 1488/1438/1426 1495/2115/2093 1492/2126/2104
f 1493/2127/2105 1492/2126/2104 1496/2130/2108
f 5408/2129/2107 5409/2131/2109 1494/2128/2106
f 1494/2128/2106 1497/2132/2110 1491/2123/2101
f 1510/2133/2111 5407/2125/2112 5410/2134/2110
f 1498/2135/2113 1492/2126/2104 1495/2115/2093
f 1499/2136/2114 1496/2130/2108 1492/2126/2104
f 5411/2137/2115 5412/2138/2116 5413/2139/2117
f 5409/2131/2109 5411/2137/2118 1494/2128/2106
f 5411/2137/2118 1500/2140/2119 1494/2128/2106
f 1500/2140/2119 1497/2132/2110 1494/2128/2106
f 5410/2134/2110 5414/2141/2120 1510/2133/2111
f 1495/2115/2093 1548/2142/2121 1498/2135/2113
f 1495/2115/2093 1546/2119/2097 1548/2142/2121
f 5411/2137/2115 5413/2139/2117 5415/2143/2122
f 1516/2144/2123 1510/2133/2111 5414/2141/2120
f 5415/2143/2122 1552/2145/2124 5411/2137/2115
f 1552/2145/2124 1553/2146/2125 5411/2137/2115
f 5416/2147/2126 1501/2148/2127 1499/2136/2128
f 1501/2148/2127 5414/2141/2120 1499/2136/2128
f 5414/2141/2120 1501/2148/2127 1516/2144/2123
f 1433/1416/1405 5407/2125/2103 1502/2037/2018
f 5380/2038/2019 1491/2123/2129 1503/2149/2130
f 5380/2038/2019 1503/2149/2130 1504/2039/2020
f 1505/2150/2131 5417/2151/2132 5407/2125/2112
f 1506/2045/2028 1504/2039/2020 1503/2149/2130
f 5418/2152/2133 1506/2045/2028 1503/2149/2130
f 1508/2153/2134 1505/2150/2131 1509/2154/2135
f 1505/2150/2131 1510/2133/2111 1509/2154/2135
f 1505/2150/2131 5407/2125/2112 1510/2133/2111
f 5418/2152/2133 5419/2155/2136 1506/2045/2028
f 1506/2045/2028 1511/2156/2137 1507/2046/2029
f 5420/2157/2138 5421/2158/2139 1512/2159/2140
f 1513/2160/2141 5422/2161/2142 1514/2162/2143
f 5423/2163/2144 5424/2164/2145 1512/2159/2140
f 5424/2164/2145 5420/2157/2138 1512/2159/2140
f 1515/2165/2146 1513/2160/2141 1514/2162/2143
f 5425/2166/2147 1517/2167/2148 5426/2168/2149
f 1510/2133/2111 5427/2169/2150 1509/2154/2135
f 1517/2167/2151 1518/2170/2152 5422/2161/2153
f 5428/2171/2154 5429/2172/2155 1509/2154/2156
f 1514/2162/2143 1518/2170/2157 1515/2165/2146
f 1519/2050/2033 1832/2173/2158 1833/2049/2032
f 5397/2103/2085 1536/2174/2159 1486/2093/2076
f 5430/2175/2160 1536/2174/2159 5397/2103/2085
f 1523/2176/2161 5430/2175/2160 5431/2177/2162
f 5430/2175/2160 1538/2178/2163 1536/2174/2159
f 5430/2175/2160 1523/2176/2161 1538/2178/2163
f 5432/2179/2164 5433/2180/2165 1542/2181/2166
f 1524/2084/2069 1525/2182/2167 1476/2099/2081
f 1524/2084/2069 1526/2085/2070 1525/2182/2167
f 1525/2182/2167 1521/2100/2082 1476/2099/2081
f 1528/2183/2168 1525/2182/2167 1526/2085/2070
f 1525/2182/2167 1527/2184/2084 1521/2100/2082
f 5434/2185/2084 1523/2176/2161 5431/2177/2162
f 1525/2182/2167 1529/2186/2169 1527/2184/2084
f 1525/2182/2167 1528/2183/2168 1529/2186/2169
f 5434/2185/2084 1530/2187/2170 1523/2176/2161
f 1529/2186/2169 5435/2188/2171 1527/2184/2084
f 5436/2189/2172 1523/2176/2161 1530/2187/2170
f 1919/2190/2173 1560/2191/2174 5437/2192/2168
f 1560/2191/2174 5438/2193/2169 5437/2192/2168
f 5438/2193/2169 1563/2194/2175 1530/2187/2171
f 5438/2193/2169 1560/2191/2174 1563/2194/2175
f 5439/2195/606 1566/2196/2176 1542/2181/2177
f 5439/2195/606 5440/2197/2178 1566/2196/2176
f 5441/2198/2179 5442/2199/2180 1532/2200/2181
f 1531/2116/2094 5443/2201/2182 1533/2117/2095
f 5404/2118/2183 1532/2200/2184 1534/2202/2185
f 1533/2117/2183 5444/2203/2186 1535/2204/2187
f 5404/2118/2096 5445/2205/2187 1546/2119/2097
f 1546/2119/2097 5445/2205/2187 1547/2206/2188
f 5443/2201/2189 1486/2093/2076 1536/2174/2159
f 1550/2207/2190 1547/2206/2188 5445/2205/2187
f 1536/2174/2159 1537/2208/2191 5443/2201/2189
f 1536/2174/2159 1538/2178/2163 1537/2208/2191
f 5443/2201/2189 1539/2209/2192 5444/2203/2193
f 5443/2201/2189 1537/2208/2191 1539/2209/2192
f 1534/2202/2194 1540/2210/2195 5445/2205/2187
f 5444/2203/2193 1539/2209/2192 5446/2211/2196
f 1550/2207/2190 1540/2210/2195 1541/2212/2197
f 1550/2207/2190 5445/2205/2187 1540/2210/2195
f 1538/2178/2163 5436/2189/2172 1537/2208/2191
f 5447/2213/2191 1542/2181/2198 1543/2214/2199
f 1537/2208/2191 5448/2215/2199 1539/2209/2192
f 5449/2216/2200 1543/2214/2199 1544/2217/2201
f 5449/2216/2200 1544/2217/2201 1540/2210/2195
f 1540/2210/2195 1544/2217/2201 1545/2218/2202
f 1540/2210/2195 1545/2218/2202 1541/2212/2197
f 1558/2219/2203 1541/2212/2197 1545/2218/2202
f 5436/2189/2172 1564/2220/2204 5448/2215/2199
f 1542/2181/2177 1566/2196/2176 5450/2221/2204
f 1543/2214/2199 1567/2222/2205 1544/2217/2201
f 5448/2215/2199 1564/2220/2204 5451/2223/2206
f 1545/2218/2202 1544/2217/2201 1567/2222/2205
f 1546/2119/2097 1547/2206/2188 1548/2142/2121
f 1549/2224/2207 1548/2142/2121 1547/2206/2188
f 1549/2224/2207 1547/2206/2188 1550/2207/2190
f 5452/2225/2207 1551/2226/2208 5415/2143/2122
f 1551/2226/2208 1552/2145/2124 5415/2143/2122
f 1552/2145/2124 1551/2226/2208 1553/2146/2125
f 1550/2207/2190 1541/2212/2197 1549/2224/2207
f 1554/2227/2209 1553/2146/2125 1551/2226/2208
f 1555/2228/2210 1554/2227/2209 1551/2226/2208
f 1559/2229/2211 1555/2228/2210 1870/2230/2212
f 1559/2229/2211 1554/2227/2209 1555/2228/2210
f 1556/2231/2213 1549/2224/2207 1541/2212/2197
f 5453/2232/2213 1551/2226/2208 5452/2225/2207
f 1557/2233/2214 5454/2234/2215 1556/2231/2213
f 1555/2228/2210 1551/2226/2208 5455/2235/2216
f 5453/2232/2217 5456/2236/2218 1874/2237/2219
f 1556/2231/2213 1541/2212/2197 1558/2219/2203
f 1556/2231/2213 5457/2238/2219 1557/2233/2214
f 1560/2191/2174 1919/2190/2173 1561/2239/2220
f 1560/2191/2174 1562/2240/2221 1563/2194/2175
f 1560/2191/2174 1561/2239/2220 1562/2240/2221
f 5440/2197/2178 1565/2241/2222 1566/2196/2176
f 5440/2197/2178 5458/2242/2223 1565/2241/2222
f 5458/2242/2223 5459/2243/2224 1924/2244/2225
f 5458/2242/2223 1924/2244/2225 1565/2241/2222
f 5450/2221/2204 1565/2241/2222 1931/2245/2226
f 5450/2221/2204 1566/2196/2176 1565/2241/2222
f 5450/2221/2204 1931/2245/2226 1567/2222/2205
f 1040/1604/1593 1569/2246/2227 1039/1603/1592
f 1570/1608/1597 1569/2246/2227 1040/1604/1593
f 1568/1602/1591 1581/2247/2228 5321/1606/1595
f 1582/2248/2229 1568/1602/1591 1039/1603/1592
f 1581/2247/2228 1568/1602/1591 1582/2248/2229
f 1582/2248/2229 1039/1603/1592 1569/2246/2227
f 1572/2249/2230 1571/1685/1673 1124/1595/1584
f 1041/1594/1583 1572/2249/2230 1124/1595/1584
f 1574/2250/2231 5460/2251/2232 1571/1685/1673
f 1574/2250/2231 1571/1685/1673 1572/2249/2230
f 1576/2252/2233 1575/1689/1677 1573/1687/1675
f 1576/2252/2233 1573/1687/1675 5461/2253/2234
f 1577/2254/2235 1195/1669/1658 1575/1689/1677
f 1577/2254/2235 1575/1689/1677 1576/2252/2233
f 1572/2249/2230 1585/2255/2236 1574/2250/2231
f 1578/2256/2237 5462/2257/2238 1574/2250/2231
f 1578/2256/2237 1574/2250/2231 1585/2255/2236
f 1614/2258/2239 1577/2254/2235 1576/2252/2233
f 1579/2259/2240 1614/2258/2239 1576/2252/2233
f 1579/2259/2240 1576/2252/2233 5463/2260/2241
f 5464/2261/2242 1588/2262/2243 5465/2263/2244
f 1580/2264/2245 5466/2265/2246 5465/2263/2244
f 1580/2264/2245 5465/2263/2244 1588/2262/2243
f 1588/2262/2243 1619/2266/2247 1580/2264/2245
f 5467/2267/2248 5321/1606/1595 1581/2247/2228
f 1582/2248/2229 1569/2246/2227 1583/2268/2249
f 1569/2246/2227 1594/2269/2250 1583/2268/2249
f 1570/1608/1597 1594/2269/2250 1569/2246/2227
f 1596/2270/2251 1583/2268/2249 1594/2269/2250
f 5464/2261/2242 1581/2247/2228 1584/2271/2252
f 5467/2267/2248 1581/2247/2228 5464/2261/2242
f 1584/2271/2252 1581/2247/2228 1582/2248/2229
f 1584/2271/2252 1582/2248/2229 1586/2272/2253
f 1586/2272/2253 1582/2248/2229 1583/2268/2249
f 1586/2272/2253 1583/2268/2249 1587/2273/2254
f 1600/2274/2255 1587/2273/2254 1596/2270/2251
f 1587/2273/2254 1583/2268/2249 1596/2270/2251
f 1584/2271/2252 1588/2262/2243 5464/2261/2242
f 1584/2271/2252 1589/2275/2256 1588/2262/2243
f 1589/2275/2256 1586/2272/2253 1590/2276/2257
f 1584/2271/2252 1586/2272/2253 1589/2275/2256
f 1586/2272/2253 1587/2273/2254 1590/2276/2257
f 1600/2274/2255 1602/2277/2258 1587/2273/2254
f 1588/2262/2243 1589/2275/2256 1591/2278/2259
f 1591/2278/2259 1589/2275/2256 1590/2276/2257
f 1592/2279/2260 1590/2276/2257 1587/2273/2254
f 1592/2279/2260 1587/2273/2254 1602/2277/2258
f 1592/2279/2260 1602/2277/2258 1603/2280/2261
f 1591/2278/2259 1620/2281/2262 1588/2262/2243
f 1588/2262/2243 1620/2281/2262 1619/2266/2247
f 1590/2276/2257 1620/2281/2262 1591/2278/2259
f 1590/2276/2257 1621/2282/2263 1620/2281/2262
f 1592/2279/2260 1622/2283/2264 1590/2276/2257
f 1622/2283/2264 1621/2282/2263 1590/2276/2257
f 1603/2280/2261 1629/2284/2265 1592/2279/2260
f 1592/2279/2260 1629/2284/2265 1622/2283/2264
f 1593/1700/1688 1594/2269/2250 1570/1608/1597
f 1595/1702/1690 1596/2270/2251 1597/1701/1689
f 1596/2270/2251 1594/2269/2250 1597/1701/1689
f 1594/2269/2250 1593/1700/1688 1597/1701/1689
f 1598/2285/2266 1595/1702/1690 1599/1703/1691
f 1133/1704/1692 1598/2285/2266 1599/1703/1691
f 1623/2286/2267 1598/2285/2266 1133/1704/1692
f 1133/1704/1692 1605/1705/1693 1623/2286/2267
f 1595/1702/1690 1600/2274/2255 1596/2270/2251
f 1601/2287/2266 1600/2274/2255 1595/1702/1690
f 1598/2285/2266 1601/2287/2266 1595/1702/1690
f 1624/2288/2268 1601/2287/2266 1598/2285/2266
f 1623/2286/2267 1624/2288/2268 1598/2285/2266
f 1601/2287/2266 1602/2277/2258 1600/2274/2255
f 1626/2289/2269 1603/2280/2261 1601/2287/2266
f 1603/2280/2261 1602/2277/2258 1601/2287/2266
f 1624/2288/2268 1626/2289/2269 1601/2287/2266
f 1626/2289/2269 1629/2284/2265 1603/2280/2261
f 1149/1716/1704 1634/2290/2270 1604/1718/1706
f 1196/1719/1707 1634/2290/2270 1149/1716/1704
f 1195/1669/1658 1606/2291/2271 1607/1758/1746
f 5468/2292/2272 5469/2293/2273 5470/2294/2274
f 1609/2295/2275 5336/1761/2276 1606/2291/2277
f 1608/1760/1748 5471/2296/2278 1610/1762/1750
f 1611/2297/2279 1651/1763/1751 1610/1762/1750
f 1611/2297/2279 1610/1762/1750 5471/2296/2278
f 1612/2298/2280 5472/2299/2281 5468/2292/2282
f 5471/2296/2278 1659/2300/2283 1611/2297/2279
f 1612/2298/2280 5473/2301/2283 5472/2299/2281
f 1664/2302/2284 1612/2298/2280 1618/2303/2285
f 1664/2302/2284 5473/2301/2283 1612/2298/2280
f 1195/1669/1658 1577/2254/2235 1606/2291/2271
f 1613/2304/2286 5468/2292/2282 5474/2305/2287
f 5475/2306/2239 1613/2304/2286 5474/2305/2287
f 1612/2298/2280 5468/2292/2282 1613/2304/2286
f 1579/2259/2240 1615/2307/2288 1614/2258/2239
f 1616/2308/2289 1612/2298/2280 1613/2304/2286
f 1617/2309/2290 1616/2308/2289 1613/2304/2286
f 5475/2306/2239 1617/2309/2290 1613/2304/2286
f 1617/2309/2290 5475/2306/2239 5476/2310/2288
f 1612/2298/2280 1616/2308/2289 1618/2303/2285
f 2180/2311/2291 5477/2312/2288 5466/2265/2246
f 2180/2311/2291 5466/2265/2246 1580/2264/2245
f 2180/2311/2291 1580/2264/2245 1619/2266/2247
f 2180/2311/2291 1619/2266/2247 1620/2281/2262
f 2183/2313/2292 1616/2308/2289 1617/2309/2290
f 2181/2314/2293 2183/2313/2292 1617/2309/2290
f 2181/2314/2293 1617/2309/2290 5476/2310/2288
f 5478/2315/2293 5477/2312/2288 2180/2311/2291
f 2183/2313/2292 1618/2303/2285 1616/2308/2289
f 2218/2316/2294 1664/2302/2284 1618/2303/2285
f 2183/2313/2292 2218/2316/2294 1618/2303/2285
f 1623/2286/2267 1605/1705/1693 1632/2317/2295
f 1625/2318/2296 1624/2288/2268 1623/2286/2267
f 1625/2318/2296 1632/2317/2295 1637/2319/2297
f 1625/2318/2296 1623/2286/2267 1632/2317/2295
f 1639/2320/2298 1625/2318/2296 1637/2319/2297
f 1627/2321/2299 1626/2289/2269 1624/2288/2268
f 1627/2321/2299 1624/2288/2268 1625/2318/2296
f 1628/2322/2300 1627/2321/2299 1639/2320/2298
f 1627/2321/2299 1625/2318/2296 1639/2320/2298
f 2198/2323/2301 1629/2284/2265 1626/2289/2269
f 2198/2323/2301 1626/2289/2269 1627/2321/2299
f 2202/2324/2302 2198/2323/2301 1627/2321/2299
f 1630/2325/2303 2202/2324/2302 1627/2321/2299
f 1628/2322/2300 1630/2325/2303 1627/2321/2299
f 2210/2326/2304 1630/2325/2303 1628/2322/2300
f 1605/1705/1693 1631/2327/2305 1632/2317/2295
f 1604/1718/1706 1631/2327/2305 1605/1705/1693
f 1633/2328/2306 1604/1718/1706 1634/2290/2270
f 1631/2327/2305 1604/1718/1706 1633/2328/2306
f 1635/2329/2307 1634/2290/2270 1196/1719/1707
f 1635/2329/2307 1633/2328/2306 1634/2290/2270
f 1196/1719/1707 1646/1764/1752 1635/2329/2307
f 1633/2328/2306 1635/2329/2307 1636/2330/2308
f 1635/2329/2307 1648/2331/2309 1636/2330/2308
f 1646/1764/1752 1648/2331/2309 1635/2329/2307
f 1631/2327/2305 1637/2319/2297 1632/2317/2295
f 1638/2332/2297 1639/2320/2298 1631/2327/2305
f 1639/2320/2298 1637/2319/2297 1631/2327/2305
f 1633/2328/2306 1640/2333/2310 1631/2327/2305
f 1631/2327/2305 1640/2333/2310 1638/2332/2297
f 1633/2328/2306 1636/2330/2308 1640/2333/2310
f 1638/2332/2297 1640/2333/2310 1641/2334/2311
f 1640/2333/2310 1642/2335/2312 1641/2334/2311
f 1636/2330/2308 1642/2335/2312 1640/2333/2310
f 1648/2331/2309 1642/2335/2312 1636/2330/2308
f 1648/2331/2309 1666/2336/2313 1642/2335/2312
f 1638/2332/2297 1628/2322/2300 1639/2320/2298
f 1643/2337/2314 1628/2322/2300 1638/2332/2297
f 1643/2337/2314 1641/2334/2311 1644/2338/2315
f 1643/2337/2314 1638/2332/2297 1641/2334/2311
f 1642/2335/2312 1644/2338/2315 1641/2334/2311
f 1645/2339/2316 1643/2337/2314 1644/2338/2315
f 1667/2340/2317 1645/2339/2316 1668/2341/2318
f 1668/2341/2318 1645/2339/2316 1642/2335/2312
f 1645/2339/2316 1644/2338/2315 1642/2335/2312
f 1666/2336/2313 1668/2341/2318 1642/2335/2312
f 2210/2326/2304 1628/2322/2300 1643/2337/2314
f 2211/2342/2319 2210/2326/2304 1643/2337/2314
f 1670/2343/2320 2211/2342/2319 1645/2339/2316
f 2211/2342/2319 1643/2337/2314 1645/2339/2316
f 1667/2340/2317 1670/2343/2320 1645/2339/2316
f 1647/1772/1760 1648/2331/2309 1646/1764/1752
f 1647/1772/1760 1649/2344/2321 1648/2331/2309
f 1650/1774/1762 1649/2344/2321 1647/1772/1760
f 1649/2344/2321 1666/2336/2313 1648/2331/2309
f 1652/2345/2322 1651/1763/1751 1611/2297/2279
f 1652/2345/2322 1653/1821/1808 1651/1763/1751
f 1654/2346/2323 1653/1821/1808 1652/2345/2322
f 1654/2346/2323 1655/1822/1809 1653/1821/1808
f 1656/2347/2324 1655/1822/1809 1654/2346/2323
f 1657/2348/2325 1684/2349/2326 1683/1823/1810
f 1656/2347/2324 1657/2348/2325 1683/1823/1810
f 1655/1822/1809 1656/2347/2324 1683/1823/1810
f 1658/2350/2327 1652/2345/2322 1611/2297/2279
f 1658/2350/2327 1611/2297/2279 1659/2300/2283
f 1658/2350/2327 1654/2346/2323 1652/2345/2322
f 1660/2351/2328 1654/2346/2323 1658/2350/2327
f 1660/2351/2328 1656/2347/2324 1654/2346/2323
f 1661/2352/2329 1656/2347/2324 1660/2351/2328
f 1657/2348/2325 1662/2353/2330 1684/2349/2326
f 1657/2348/2325 1656/2347/2324 1661/2352/2329
f 1657/2348/2325 1661/2352/2329 1662/2353/2330
f 1659/2300/2283 1663/2354/2331 1658/2350/2327
f 5479/2355/2332 5480/2356/2333 5481/2357/2283
f 1665/2358/2334 1660/2351/2328 1658/2350/2327
f 1665/2358/2334 1658/2350/2327 1663/2354/2331
f 1665/2358/2334 1661/2352/2329 1660/2351/2328
f 1692/2359/2335 1661/2352/2329 1665/2358/2334
f 1661/2352/2329 1692/2359/2335 1662/2353/2330
f 2217/2360/2336 5482/2361/2333 1664/2302/2284
f 1663/2354/2331 2213/2362/2337 1665/2358/2334
f 5483/2363/2336 5484/2364/2337 5480/2356/2333
f 2214/2365/2338 1692/2359/2335 1665/2358/2334
f 2214/2365/2338 1665/2358/2334 2213/2362/2337
f 1696/2366/2339 1692/2359/2335 2214/2365/2338
f 2217/2360/2336 1664/2302/2284 2218/2316/2294
f 1669/2367/2340 1667/2340/2317 1666/2336/2313
f 1667/2340/2317 1668/2341/2318 1666/2336/2313
f 1671/2368/2341 1670/2343/2320 1667/2340/2317
f 1669/2367/2340 1671/2368/2341 1667/2340/2317
f 1681/2369/2342 1671/2368/2341 1669/2367/2340
f 1672/2370/1762 1649/2344/2321 1650/1774/1762
f 1650/1774/1762 1673/2371/2343 1672/2370/1762
f 1257/1824/1811 1673/2371/2343 1650/1774/1762
f 1649/2344/2321 1675/2372/2344 1666/2336/2313
f 1672/2370/1762 1675/2372/2344 1649/2344/2321
f 1672/2370/1762 1676/2373/2345 1675/2372/2344
f 1673/2371/2343 1676/2373/2345 1672/2370/1762
f 1674/2374/2346 1676/2373/2345 1673/2371/2343
f 1697/2375/2347 1677/2376/2348 1706/2377/2349
f 1706/2377/2349 1677/2376/2348 1674/2374/2346
f 1677/2376/2348 1676/2373/2345 1674/2374/2346
f 1675/2372/2344 1669/2367/2340 1666/2336/2313
f 1678/2378/2350 1669/2367/2340 1676/2373/2345
f 1676/2373/2345 1669/2367/2340 1675/2372/2344
f 1679/2379/2351 1678/2378/2350 1680/2380/2352
f 1680/2380/2352 1678/2378/2350 1676/2373/2345
f 1697/2375/2347 1679/2379/2351 1677/2376/2348
f 1679/2379/2351 1680/2380/2352 1677/2376/2348
f 1680/2380/2352 1676/2373/2345 1677/2376/2348
f 1678/2378/2350 1681/2369/2342 1669/2367/2340
f 1682/2381/2353 1681/2369/2342 1678/2378/2350
f 1679/2379/2351 1682/2381/2353 1678/2378/2350
f 2258/2382/2354 1682/2381/2353 1679/2379/2351
f 1258/1834/1821 1673/2371/2343 1257/1824/1811
f 1258/1834/1821 1674/2374/2346 1673/2371/2343
f 1258/1834/1821 1699/2383/2355 1674/2374/2346
f 1260/1836/1823 1702/1838/1825 1258/1834/1821
f 1702/1838/1825 1699/2383/2355 1258/1834/1821
f 1699/2383/2355 1706/2377/2349 1674/2374/2346
f 1684/2349/2326 1685/1873/1860 1683/1823/1810
f 1684/2349/2326 1686/2384/2356 1685/1873/1860
f 1686/2384/2356 1296/1875/1862 1685/1873/1860
f 1687/2385/2357 1296/1875/1862 1686/2384/2356
f 1687/2385/2357 1297/1876/1863 1296/1875/1862
f 1688/2386/2358 1297/1876/1863 1687/2385/2357
f 1297/1876/1863 1688/2386/2358 1713/2387/2359
f 1662/2353/2330 1686/2384/2356 1684/2349/2326
f 1689/2388/2360 1686/2384/2356 1662/2353/2330
f 1689/2388/2360 1687/2385/2357 1686/2384/2356
f 1690/2389/2361 1687/2385/2357 1689/2388/2360
f 1690/2389/2361 1688/2386/2358 1687/2385/2357
f 1691/2390/2362 1688/2386/2358 1690/2389/2361
f 1691/2390/2362 1713/2387/2359 1688/2386/2358
f 1719/2391/2363 1713/2387/2359 1691/2390/2362
f 1692/2359/2335 1693/2392/2364 1662/2353/2330
f 1693/2392/2364 1689/2388/2360 1662/2353/2330
f 1693/2392/2364 1690/2389/2361 1689/2388/2360
f 1694/2393/2365 1690/2389/2361 1693/2392/2364
f 1694/2393/2365 1691/2390/2362 1690/2389/2361
f 1695/2394/2366 1691/2390/2362 1694/2393/2365
f 1695/2394/2366 1719/2391/2363 1691/2390/2362
f 1723/2395/2367 1719/2391/2363 1695/2394/2366
f 1696/2366/2339 1693/2392/2364 1692/2359/2335
f 2249/2396/2368 1693/2392/2364 1696/2366/2339
f 2249/2396/2368 1694/2393/2365 1693/2392/2364
f 2249/2396/2368 1695/2394/2366 1694/2393/2365
f 2250/2397/2369 1695/2394/2366 2249/2396/2368
f 2250/2397/2369 1723/2395/2367 1695/2394/2366
f 2273/2398/2370 1723/2395/2367 2250/2397/2369
f 1705/2399/2371 1697/2375/2347 1706/2377/2349
f 1698/2400/2351 1679/2379/2351 1697/2375/2347
f 1698/2400/2351 1697/2375/2347 1705/2399/2371
f 1711/2401/2372 1698/2400/2351 1705/2399/2371
f 2259/2402/2373 2258/2382/2354 1679/2379/2351
f 2259/2402/2373 1679/2379/2351 1698/2400/2351
f 2269/2403/2374 2261/2404/2375 1711/2401/2372
f 1700/2405/2376 1701/2406/2377 1699/2383/2355
f 1702/1838/1825 1700/2405/2376 1699/2383/2355
f 1299/1878/1865 1700/2405/2376 1702/1838/1825
f 1703/2407/2378 1701/2406/2377 1299/1878/1865
f 1701/2406/2377 1700/2405/2376 1299/1878/1865
f 1314/1879/1866 1703/2407/2378 1299/1878/1865
f 1704/2408/2348 1703/2407/2378 1314/1879/1866
f 1705/2399/2371 1706/2377/2349 1699/2383/2355
f 1701/2406/2377 1705/2399/2371 1699/2383/2355
f 1708/2409/2379 1707/2410/2380 1701/2406/2377
f 1707/2410/2380 1705/2399/2371 1701/2406/2377
f 1703/2407/2378 1708/2409/2379 1701/2406/2377
f 1709/2411/2378 1707/2410/2380 1708/2409/2379
f 1704/2408/2348 1709/2411/2378 1703/2407/2378
f 1709/2411/2378 1708/2409/2379 1703/2407/2378
f 1710/2412/2381 1709/2411/2378 1704/2408/2348
f 1736/2413/2376 1710/2412/2381 1704/2408/2348
f 1711/2401/2372 1705/2399/2371 1707/2410/2380
f 1711/2401/2372 1707/2410/2380 1712/2414/2382
f 1709/2411/2378 1712/2414/2382 1707/2410/2380
f 1709/2411/2378 1729/2415/2383 1712/2414/2382
f 1710/2412/2381 1729/2415/2383 1709/2411/2378
f 1711/2401/2372 1712/2414/2382 2269/2403/2374
f 2269/2403/2374 1712/2414/2382 1733/2416/2384
f 1729/2415/2383 1733/2416/2384 1712/2414/2382
f 1315/1896/1882 1704/2408/2348 1314/1879/1866
f 1736/2413/2376 1704/2408/2348 1315/1896/1882
f 1739/1898/1884 1736/2413/2376 1315/1896/1882
f 1297/1876/1863 1713/2387/2359 1714/2417/2385
f 1714/2417/2385 1715/1913/1899 1329/1872/1859
f 1714/2417/2385 1329/1872/1859 1297/1876/1863
f 1716/2418/2386 1715/1913/1899 1714/2417/2385
f 1333/1914/1900 1715/1913/1899 1716/2418/2386
f 1333/1914/1900 1716/2418/2386 1717/1915/1901
f 1716/2418/2386 1718/2419/2387 1717/1915/1901
f 1717/1915/1901 1718/2419/2387 1727/1923/1909
f 1719/2391/2363 1714/2417/2385 1713/2387/2359
f 1720/2420/2388 1714/2417/2385 1719/2391/2363
f 1714/2417/2385 1721/2421/2389 1716/2418/2386
f 1714/2417/2385 1720/2420/2388 1721/2421/2389
f 1721/2421/2389 1722/2422/2390 1716/2418/2386
f 1716/2418/2386 1749/2423/2386 1718/2419/2387
f 1716/2418/2386 1722/2422/2390 1749/2423/2386
f 1723/2395/2367 1720/2420/2388 1719/2391/2363
f 1724/2424/2391 1720/2420/2388 1723/2395/2367
f 1724/2424/2391 1721/2421/2389 1720/2420/2388
f 1725/2425/2392 1721/2421/2389 1724/2424/2391
f 1721/2421/2389 1726/2426/2393 1722/2422/2390
f 1721/2421/2389 1725/2425/2392 1726/2426/2393
f 1722/2422/2390 1726/2426/2393 1752/2427/2394
f 1752/2427/2394 1749/2423/2386 1722/2422/2390
f 2273/2398/2370 1724/2424/2391 1723/2395/2367
f 2272/2428/2395 1724/2424/2391 2273/2398/2370
f 2272/2428/2395 1725/2425/2392 1724/2424/2391
f 2275/2429/2396 1725/2425/2392 2272/2428/2395
f 2275/2429/2396 1726/2426/2393 1725/2425/2392
f 2277/2430/2397 1726/2426/2393 2275/2429/2396
f 2277/2430/2397 1752/2427/2394 1726/2426/2393
f 1710/2412/2381 1736/2413/2376 1728/2431/2398
f 1730/2432/2399 1731/2433/2400 1729/2415/2383
f 1710/2412/2381 1730/2432/2399 1729/2415/2383
f 1728/2431/2398 1730/2432/2399 1710/2412/2381
f 1745/2434/2401 1731/2433/2400 1728/2431/2398
f 1731/2433/2400 1730/2432/2399 1728/2431/2398
f 1731/2433/2400 1745/2434/2401 1747/2435/2402
f 1731/2433/2400 1747/2435/2402 1732/2436/2403
f 1732/2436/2403 1747/2435/2402 1761/2437/2404
f 1734/2438/2405 1733/2416/2384 1729/2415/2383
f 1731/2433/2400 1734/2438/2405 1729/2415/2383
f 2291/2439/2406 1734/2438/2405 1731/2433/2400
f 2291/2439/2406 1731/2433/2400 1735/2440/2407
f 1732/2436/2403 1735/2440/2407 1731/2433/2400
f 1732/2436/2403 1761/2437/2404 1735/2440/2407
f 1738/1934/1920 1736/2413/2376 1739/1898/1884
f 1738/1934/1920 1737/2441/2408 1736/2413/2376
f 1740/2442/2409 1741/2443/2410 1737/2441/2408
f 1738/1934/1920 1740/2442/2409 1737/2441/2408
f 1742/1938/1923 1740/2442/2409 1738/1934/1920
f 1741/2443/2410 1740/2442/2409 1743/1940/1925
f 1741/2443/2410 1743/1940/1925 1744/2444/2411
f 1742/1938/1923 1743/1940/1925 1740/2442/2409
f 1744/2444/2411 1743/1940/1925 1762/2445/2412
f 1402/1943/1927 5485/2446/2413 5360/1942/1925
f 1737/2441/2408 1728/2431/2398 1736/2413/2376
f 1745/2434/2401 1728/2431/2398 1741/2443/2410
f 1741/2443/2410 1728/2431/2398 1737/2441/2408
f 1745/2434/2401 1741/2443/2410 1746/2447/2414
f 1744/2444/2411 1746/2447/2414 1741/2443/2410
f 1746/2447/2414 1762/2445/2412 1769/2448/2415
f 1744/2444/2411 1762/2445/2412 1746/2447/2414
f 1746/2447/2414 1747/2435/2402 1745/2434/2401
f 1769/2448/2415 1761/2437/2404 1746/2447/2414
f 1746/2447/2414 1761/2437/2404 1747/2435/2402
f 1727/1923/1909 1718/2419/2387 1748/2449/2416
f 1718/2419/2387 1749/2423/2386 1750/2450/2417
f 1750/2450/2417 1748/2449/2416 1718/2419/2387
f 1750/2450/2417 1751/2451/2418 1757/2452/2419
f 1748/2449/2416 1750/2450/2417 1757/2452/2419
f 1757/2452/2419 1751/2451/2418 1760/2453/2420
f 1750/2450/2417 1749/2423/2386 1752/2427/2394
f 1753/2454/2421 1751/2451/2418 1750/2450/2417
f 1754/2455/2422 1751/2451/2418 1753/2454/2421
f 1751/2451/2418 1754/2455/2422 1760/2453/2420
f 1752/2427/2394 2298/2456/2423 1755/2457/2424
f 1752/2427/2394 2277/2430/2397 2298/2456/2423
f 1755/2457/2424 1750/2450/2417 1752/2427/2394
f 1755/2457/2424 2298/2456/2423 1756/2458/2425
f 1756/2458/2425 1753/2454/2421 1750/2450/2417
f 1756/2458/2425 1750/2450/2417 1755/2457/2424
f 2300/2459/2426 1753/2454/2421 1756/2458/2425
f 1754/2455/2422 1753/2454/2421 2300/2459/2426
f 1754/2455/2422 2300/2459/2426 2326/2460/2427
f 1748/2449/2416 1371/1963/1947 1727/1923/1909
f 1748/2449/2416 1757/2452/2419 1758/1964/1948
f 1371/1963/1947 1748/2449/2416 1758/1964/1948
f 1758/1964/1948 1757/2452/2419 1759/2461/2428
f 1759/2461/2428 1372/1965/1949 1758/1964/1948
f 1759/2461/2428 1779/2462/2429 1372/1965/1949
f 1779/2462/2429 1409/1966/1950 1372/1965/1949
f 1760/2453/2420 1759/2461/2428 1757/2452/2419
f 1760/2453/2420 1779/2462/2429 1759/2461/2428
f 2313/2463/2430 1761/2437/2404 1776/2464/2431
f 1735/2440/2407 1761/2437/2404 2313/2463/2430
f 2313/2463/2430 1776/2464/2431 1774/2465/2432
f 2313/2463/2430 1774/2465/2432 2315/2466/2433
f 2315/2466/2433 1774/2465/2432 1775/2467/2434
f 2315/2466/2433 1775/2467/2434 2317/2468/2435
f 2317/2468/2435 1775/2467/2434 2336/2469/2436
f 5485/2446/2413 1763/2470/2437 1764/2471/2438
f 1765/2003/1986 1763/2470/2437 1402/1943/1927
f 1402/1943/1927 1763/2470/2437 5485/2446/2413
f 1766/2005/1988 1763/2470/2437 1765/2003/1986
f 1764/2471/2438 1763/2470/2437 1767/2008/1991
f 1764/2471/2438 1767/2008/1991 1768/2472/2439
f 1766/2005/1988 1767/2008/1991 1763/2470/2437
f 1795/2009/1992 1768/2472/2439 1767/2008/1991
f 1793/2473/2440 1768/2472/2439 1795/2009/1992
f 1769/2448/2415 1762/2445/2412 1770/2474/2441
f 5486/2475/2442 1770/2474/2441 1762/2445/2412
f 5486/2475/2442 1771/2476/2443 1770/2474/2441
f 1768/2472/2439 1772/2477/2444 1764/2471/2438
f 5486/2475/2442 5487/2478/2445 1771/2476/2443
f 1772/2477/2444 1803/2479/2446 5488/2480/2434
f 1793/2473/2440 1803/2479/2446 1768/2472/2439
f 1768/2472/2439 1803/2479/2446 1772/2477/2444
f 1769/2448/2415 1773/2481/2447 1761/2437/2404
f 1769/2448/2415 1770/2474/2441 1773/2481/2447
f 1771/2476/2443 1773/2481/2447 1770/2474/2441
f 1771/2476/2443 1774/2465/2432 1773/2481/2447
f 5487/2478/2445 1774/2465/2432 1771/2476/2443
f 5487/2478/2445 1775/2467/2434 1774/2465/2432
f 1773/2481/2447 1776/2464/2431 1761/2437/2404
f 1773/2481/2447 1774/2465/2432 1776/2464/2431
f 1760/2453/2420 1754/2455/2422 1786/2482/2448
f 1754/2455/2422 2326/2460/2427 1778/2483/2449
f 1778/2483/2449 2326/2460/2427 2327/2484/2450
f 1778/2483/2449 1786/2482/2448 1754/2455/2422
f 2327/2484/2450 1777/2485/2451 1786/2482/2448
f 2327/2484/2450 1786/2482/2448 1778/2483/2449
f 2327/2484/2450 2329/2486/2452 1790/2487/2453
f 2327/2484/2450 1790/2487/2453 1777/2485/2451
f 1790/2487/2453 2329/2486/2452 1820/2488/2454
f 1779/2462/2429 1781/2010/1993 1409/1966/1950
f 1780/2489/2455 1781/2010/1993 1779/2462/2429
f 1782/2490/2456 1783/2491/2457 1780/2489/2455
f 1783/2491/2457 1781/2010/1993 1780/2489/2455
f 1783/2491/2457 1419/2012/1995 1781/2010/1993
f 1783/2491/2457 1782/2490/2456 1784/2492/2458
f 1783/2491/2457 1791/2021/2002 1419/2012/1995
f 1784/2492/2458 1791/2021/2002 1783/2491/2457
f 1810/2493/2459 1791/2021/2002 1784/2492/2458
f 1779/2462/2429 1760/2453/2420 1785/2494/2460
f 1785/2494/2460 1760/2453/2420 1786/2482/2448
f 1785/2494/2460 1780/2489/2455 1779/2462/2429
f 1785/2494/2460 1786/2482/2448 1787/2495/2461
f 1785/2494/2460 1782/2490/2456 1780/2489/2455
f 1787/2495/2461 1782/2490/2456 1785/2494/2460
f 1788/2496/2462 1782/2490/2456 1787/2495/2461
f 1788/2496/2462 1784/2492/2458 1782/2490/2456
f 1789/2497/2463 1811/2498/2464 1784/2492/2458
f 1788/2496/2462 1789/2497/2463 1784/2492/2458
f 1811/2498/2464 1810/2493/2459 1784/2492/2458
f 1777/2485/2451 1787/2495/2461 1786/2482/2448
f 1777/2485/2451 1790/2487/2453 1788/2496/2462
f 1777/2485/2451 1788/2496/2462 1787/2495/2461
f 1788/2496/2462 1790/2487/2453 1816/2499/2465
f 1816/2499/2465 1790/2487/2453 1815/2500/2466
f 1816/2499/2465 1789/2497/2463 1788/2496/2462
f 1820/2488/2454 1815/2500/2466 1790/2487/2453
f 1810/2493/2459 1463/2023/2004 1791/2021/2002
f 1834/2501/2467 1802/2502/2468 1801/2047/2030
f 1834/2501/2467 1801/2047/2030 1833/2049/2032
f 1843/2503/2469 1809/2504/2470 1850/2505/2471
f 5489/2506/2472 5488/2480/2434 1807/2507/2473
f 5489/2506/2472 1807/2507/2473 2337/2508/2474
f 2337/2508/2474 1807/2507/2473 1808/2509/2475
f 2337/2508/2474 1808/2509/2475 2340/2510/2476
f 2340/2510/2476 1808/2509/2475 1809/2504/2470
f 2340/2510/2476 1809/2504/2470 2341/2511/2477
f 1843/2503/2469 2341/2511/2477 1809/2504/2470
f 2362/2512/2478 2341/2511/2477 1843/2503/2469
f 1793/2473/2440 5490/2513/2479 1792/2514/2480
f 1793/2473/2440 1795/2009/1992 5490/2513/2479
f 5491/2515/2481 1792/2514/2480 5492/2516/2482
f 1798/2517/2483 1792/2514/2480 5491/2515/2481
f 5492/2516/2482 1792/2514/2480 5490/2513/2479
f 5493/2518/2484 1798/2517/2483 5491/2515/2481
f 1799/2077/2062 1800/2519/2485 5494/2520/2486
f 1799/2077/2062 1801/2047/2030 1800/2519/2485
f 1800/2519/2485 1801/2047/2030 1802/2502/2468
f 5488/2480/2434 1803/2479/2446 1792/2514/2480
f 1804/2521/2487 5488/2480/2434 1792/2514/2480
f 1792/2514/2480 1803/2479/2446 1793/2473/2440
f 1798/2517/2483 1804/2521/2487 1792/2514/2480
f 5494/2520/2486 1805/2522/2488 5495/2523/2489
f 1800/2519/2485 1805/2522/2488 5494/2520/2486
f 1800/2519/2485 1806/2524/2490 1805/2522/2488
f 1849/2525/2491 1800/2519/2485 1802/2502/2468
f 1849/2525/2491 1806/2524/2490 1800/2519/2485
f 1804/2521/2487 1807/2507/2473 5488/2480/2434
f 5496/2526/2492 1807/2507/2473 1804/2521/2487
f 5496/2526/2492 1808/2509/2475 1807/2507/2473
f 5497/2527/2493 1808/2509/2475 5496/2526/2492
f 5497/2527/2493 1809/2504/2470 1808/2509/2475
f 1809/2504/2470 5498/2528/2494 1850/2505/2471
f 1809/2504/2470 5497/2527/2493 5498/2528/2494
f 1811/2498/2464 1789/2497/2463 1812/2529/2495
f 1811/2498/2464 1823/2530/2496 1810/2493/2459
f 1812/2529/2495 1823/2530/2496 1811/2498/2464
f 1829/2531/2497 1812/2529/2495 1813/2532/2498
f 1829/2531/2497 1823/2530/2496 1812/2529/2495
f 1817/2533/2499 1816/2499/2465 1815/2500/2466
f 1817/2533/2499 1789/2497/2463 1816/2499/2465
f 1817/2533/2499 1812/2529/2495 1789/2497/2463
f 1817/2533/2499 1815/2500/2466 1818/2534/2500
f 1817/2533/2499 1813/2532/2498 1812/2529/2495
f 1818/2534/2500 1813/2532/2498 1817/2533/2499
f 1818/2534/2500 1819/2535/2501 1813/2532/2498
f 1819/2535/2501 1814/2536/2502 1813/2532/2498
f 1819/2535/2501 1852/2537/2503 1814/2536/2502
f 1821/2538/2504 1815/2500/2466 1820/2488/2454
f 1821/2538/2504 1818/2534/2500 1815/2500/2466
f 1821/2538/2504 1822/2539/2505 1818/2534/2500
f 1818/2534/2500 1822/2539/2505 1857/2540/2506
f 1857/2540/2506 1852/2537/2503 1819/2535/2501
f 1857/2540/2506 1819/2535/2501 1818/2534/2500
f 1823/2530/2496 1463/2023/2004 1810/2493/2459
f 1823/2530/2496 1464/2079/2064 1463/2023/2004
f 1823/2530/2496 1825/2541/2507 1464/2079/2064
f 1824/2542/2508 1825/2541/2507 1823/2530/2496
f 1825/2541/2507 1826/2080/2065 1464/2079/2064
f 1827/2543/2509 1825/2541/2507 1824/2542/2508
f 1825/2541/2507 1828/2082/2067 1826/2080/2065
f 1827/2543/2509 1828/2082/2067 1825/2541/2507
f 1827/2543/2509 1860/2544/2510 1828/2082/2067
f 1829/2531/2497 1824/2542/2508 1823/2530/2496
f 1829/2531/2497 1827/2543/2509 1824/2542/2508
f 1813/2532/2498 1827/2543/2509 1829/2531/2497
f 1813/2532/2498 1860/2544/2510 1827/2543/2509
f 1813/2532/2498 1814/2536/2502 1860/2544/2510
f 1830/2545/2511 1831/2546/2512 1832/2173/2158
f 1831/2546/2512 1833/2049/2032 1832/2173/2158
f 1831/2546/2512 1834/2501/2467 1833/2049/2032
f 1830/2545/2511 1835/2547/2513 1831/2546/2512
f 1836/2548/2514 1848/2549/2515 1802/2502/2468
f 1834/2501/2467 1836/2548/2514 1802/2502/2468
f 1831/2546/2512 1836/2548/2514 1834/2501/2467
f 1837/2550/2516 1838/2551/2517 1835/2547/2513
f 1838/2551/2517 1831/2546/2512 1835/2547/2513
f 1838/2551/2517 1836/2548/2514 1831/2546/2512
f 1838/2551/2517 1837/2550/2516 1839/2552/2518
f 1837/2550/2516 1840/2553/2519 1839/2552/2518
f 1837/2550/2516 1841/2554/2520 1840/2553/2519
f 1840/2553/2519 1842/2555/2521 1839/2552/2518
f 1843/2503/2469 1850/2505/2471 5499/2556/2522
f 5500/2557/2523 1843/2503/2469 5499/2556/2522
f 1844/2558/2524 5501/2559/2525 1836/2548/2514
f 1838/2551/2517 1844/2558/2524 1836/2548/2514
f 1838/2551/2517 1845/2560/2526 1844/2558/2524
f 1846/2561/2527 1847/2562/2528 1838/2551/2517
f 1846/2561/2527 1838/2551/2517 1839/2552/2518
f 1845/2560/2526 1838/2551/2517 1847/2562/2528
f 1885/2563/2529 1887/2564/2530 1842/2555/2521
f 1887/2564/2530 1839/2552/2518 1842/2555/2521
f 1887/2564/2530 1846/2561/2527 1839/2552/2518
f 5502/2565/2531 2362/2512/2478 1843/2503/2469
f 5502/2565/2531 2360/2566/2532 2362/2512/2478
f 5503/2567/2533 2360/2566/2532 5502/2565/2531
f 2366/2568/2534 2365/2569/2535 1847/2562/2528
f 2366/2568/2534 1847/2562/2528 1846/2561/2527
f 1845/2560/2526 1847/2562/2528 2365/2569/2535
f 1887/2564/2530 2366/2568/2534 1846/2561/2527
f 1887/2564/2530 2397/2570/2536 2366/2568/2534
f 1802/2502/2468 1848/2549/2515 1849/2525/2491
f 5499/2556/2522 1850/2505/2471 5498/2528/2494
f 1853/2571/2537 1851/2572/2538 1852/2537/2503
f 1851/2572/2538 1814/2536/2502 1852/2537/2503
f 1851/2572/2538 1853/2571/2537 1854/2573/2539
f 1854/2573/2539 1853/2571/2537 1855/2574/2540
f 1854/2573/2539 1867/2575/2541 1851/2572/2538
f 1856/2576/2542 1854/2573/2539 1855/2574/2540
f 1854/2573/2539 1856/2576/2542 1867/2575/2541
f 1856/2576/2542 1895/2577/2543 1898/2578/2544
f 1898/2578/2544 1892/2579/2545 1867/2575/2541
f 1856/2576/2542 1898/2578/2544 1867/2575/2541
f 1857/2540/2506 1853/2571/2537 1852/2537/2503
f 2391/2580/2546 1853/2571/2537 1857/2540/2506
f 2391/2580/2546 1855/2574/2540 1853/2571/2537
f 2391/2580/2546 1858/2581/2547 1855/2574/2540
f 1859/2582/2548 1858/2581/2547 2392/2583/2549
f 1855/2574/2540 1859/2582/2548 1856/2576/2542
f 1858/2581/2547 1859/2582/2548 1855/2574/2540
f 1903/2584/2550 1859/2582/2548 2392/2583/2549
f 1903/2584/2550 1905/2585/2551 1859/2582/2548
f 1905/2585/2551 1895/2577/2543 1856/2576/2542
f 1905/2585/2551 1856/2576/2542 1859/2582/2548
f 1860/2544/2510 1862/2586/2552 1828/2082/2067
f 1860/2544/2510 1861/2587/2553 1862/2586/2552
f 1862/2586/2552 1526/2085/2070 1828/2082/2067
f 1863/2588/2554 1862/2586/2552 1861/2587/2553
f 1864/2589/2555 1863/2588/2554 1865/2590/2556
f 1863/2588/2554 1869/2591/2557 1862/2586/2552
f 1863/2588/2554 1864/2589/2555 1869/2591/2557
f 1864/2589/2555 1865/2590/2556 1908/2592/2558
f 1864/2589/2555 1908/2592/2558 1869/2591/2557
f 1814/2536/2502 1866/2593/2559 1860/2544/2510
f 1814/2536/2502 1851/2572/2538 1866/2593/2559
f 1866/2593/2559 1861/2587/2553 1860/2544/2510
f 1866/2593/2559 1851/2572/2538 1867/2575/2541
f 1866/2593/2559 1863/2588/2554 1861/2587/2553
f 1866/2593/2559 1867/2575/2541 1868/2594/2560
f 1866/2593/2559 1865/2590/2556 1863/2588/2554
f 1866/2593/2559 1868/2594/2560 1865/2590/2556
f 1892/2579/2545 1868/2594/2560 1867/2575/2541
f 1892/2579/2545 1911/2595/2561 1868/2594/2560
f 1868/2594/2560 1908/2592/2558 1865/2590/2556
f 1868/2594/2560 1911/2595/2561 1908/2592/2558
f 1862/2586/2552 1528/2183/2168 1526/2085/2070
f 1869/2591/2557 1528/2183/2168 1862/2586/2552
f 1869/2591/2557 5504/2596/2562 1528/2183/2168
f 5505/2597/2563 1933/2598/2564 5506/2599/2565
f 1946/2600/2566 1558/2219/2203 1545/2218/2202
f 1946/2600/2566 1545/2218/2202 5507/2601/2567
f 5455/2235/2216 1872/2602/2568 1555/2228/2210
f 1872/2602/2568 1873/2603/2569 1555/2228/2210
f 1873/2603/2569 1870/2230/2212 1555/2228/2210
f 1873/2603/2569 1871/2604/2570 1870/2230/2212
f 1875/2605/2571 1557/2233/2214 5457/2238/2219
f 5508/2606/2572 1876/2607/2573 5455/2235/2216
f 1876/2607/2573 1872/2602/2568 5455/2235/2216
f 5509/2608/2574 1948/2609/2208 5456/2236/2218
f 5456/2236/2218 1948/2609/2208 1874/2237/2219
f 5510/2610/2208 1877/2611/2575 5457/2238/2219
f 5457/2238/2219 1877/2611/2575 1875/2605/2571
f 1875/2605/2571 1877/2611/2575 1878/2612/2576
f 5508/2606/2572 5511/2613/2577 1876/2607/2573
f 1873/2603/2569 1879/2614/2578 1871/2604/2570
f 5512/2615/2579 5513/2616/2580 1880/2617/2581
f 1872/2602/2568 1876/2607/2573 1879/2614/2578
f 1881/2618/2582 1876/2607/2573 1882/2619/2583
f 1879/2614/2578 1873/2603/2569 1872/2602/2568
f 1952/2620/2584 1953/2621/2585 5511/2613/2577
f 5511/2613/2577 1953/2621/2585 1876/2607/2573
f 1953/2621/2585 1882/2619/2583 1876/2607/2573
f 5514/2622/2586 1958/2623/2587 5515/2624/2588
f 1883/2625/2589 1884/2626/2590 1885/2563/2529
f 1885/2563/2529 1884/2626/2590 1886/2627/2591
f 1885/2563/2529 1886/2627/2591 1887/2564/2530
f 1884/2626/2590 1888/2628/2592 2396/2629/2593
f 2395/2630/2594 1884/2626/2590 2396/2629/2593
f 1886/2627/2591 1884/2626/2590 2395/2630/2594
f 1887/2564/2530 1886/2627/2591 2397/2570/2536
f 2397/2570/2536 1886/2627/2591 2395/2630/2594
f 1888/2628/2592 2399/2631/2595 2396/2629/2593
f 1967/2632/2596 1901/2633/2597 1889/2634/2598
f 1906/2635/2599 1903/2584/2550 2434/2636/2600
f 2434/2636/2600 2437/2637/2601 1890/2638/2602
f 1890/2638/2602 1906/2635/2599 2434/2636/2600
f 1890/2638/2602 1907/2639/2603 1906/2635/2599
f 2437/2637/2601 2438/2640/2604 1891/2641/2605
f 1891/2641/2605 1890/2638/2602 2437/2637/2601
f 1891/2641/2605 1889/2634/2598 1890/2638/2602
f 1890/2638/2602 1889/2634/2598 1907/2639/2603
f 1975/2642/2606 1891/2641/2605 2438/2640/2604
f 1975/2642/2606 1967/2632/2596 1891/2641/2605
f 1891/2641/2605 1967/2632/2596 1889/2634/2598
f 1894/2643/2607 1984/2644/2608 1893/2645/2609
f 1895/2577/2543 1897/2646/2610 1898/2578/2544
f 1895/2577/2543 1896/2647/2611 1897/2646/2610
f 1897/2646/2610 1913/2648/2612 1892/2579/2545
f 1897/2646/2610 1892/2579/2545 1898/2578/2544
f 1899/2649/2613 1900/2650/2614 1896/2647/2611
f 1896/2647/2611 1900/2650/2614 1897/2646/2610
f 1900/2650/2614 1913/2648/2612 1897/2646/2610
f 1889/2634/2598 1901/2633/2597 1899/2649/2613
f 1899/2649/2613 1901/2633/2597 1900/2650/2614
f 1902/2651/2615 1893/2645/2609 1913/2648/2612
f 1900/2650/2614 1902/2651/2615 1913/2648/2612
f 1901/2633/2597 1983/2652/2616 1900/2650/2614
f 1902/2651/2615 1983/2652/2616 1894/2643/2607
f 1900/2650/2614 1983/2652/2616 1902/2651/2615
f 1902/2651/2615 1894/2643/2607 1893/2645/2609
f 1903/2584/2550 1904/2653/2617 1905/2585/2551
f 1903/2584/2550 1906/2635/2599 1904/2653/2617
f 1904/2653/2617 1896/2647/2611 1895/2577/2543
f 1904/2653/2617 1895/2577/2543 1905/2585/2551
f 1904/2653/2617 1907/2639/2603 1899/2649/2613
f 1906/2635/2599 1907/2639/2603 1904/2653/2617
f 1904/2653/2617 1899/2649/2613 1896/2647/2611
f 1907/2639/2603 1889/2634/2598 1899/2649/2613
f 1908/2592/2558 1920/2654/2618 1869/2591/2557
f 1920/2654/2618 1908/2592/2558 1909/2655/2619
f 1920/2654/2618 1909/2655/2619 1926/2656/2620
f 5516/2657/2621 5517/2658/2619 1910/2659/2622
f 1892/2579/2545 1913/2648/2612 1911/2595/2561
f 1911/2595/2561 1912/2660/2623 1908/2592/2558
f 1914/2661/2624 1911/2595/2561 1913/2648/2612
f 1911/2595/2561 1915/2662/2625 1912/2660/2623
f 1911/2595/2561 1914/2661/2624 1915/2662/2625
f 1912/2660/2623 1909/2655/2619 1908/2592/2558
f 1915/2662/2625 1909/2655/2619 1912/2660/2623
f 1893/2645/2609 1914/2661/2624 1913/2648/2612
f 1893/2645/2609 1916/2663/2626 1914/2661/2624
f 1914/2661/2624 1917/2664/2627 1915/2662/2625
f 1914/2661/2624 1916/2663/2626 1917/2664/2627
f 5518/2665/2628 1910/2659/2622 5517/2658/2619
f 1893/2645/2609 1984/2644/2608 1916/2663/2626
f 1917/2664/2627 1988/2666/112 1915/2662/2625
f 1917/2664/2627 1916/2663/2626 1988/2666/112
f 5519/2667/112 1910/2659/2622 5518/2665/2628
f 1869/2591/2557 1918/2668/2629 5504/2596/2562
f 1869/2591/2557 1920/2654/2618 1918/2668/2629
f 5520/2669/2629 1561/2239/2220 1919/2190/2173
f 5521/2670/2618 1921/2671/2630 5520/2669/2629
f 5520/2669/2629 1922/2672/2631 1561/2239/2220
f 1921/2671/2630 1922/2672/2631 5520/2669/2629
f 1923/2673/2632 5522/2674/2225 1561/2239/2220
f 1923/2673/2632 1561/2239/2220 1922/2672/2631
f 1935/2675/2633 1565/2241/2222 1924/2244/2225
f 1935/2675/2633 1924/2244/2225 5523/2676/2634
f 5521/2670/2618 1925/2677/2635 1921/2671/2630
f 5521/2670/2618 5516/2657/2621 1925/2677/2635
f 1921/2671/2630 1927/2678/2636 1922/2672/2631
f 1921/2671/2630 1925/2677/2635 1927/2678/2636
f 5524/2679/2637 1928/2680/2638 5523/2676/2634
f 1922/2672/2631 1927/2678/2636 5525/2681/2639
f 5523/2676/2634 1939/2682/2640 1935/2675/2633
f 1923/2673/2641 5525/2681/2642 5526/2683/2643
f 1996/2684/2644 5516/2657/2621 1910/2659/2622
f 1996/2684/2644 1925/2677/2635 5516/2657/2621
f 1929/2685/2645 1927/2678/2636 1996/2684/2644
f 1927/2678/2636 1925/2677/2635 1996/2684/2644
f 1927/2678/2636 1929/2685/2645 5525/2681/2639
f 1928/2680/2639 5527/2686/2646 1930/2687/2647
f 5525/2681/2642 5528/2688/2648 5526/2683/2643
f 2008/2689/2649 5526/2683/2643 5528/2688/2648
f 1932/2690/2650 1567/2222/2205 1931/2245/2226
f 5529/2691/2651 1933/2598/2564 5505/2597/2563
f 1934/2692/2652 1933/2598/2564 5529/2691/2651
f 1947/2693/2653 1946/2600/2566 5530/2694/2654
f 1946/2600/2566 5507/2601/2567 5530/2694/2654
f 1935/2675/2633 1931/2245/2226 1565/2241/2222
f 1936/2695/2655 1931/2245/2226 1935/2675/2633
f 1932/2690/2650 1936/2695/2655 1937/2696/2656
f 1932/2690/2650 1931/2245/2226 1936/2695/2655
f 1932/2690/2650 1937/2696/2656 5530/2694/2657
f 1937/2696/2656 1936/2695/2655 1938/2697/2658
f 1936/2695/2655 1939/2682/2640 1938/2697/2658
f 1936/2695/2655 1935/2675/2633 1939/2682/2640
f 1940/2698/2659 1934/2692/2660 5531/2699/2656
f 5532/2700/2661 1947/2693/2653 5530/2694/2654
f 1956/2701/2662 1947/2693/2653 5532/2700/2661
f 1938/2697/2658 1941/2702/2663 1937/2696/2656
f 1942/2703/2664 5531/2699/2656 5533/2704/2665
f 1943/2705/2666 1940/2698/2659 1942/2703/2664
f 1940/2698/2659 5531/2699/2656 1942/2703/2664
f 5532/2700/2661 5534/2706/2667 1956/2701/2662
f 5535/2707/2668 1944/2708/2669 5536/2709/2670
f 5536/2709/2670 1944/2708/2669 5537/2710/2658
f 5538/2711/2671 1941/2702/2663 1938/2697/2658
f 5533/2704/2665 1944/2708/2672 1942/2703/2664
f 1942/2703/2664 1945/2712/2673 1943/2705/2666
f 1962/2713/2674 1956/2701/2662 5534/2706/2667
f 1962/2713/2674 5534/2706/2667 5539/2714/2675
f 2012/2715/2676 5540/2716/2677 5538/2711/2678
f 5541/2717/2676 1945/2712/2673 1942/2703/2664
f 2013/2718/2679 1945/2712/2673 5541/2717/2676
f 1965/2719/2680 1962/2713/2674 2014/2720/2681
f 1962/2713/2674 5542/2721/2679 2014/2720/2681
f 1962/2713/2674 5539/2714/2675 5542/2721/2679
f 5543/2722/2682 2453/2723/2683 5544/2724/2684
f 5509/2608/2574 5545/2725/2685 1948/2609/2208
f 1949/2726/2686 1948/2609/2208 5545/2725/2685
f 1950/2727/2687 5546/2728/2688 1947/2693/2653
f 1952/2620/2584 5547/2729/2689 1951/2730/2690
f 1952/2620/2584 1949/2726/2691 5547/2729/2689
f 1952/2620/2584 1951/2730/2690 1953/2621/2585
f 1954/2731/2692 5547/2729/2689 1955/2732/2693
f 5547/2729/2689 5548/2733/2694 1955/2732/2693
f 1950/2727/2687 1947/2693/2653 1956/2701/2662
f 5547/2729/2689 1954/2731/2692 1951/2730/2690
f 1957/2734/2695 1958/2623/2587 5549/2735/2696
f 5549/2735/2696 1958/2623/2587 5514/2622/2586
f 5550/2736/2697 5551/2737/2698 1957/2734/2695
f 1959/2738/2699 1955/2732/2693 1960/2739/2700
f 1957/2734/2695 5549/2735/2696 5550/2736/2697
f 1961/2740/2701 1959/2738/2699 1960/2739/2700
f 5552/2741/2702 1963/2742/2703 5548/2733/2694
f 5548/2733/2694 1963/2742/2703 1955/2732/2693
f 1963/2742/2703 1964/2743/2704 1955/2732/2693
f 1964/2743/2704 1960/2739/2700 1955/2732/2693
f 1960/2739/2700 1964/2743/2704 1961/2740/2701
f 5552/2741/2702 5544/2724/2705 1963/2742/2703
f 5553/2744/2706 1966/2745/2707 5554/2746/2708
f 5555/2747/2709 1966/2745/2707 5553/2744/2706
f 1976/2748/2710 1974/2749/2711 2442/2750/2712
f 2022/2751/2713 2442/2750/2712 2473/2752/2714
f 2442/2750/2712 2039/2753/2715 1976/2748/2710
f 2442/2750/2712 2022/2751/2713 2039/2753/2715
f 1968/2754/2716 1969/2755/2717 1967/2632/2596
f 1967/2632/2596 1969/2755/2717 1901/2633/2597
f 1968/2754/2716 1971/2756/2718 1969/2755/2717
f 1968/2754/2716 1970/2757/2719 1971/2756/2718
f 1972/2758/2720 1970/2757/2719 1973/2759/2721
f 1970/2757/2719 1972/2758/2720 1971/2756/2718
f 1973/2759/2721 2028/2760/2722 2027/2761/2723
f 2027/2761/2723 1972/2758/2720 1973/2759/2721
f 2027/2761/2723 2032/2762/2724 1972/2758/2720
f 1972/2758/2720 2033/2763/2725 1971/2756/2718
f 1972/2758/2720 2032/2762/2724 2033/2763/2725
f 1974/2749/2711 1968/2754/2716 1975/2642/2606
f 1975/2642/2606 1968/2754/2716 1967/2632/2596
f 1974/2749/2711 1970/2757/2719 1968/2754/2716
f 1974/2749/2711 1976/2748/2710 1970/2757/2719
f 1976/2748/2710 1973/2759/2721 1970/2757/2719
f 2039/2753/2715 2028/2760/2722 1973/2759/2721
f 1976/2748/2710 2039/2753/2715 1973/2759/2721
f 1977/2764/2726 1978/2765/2727 1894/2643/2607
f 1894/2643/2607 1978/2765/2727 1984/2644/2608
f 1979/2766/2728 1980/2767/2729 1977/2764/2726
f 1977/2764/2726 1980/2767/2729 1978/2765/2727
f 1978/2765/2727 1980/2767/2729 1990/2768/2730
f 1979/2766/2728 1982/2769/2731 1980/2767/2729
f 1979/2766/2728 1981/2770/2732 1982/2769/2731
f 1980/2767/2729 1994/2771/2733 1990/2768/2730
f 1980/2767/2729 1982/2769/2731 1994/2771/2733
f 1981/2770/2732 2042/2772/2734 1982/2769/2731
f 1981/2770/2732 2040/2773/2735 2042/2772/2734
f 1982/2769/2731 2042/2772/2734 2043/2774/2736
f 1982/2769/2731 2050/2775/2737 1994/2771/2733
f 1982/2769/2731 2043/2774/2736 2050/2775/2737
f 1901/2633/2597 1969/2755/2717 1977/2764/2726
f 1901/2633/2597 1977/2764/2726 1983/2652/2616
f 1983/2652/2616 1977/2764/2726 1894/2643/2607
f 1977/2764/2726 1971/2756/2718 1979/2766/2728
f 1969/2755/2717 1971/2756/2718 1977/2764/2726
f 1971/2756/2718 1981/2770/2732 1979/2766/2728
f 2033/2763/2725 2040/2773/2735 1981/2770/2732
f 2033/2763/2725 1981/2770/2732 1971/2756/2718
f 1984/2644/2608 1978/2765/2727 1985/2776/2738
f 1984/2644/2608 1986/2777/2739 1916/2663/2626
f 1984/2644/2608 1985/2776/2738 1986/2777/2739
f 1916/2663/2626 1987/2778/2740 1988/2666/112
f 1916/2663/2626 1986/2777/2739 1987/2778/2740
f 5519/2667/112 1998/2779/2741 1910/2659/2622
f 5519/2667/112 5556/2780/2740 1998/2779/2741
f 1978/2765/2727 1989/2781/2742 1985/2776/2738
f 1978/2765/2727 1990/2768/2730 1989/2781/2742
f 1985/2776/2738 1991/2782/2743 1986/2777/2739
f 1985/2776/2738 1989/2781/2742 1991/2782/2743
f 1986/2777/2739 1992/2783/2744 1987/2778/2740
f 1986/2777/2739 1991/2782/2743 1992/2783/2744
f 5556/2780/2740 5557/2784/2744 1998/2779/2741
f 1990/2768/2730 1993/2785/2745 1989/2781/2742
f 1990/2768/2730 1994/2771/2733 1993/2785/2745
f 1989/2781/2742 1995/2786/168 1991/2782/2743
f 1989/2781/2742 1993/2785/2745 1995/2786/168
f 1991/2782/2743 1995/2786/168 1992/2783/2744
f 5557/2784/2744 2003/2787/2746 1998/2779/2741
f 1992/2783/2744 1995/2786/168 5558/2788/2747
f 1994/2771/2733 2050/2775/2737 1993/2785/2745
f 1993/2785/2745 2054/2789/2748 1995/2786/168
f 1993/2785/2745 2050/2775/2737 2054/2789/2748
f 1995/2786/168 2054/2789/2748 2055/2790/2749
f 1995/2786/168 2062/2791/2750 5558/2788/2747
f 1995/2786/168 2055/2790/2749 2062/2791/2750
f 1910/2659/2622 1997/2792/2751 1996/2684/2644
f 1998/2779/2741 1997/2792/2751 1910/2659/2622
f 1997/2792/2751 1929/2685/2645 1996/2684/2644
f 1999/2793/2752 5527/2686/2646 5559/2794/2751
f 5527/2686/2646 2000/2795/2753 1930/2687/2647
f 5527/2686/2646 1999/2793/2752 2000/2795/2753
f 1930/2687/2647 2009/2796/2754 5560/2797/2755
f 1930/2687/2647 2000/2795/2753 2009/2796/2754
f 2000/2795/2753 1999/2793/2752 2001/2798/2756
f 2000/2795/2753 2001/2798/2756 2009/2796/2754
f 1998/2779/2741 2002/2799/2757 1997/2792/2751
f 1998/2779/2741 2003/2787/2746 2002/2799/2757
f 1999/2793/2752 5561/2800/2758 2004/2801/2759
f 1999/2793/2752 5559/2794/2751 5561/2800/2758
f 1999/2793/2752 2004/2801/2759 2001/2798/2756
f 2005/2802/2760 5561/2800/2761 5562/2803/2762
f 5563/2804/2763 5558/2788/2747 2062/2791/2750
f 5563/2804/2758 5564/2805/2764 5565/2806/2765
f 2015/2807/2766 2009/2796/2754 2001/2798/2756
f 2006/2808/2124 5566/2809/2767 5567/2810/2768
f 2017/2811/2769 5568/2812/2770 2007/2813/2771
f 5568/2812/2770 2006/2808/2772 2007/2813/2771
f 2015/2807/2766 2001/2798/2756 5569/2814/2773
f 2066/2815/2774 5567/2810/2768 5570/2816/2775
f 5571/2817/2776 5572/2818/2777 2065/2819/2778
f 2006/2808/2124 2066/2815/2774 5573/2820/2779
f 2006/2808/2124 5567/2810/2768 2066/2815/2774
f 5574/2821/2780 2020/2822/2781 5575/2823/2782
f 5573/2820/2783 2071/2824/2784 2007/2813/2785
f 5576/2825/2786 2020/2822/2781 5574/2821/2780
f 2075/2826/2787 2020/2822/2781 5576/2825/2786
f 1944/2708/2669 5535/2707/2668 5577/2827/2754
f 5577/2827/2754 2010/2828/2788 1944/2708/2669
f 5541/2717/2676 2010/2828/2789 2011/2829/2790
f 2012/2715/2676 5538/2711/2678 5578/2830/2791
f 5541/2717/2676 2011/2829/2790 2013/2718/2679
f 5568/2812/2770 2016/2831/2792 5577/2827/2793
f 5579/2832/2792 5578/2830/2788 2009/2796/2754
f 2010/2828/2789 2016/2831/2792 2011/2829/2790
f 5568/2812/2770 2017/2811/2769 2016/2831/2792
f 2018/2833/2794 5542/2721/2679 5580/2834/2795
f 5581/2835/2796 2451/2836/2797 2013/2718/2798
f 5582/2837/2799 2014/2720/2681 5542/2721/2679
f 2451/2836/2800 2453/2723/2683 5543/2722/2682
f 2019/2838/2801 2011/2829/2790 2016/2831/2792
f 2451/2836/2797 5581/2835/2796 2454/2839/2802
f 5581/2835/2796 2019/2838/2801 2454/2839/2802
f 2018/2833/2794 5580/2834/2795 5583/2840/2803
f 2020/2822/2781 5579/2832/2804 5575/2823/2782
f 2021/2841/2805 5579/2832/2804 2020/2822/2781
f 2019/2838/2801 5584/2842/2806 2456/2843/2807
f 2019/2838/2801 2016/2831/2792 5584/2842/2806
f 2019/2838/2801 2456/2843/2807 2454/2839/2802
f 5584/2842/2806 5585/2844/2808 2460/2845/2809
f 2021/2841/2805 2020/2822/2781 2075/2826/2787
f 5584/2842/2806 2460/2845/2809 2456/2843/2807
f 2022/2751/2713 2473/2752/2714 2023/2846/2810
f 2022/2751/2713 2030/2847/2811 2039/2753/2715
f 2022/2751/2713 2023/2846/2810 2030/2847/2811
f 2473/2752/2714 2475/2848/2812 2024/2849/2813
f 2024/2849/2813 2023/2846/2810 2473/2752/2714
f 2023/2846/2810 2034/2850/2814 2030/2847/2811
f 2024/2849/2813 2475/2848/2812 2025/2851/2815
f 2025/2851/2815 2475/2848/2812 2080/2852/2816
f 2024/2849/2813 2025/2851/2815 2023/2846/2810
f 2023/2846/2810 2038/2853/2817 2034/2850/2814
f 2023/2846/2810 2025/2851/2815 2038/2853/2817
f 2080/2852/2816 2083/2854/2818 2025/2851/2815
f 2025/2851/2815 2083/2854/2818 2077/2855/2819
f 2025/2851/2815 2077/2855/2819 2038/2853/2817
f 2098/2856/2820 2026/2857/2821 2087/2858/2822
f 2027/2761/2723 2028/2760/2722 2029/2859/2823
f 2029/2859/2823 2028/2760/2722 2030/2847/2811
f 2027/2761/2723 2031/2860/2824 2032/2762/2724
f 2027/2761/2723 2029/2859/2823 2031/2860/2824
f 2033/2763/2725 2032/2762/2724 2041/2861/2825
f 2029/2859/2823 2030/2847/2811 2034/2850/2814
f 2029/2859/2823 2035/2862/2826 2031/2860/2824
f 2031/2860/2824 2036/2863/2827 2032/2762/2724
f 2031/2860/2824 2035/2862/2826 2036/2863/2827
f 2032/2762/2724 2036/2863/2827 2041/2861/2825
f 2029/2859/2823 2034/2850/2814 2037/2864/2624
f 2037/2864/2624 2034/2850/2814 2038/2853/2817
f 2029/2859/2823 2037/2864/2624 2035/2862/2826
f 2035/2862/2826 2026/2857/2821 2036/2863/2827
f 2077/2855/2819 2037/2864/2624 2038/2853/2817
f 2077/2855/2819 2089/2865/2828 2037/2864/2624
f 2037/2864/2624 2089/2865/2828 2035/2862/2826
f 2035/2862/2826 2087/2858/2822 2026/2857/2821
f 2035/2862/2826 2089/2865/2828 2087/2858/2822
f 2030/2847/2811 2028/2760/2722 2039/2753/2715
f 2043/2774/2736 2052/2866/2829 2050/2775/2737
f 2040/2773/2735 2041/2861/2825 2044/2867/2830
f 2044/2867/2830 2041/2861/2825 2036/2863/2827
f 2040/2773/2735 2045/2868/2831 2042/2772/2734
f 2040/2773/2735 2044/2867/2830 2045/2868/2831
f 2042/2772/2734 2046/2869/2832 2043/2774/2736
f 2042/2772/2734 2045/2868/2831 2046/2869/2832
f 2043/2774/2736 2057/2870/2833 2052/2866/2829
f 2043/2774/2736 2046/2869/2832 2057/2870/2833
f 2026/2857/2821 2044/2867/2830 2036/2863/2827
f 2044/2867/2830 2047/2871/2834 2045/2868/2831
f 2045/2868/2831 2048/2872/2835 2046/2869/2832
f 2045/2868/2831 2047/2871/2834 2048/2872/2835
f 2057/2870/2833 2048/2872/2835 2049/2873/2836
f 2057/2870/2833 2046/2869/2832 2048/2872/2835
f 2026/2857/2821 2099/2874/2837 2044/2867/2830
f 2026/2857/2821 2098/2856/2820 2099/2874/2837
f 2044/2867/2830 2099/2874/2837 2047/2871/2834
f 2047/2871/2834 2101/2875/2838 2048/2872/2835
f 2049/2873/2836 2048/2872/2835 2101/2875/2838
f 2041/2861/2825 2040/2773/2735 2033/2763/2725
f 5586/2876/2839 2110/2877/2840 5587/2878/2841
f 2050/2775/2737 2052/2866/2829 2051/2879/2842
f 2054/2789/2748 2051/2879/2842 2053/2880/2843
f 2054/2789/2748 2050/2775/2737 2051/2879/2842
f 2054/2789/2748 2053/2880/2843 2055/2790/2749
f 2056/2881/2844 2051/2879/2842 2057/2870/2833
f 2051/2879/2842 2052/2866/2829 2057/2870/2833
f 2051/2879/2842 2056/2881/2844 2053/2880/2843
f 2063/2882/2845 2062/2791/2750 2055/2790/2749
f 2063/2882/2845 2055/2790/2749 2053/2880/2843
f 2058/2883/2846 5588/2884/2843 5589/2885/2844
f 2053/2880/2843 5590/2886/2847 2059/2887/2848
f 5588/2884/2843 2068/2888/2849 5591/2889/2850
f 5588/2884/2843 5592/2890/2848 2068/2888/2849
f 2056/2881/2844 2057/2870/2833 2049/2873/2836
f 2060/2891/2851 2056/2881/2844 2049/2873/2836
f 5589/2885/2844 5593/2892/2852 2058/2883/2846
f 2058/2883/2846 5593/2892/2852 5592/2890/2853
f 2069/2893/2854 5594/2894/2855 5595/2895/2856
f 5587/2878/2836 2112/2896/2857 5593/2892/2858
f 2049/2873/2859 5596/2897/2860 5597/2898/2861
f 5598/2899/2862 5599/2900/2863 2115/2901/2864
f 5595/2895/2865 2115/2901/2866 2061/2902/2867
f 2059/2887/2868 2060/2891/2851 5600/2903/2866
f 5601/2904/2869 2059/2887/2870 5602/2905/2871
f 2124/2906/2872 5603/2907/2873 5604/2908/2874
f 5605/2909/2875 2005/2802/2760 5562/2803/2762
f 2064/2910/2876 5564/2805/2877 2063/2882/2845
f 5573/2820/2779 2066/2815/2774 5606/2911/2878
f 2066/2815/2774 5570/2816/2775 5606/2911/2878
f 5606/2911/2879 5607/2912/2880 2067/2913/2881
f 5608/2914/2882 5605/2909/2883 5594/2894/2884
f 5607/2912/2880 5603/2907/2873 2067/2913/2881
f 2064/2910/2885 2070/2915/2886 2065/2819/2779
f 5609/2916/2887 2071/2824/2784 5573/2820/2783
f 2072/2917/2888 2071/2824/2784 5609/2916/2887
f 2075/2826/2787 5610/2918/2889 2477/2919/2890
f 2075/2826/2787 5576/2825/2786 5610/2918/2889
f 5609/2916/2887 5606/2911/2879 2067/2913/2881
f 2073/2920/2891 5609/2916/2887 2067/2913/2881
f 2072/2917/2888 5609/2916/2887 2073/2920/2891
f 2074/2921/2892 2067/2913/2881 5603/2907/2873
f 2073/2920/2891 2067/2913/2881 2074/2921/2892
f 2074/2921/2892 2124/2906/2872 2482/2922/2893
f 2074/2921/2892 5603/2907/2873 2124/2906/2872
f 5585/2844/2808 5611/2923/2894 2460/2845/2809
f 2129/2924/2895 2085/2925/2896 2540/2926/2897
f 2076/2927/2898 2088/2928/2899 2077/2855/2819
f 2076/2927/2898 2091/2929/2900 2088/2928/2899
f 2076/2927/2898 2078/2930/2901 2091/2929/2900
f 2078/2930/2901 2094/2931/2902 2091/2929/2900
f 2078/2930/2901 2079/2932/2903 2094/2931/2902
f 2079/2932/2903 2139/2933/2904 2094/2931/2902
f 2079/2932/2903 2126/2934/2905 2139/2933/2904
f 2081/2935/2906 2080/2852/2816 2512/2936/2907
f 2080/2852/2816 2082/2937/2908 2083/2854/2818
f 2080/2852/2816 2081/2935/2906 2082/2937/2908
f 2077/2855/2819 2082/2937/2908 2076/2927/2898
f 2083/2854/2818 2082/2937/2908 2077/2855/2819
f 2081/2935/2906 2512/2936/2907 2084/2938/2909
f 2084/2938/2909 2512/2936/2907 2501/2939/2910
f 2081/2935/2906 2084/2938/2909 2082/2937/2908
f 2084/2938/2909 2078/2930/2901 2076/2927/2898
f 2084/2938/2909 2076/2927/2898 2082/2937/2908
f 2085/2925/2896 2084/2938/2909 2501/2939/2910
f 2085/2925/2896 2086/2940/2911 2084/2938/2909
f 2086/2940/2911 2079/2932/2903 2078/2930/2901
f 2086/2940/2911 2078/2930/2901 2084/2938/2909
f 2085/2925/2896 2131/2941/2912 2086/2940/2911
f 2085/2925/2896 2129/2924/2895 2131/2941/2912
f 2086/2940/2911 2131/2941/2912 2133/2942/2609
f 2133/2942/2609 2126/2934/2905 2079/2932/2903
f 2133/2942/2609 2079/2932/2903 2086/2940/2911
f 2087/2858/2822 2096/2943/2913 2098/2856/2820
f 2077/2855/2819 2088/2928/2899 2089/2865/2828
f 2089/2865/2828 2088/2928/2899 2090/2944/2914
f 2089/2865/2828 2090/2944/2914 2087/2858/2822
f 2090/2944/2914 2096/2943/2913 2087/2858/2822
f 2088/2928/2899 2092/2945/2915 2090/2944/2914
f 2088/2928/2899 2091/2929/2900 2092/2945/2915
f 2090/2944/2914 2092/2945/2915 2093/2946/2916
f 2090/2944/2914 2104/2947/2917 2096/2943/2913
f 2090/2944/2914 2093/2946/2916 2104/2947/2917
f 2091/2929/2900 2094/2931/2902 2092/2945/2915
f 2092/2945/2915 2095/2948/2918 2093/2946/2916
f 2093/2946/2916 2108/2949/2919 2104/2947/2917
f 2093/2946/2916 2095/2948/2918 2108/2949/2919
f 2094/2931/2902 2142/2950/2920 2092/2945/2915
f 2094/2931/2902 2139/2933/2904 2142/2950/2920
f 2092/2945/2915 2142/2950/2920 2095/2948/2918
f 2097/2951/2921 2098/2856/2820 2096/2943/2913
f 2097/2951/2921 2099/2874/2837 2098/2856/2820
f 2099/2874/2837 2100/2952/2922 2047/2871/2834
f 2099/2874/2837 2097/2951/2921 2100/2952/2922
f 2101/2875/2838 2047/2871/2834 2100/2952/2922
f 2100/2952/2922 2102/2953/2923 2101/2875/2838
f 5612/2954/2923 2110/2877/2840 5586/2876/2839
f 2113/2955/2924 2110/2877/2840 5612/2954/2923
f 2103/2956/2925 2097/2951/2921 2096/2943/2913
f 2104/2947/2917 2103/2956/2925 2096/2943/2913
f 2105/2957/2926 2100/2952/2922 2097/2951/2921
f 2105/2957/2926 2097/2951/2921 2103/2956/2925
f 2105/2957/2926 2102/2953/2923 2100/2952/2922
f 2106/2958/2927 2102/2953/2923 2105/2957/2926
f 2102/2953/2923 2106/2958/2927 5613/2959/2928
f 2104/2947/2917 2107/2960/2929 2103/2956/2925
f 2104/2947/2917 2108/2949/2919 2107/2960/2929
f 2103/2956/2925 2109/2961/2930 2105/2957/2926
f 2103/2956/2925 2107/2960/2929 2109/2961/2930
f 2105/2957/2926 2109/2961/2930 2106/2958/2927
f 5614/2962/2927 2117/2963/2931 2113/2955/2932
f 2109/2961/2930 2153/2964/2933 2106/2958/2927
f 5615/2965/2931 5616/2966/2934 2118/2967/2935
f 2117/2963/2931 5614/2962/2927 5617/2968/2936
f 5596/2897/2860 2111/2969/2937 5597/2898/2861
f 2110/2877/2840 2113/2955/2924 5618/2970/2938
f 5597/2898/2939 2114/2971/2940 5600/2903/2941
f 5599/2900/2942 5619/2972/2943 5620/2973/2944
f 5602/2905/2874 5600/2903/2941 2114/2971/2940
f 5621/2974/2945 2116/2975/2946 5619/2972/2943
f 5620/2973/2944 5619/2972/2943 2116/2975/2946
f 5622/2976/2946 2113/2955/2932 2117/2963/2931
f 2114/2971/2940 2119/2977/2947 5602/2905/2874
f 2124/2906/2872 5623/2978/2948 2514/2979/2949
f 5624/2980/2950 2061/2902/2951 5625/2981/2952
f 2116/2975/2946 2120/2982/2953 5620/2973/2944
f 5626/2983/2954 5623/2978/2955 5627/2984/2956
f 2121/2985/2957 5623/2978/2955 5626/2983/2954
f 5628/2986/2958 2119/2977/2959 5629/2987/2960
f 5630/2988/2931 2122/2989/2961 5631/2990/2946
f 5632/2991/2961 2120/2982/2953 2116/2975/2946
f 2123/2992/2962 5626/2983/2954 2122/2989/2963
f 2121/2985/2957 5626/2983/2954 2123/2992/2962
f 2122/2989/2961 5630/2988/2931 5633/2993/2935
f 2162/2994/2964 5632/2991/2961 2118/2967/2965
f 2123/2992/2962 5634/2995/2966 2555/2996/2967
f 2123/2992/2962 2122/2989/2963 5634/2995/2966
f 2124/2906/2872 2514/2979/2949 2482/2922/2893
f 2125/2997/2968 2129/2924/2895 2540/2926/2897
f 2125/2997/2968 2132/2998/2969 2129/2924/2895
f 2544/2999/2970 2135/3000/2971 2125/2997/2968
f 2135/3000/2971 2132/2998/2969 2125/2997/2968
f 2135/3000/2971 2544/2999/2970 2137/3001/2972
f 2137/3001/2972 2544/2999/2970 2546/3002/2973
f 2546/3002/2973 2552/3003/2974 2137/3001/2972
f 2126/2934/2905 2141/3004/2975 2139/2933/2904
f 2126/2934/2905 2127/3005/2976 2141/3004/2975
f 2127/3005/2976 2145/3006/989 2141/3004/2975
f 2127/3005/2976 2128/3007/2977 2145/3006/989
f 2145/3006/989 2128/3007/2977 2147/3008/2978
f 2129/2924/2895 2130/3009/2979 2131/2941/2912
f 2129/2924/2895 2132/2998/2969 2130/3009/2979
f 2131/2941/2912 2130/3009/2979 2133/2942/2609
f 2130/3009/2979 2127/3005/2976 2126/2934/2905
f 2130/3009/2979 2126/2934/2905 2133/2942/2609
f 2132/2998/2969 2134/3010/2980 2130/3009/2979
f 2132/2998/2969 2135/3000/2971 2134/3010/2980
f 2130/3009/2979 2134/3010/2980 2128/3007/2977
f 2128/3007/2977 2127/3005/2976 2130/3009/2979
f 2135/3000/2971 2136/3011/2981 2134/3010/2980
f 2135/3000/2971 2137/3001/2972 2136/3011/2981
f 2134/3010/2980 2138/3012/2982 2128/3007/2977
f 2134/3010/2980 2136/3011/2981 2138/3012/2982
f 2147/3008/2978 2128/3007/2977 2138/3012/2982
f 2165/3013/2983 2137/3001/2972 2552/3003/2974
f 2165/3013/2983 2136/3011/2981 2137/3001/2972
f 2136/3011/2981 2167/3014/2984 2138/3012/2982
f 2136/3011/2981 2165/3013/2983 2167/3014/2984
f 2138/3012/2982 2169/3015/2985 2147/3008/2978
f 2138/3012/2982 2167/3014/2984 2169/3015/2985
f 2139/2933/2904 2141/3004/2975 2140/3016/124
f 2139/2933/2904 2140/3016/124 2142/2950/2920
f 2142/2950/2920 2143/3017/2986 2095/2948/2918
f 2095/2948/2918 2150/3018/2987 2108/2949/2919
f 2095/2948/2918 2143/3017/2986 2150/3018/2987
f 2141/3004/2975 2144/3019/2988 2140/3016/124
f 2141/3004/2975 2145/3006/989 2144/3019/2988
f 2140/3016/124 2146/3020/2989 2142/2950/2920
f 2140/3016/124 2144/3019/2988 2146/3020/2989
f 2142/2950/2920 2146/3020/2989 2143/3017/2986
f 2147/3008/2978 2144/3019/2988 2145/3006/989
f 2144/3019/2988 2148/3021/2990 2146/3020/2989
f 2144/3019/2988 2147/3008/2978 2148/3021/2990
f 2146/3020/2989 2148/3021/2990 2149/3022/2991
f 2146/3020/2989 2157/3023/2992 2143/3017/2986
f 2146/3020/2989 2149/3022/2991 2157/3023/2992
f 2169/3015/2985 2171/3024/2993 2147/3008/2978
f 2173/3025/2994 2148/3021/2990 2147/3008/2978
f 2173/3025/2994 2147/3008/2978 2171/3024/2993
f 2175/3026/2995 2149/3022/2991 2148/3021/2990
f 2175/3026/2995 2148/3021/2990 2173/3025/2994
f 2176/3027/2996 2157/3023/2992 2149/3022/2991
f 2176/3027/2996 2149/3022/2991 2175/3026/2995
f 2108/2949/2919 2150/3018/2987 2107/2960/2929
f 2107/2960/2929 2151/3028/2997 2109/2961/2930
f 2107/2960/2929 2150/3018/2987 2151/3028/2997
f 2109/2961/2930 2152/3029/2998 2153/2964/2933
f 2109/2961/2930 2151/3028/2997 2152/3029/2998
f 5635/3030/2935 2153/2964/2933 2152/3029/2998
f 2150/3018/2987 2143/3017/2986 2154/3031/2999
f 5636/3032/3000 5637/3033/3001 2155/3034/3002
f 2151/3028/2997 2150/3018/2987 2154/3031/2999
f 2151/3028/2997 5638/3035/3002 2152/3029/2998
f 2156/3036/3003 2154/3031/2999 2157/3023/2992
f 2154/3031/2999 2143/3017/2986 2157/3023/2992
f 5637/3033/3001 5639/3037/3004 2155/3034/3002
f 2152/3029/2998 2163/3038/3005 5635/3030/2935
f 2158/3039/3006 5640/3040/3007 2155/3034/3002
f 2158/3039/3006 5641/3041/3008 5640/3040/3007
f 2164/3042/3009 5641/3041/3008 2158/3039/3006
f 5642/3043/3010 2159/3044/3011 5639/3037/3004
f 2159/3044/3011 2155/3034/3002 5639/3037/3004
f 2155/3034/3002 2160/3045/3012 2158/3039/3006
f 2164/3042/3009 2160/3045/3012 2553/3046/3013
f 2164/3042/3009 2158/3039/3006 2160/3045/3012
f 5643/3047/3014 2159/3044/3011 5642/3043/3010
f 5644/3048/3011 2179/3049/3015 5638/3035/3002
f 5644/3048/3011 2176/3027/2996 2179/3049/3015
f 2553/3046/3013 2160/3045/3012 5645/3050/3016
f 2160/3045/3012 2155/3034/3002 5645/3050/3016
f 2118/2967/2965 2161/3051/3017 2162/2994/2964
f 5633/2993/2935 5641/3041/3018 5646/3052/3019
f 2555/2996/2967 5634/2995/2966 5646/3052/3020
f 5647/3053/3020 2163/3038/3021 5648/3054/3022
f 2165/3013/2983 2552/3003/2974 2584/3055/3023
f 2165/3013/2983 2166/3056/3024 2167/3014/2984
f 2165/3013/2983 2584/3055/3023 2166/3056/3024
f 2167/3014/2984 2166/3056/3024 2168/3057/3025
f 2167/3014/2984 2168/3057/3025 2169/3015/2985
f 2169/3015/2985 2170/3058/3026 2171/3024/2993
f 2169/3015/2985 2168/3057/3025 2170/3058/3026
f 2171/3024/2993 2172/3059/3027 2173/3025/2994
f 2171/3024/2993 2170/3058/3026 2172/3059/3027
f 2173/3025/2994 2174/3060/3028 2175/3026/2995
f 2173/3025/2994 2172/3059/3027 2174/3060/3028
f 2175/3026/2995 2178/3061/3029 2176/3027/2996
f 2175/3026/2995 2174/3060/3028 2178/3061/3029
f 2176/3027/2996 2178/3061/3029 2177/3062/3030
f 2586/3063/3031 5645/3050/3016 5653/3064/3032
f 2179/3049/3015 2176/3027/2996 2177/3062/3030
f 1620/2281/2262 2187/3065/3033 2180/2311/2291
f 2180/2311/2291 2182/3066/3034 5478/2315/2293
f 2187/3065/3033 2190/3067/3035 2182/3066/3034
f 2180/2311/2291 2187/3065/3033 2182/3066/3034
f 5655/3068/2293 2184/3069/3036 5656/3070/3037
f 5478/2315/2293 2182/3066/3034 5657/3071/3036
f 2219/3072/3038 2218/2316/2294 2183/2313/2292
f 5658/3073/3038 5657/3071/3036 2220/3074/3039
f 2183/2313/2292 5659/3075/3040 2219/3072/3038
f 2185/3076/3041 5657/3071/3036 2182/3066/3034
f 2190/3067/3035 2185/3076/3041 2182/3066/3034
f 2224/3077/3042 2220/3074/3039 5657/3071/3036
f 2225/3078/3043 2224/3077/3042 5657/3071/3036
f 2185/3076/3041 2225/3078/3043 5657/3071/3036
f 2227/3079/3044 2225/3078/3043 2185/3076/3041
f 2197/3080/3045 2227/3079/3044 2185/3076/3041
f 2190/3067/3035 2197/3080/3045 2185/3076/3041
f 1620/2281/2262 2186/3081/3046 2187/3065/3033
f 1621/2282/2263 2188/3082/3047 1620/2281/2262
f 1620/2281/2262 2188/3082/3047 2186/3081/3046
f 1622/2283/2264 2189/3083/3048 1621/2282/2263
f 1621/2282/2263 2189/3083/3048 2188/3082/3047
f 1629/2284/2265 2199/3084/3049 1622/2283/2264
f 1622/2283/2264 2199/3084/3049 2189/3083/3048
f 2190/3067/3035 2187/3065/3033 2186/3081/3046
f 2186/3081/3046 2191/3085/3050 2190/3067/3035
f 2191/3085/3050 2186/3081/3046 2192/3086/3051
f 2186/3081/3046 2188/3082/3047 2192/3086/3051
f 2193/3087/3052 2188/3082/3047 2189/3083/3048
f 2193/3087/3052 2192/3086/3051 2188/3082/3047
f 2193/3087/3052 2199/3084/3049 2194/3088/3053
f 2193/3087/3052 2189/3083/3048 2199/3084/3049
f 2195/3089/3054 2191/3085/3050 2192/3086/3051
f 2195/3089/3054 2192/3086/3051 2193/3087/3052
f 2195/3089/3054 2193/3087/3052 2196/3090/3055
f 2196/3090/3055 2193/3087/3052 2194/3088/3053
f 2207/3091/3056 2196/3090/3055 2194/3088/3053
f 2197/3080/3045 2190/3067/3035 2191/3085/3050
f 2191/3085/3050 2229/3092/3057 2197/3080/3045
f 2599/3093/3058 2229/3092/3057 2191/3085/3050
f 2599/3093/3058 2191/3085/3050 2195/3089/3054
f 2599/3093/3058 2195/3089/3054 2196/3090/3055
f 2599/3093/3058 2196/3090/3055 2600/3094/3047
f 2600/3094/3047 2196/3090/3055 2207/3091/3056
f 2600/3094/3047 2207/3091/3056 2602/3095/3059
f 1629/2284/2265 2198/2323/2301 2199/3084/3049
f 2199/3084/3049 2198/2323/2301 2200/3096/3060
f 2201/3097/3061 2200/3096/3060 2202/2324/2302
f 2200/3096/3060 2198/2323/2301 2202/2324/2302
f 1630/2325/2303 2201/3097/3061 2202/2324/2302
f 2203/3098/3062 2201/3097/3061 1630/2325/2303
f 2204/3099/3063 2203/3098/3062 2210/2326/2304
f 2203/3098/3062 1630/2325/2303 2210/2326/2304
f 2199/3084/3049 2200/3096/3060 2194/3088/3053
f 2205/3100/3064 2200/3096/3060 2201/3097/3061
f 2205/3100/3064 2201/3097/3061 2203/3098/3062
f 2206/3101/3065 2205/3100/3064 2203/3098/3062
f 2206/3101/3065 2203/3098/3062 2204/3099/3063
f 2241/3102/3066 2206/3101/3065 2204/3099/3063
f 2207/3091/3056 2200/3096/3060 2208/3103/3067
f 2207/3091/3056 2194/3088/3053 2200/3096/3060
f 2200/3096/3060 2205/3100/3064 2208/3103/3067
f 2208/3103/3067 2205/3100/3064 2209/3104/3068
f 2230/3105/3069 2209/3104/3068 2206/3101/3065
f 2209/3104/3068 2205/3100/3064 2206/3101/3065
f 2206/3101/3065 2241/3102/3066 2230/3105/3069
f 2208/3103/3067 2602/3095/3059 2207/3091/3056
f 2601/3106/3070 2602/3095/3059 2208/3103/3067
f 2601/3106/3070 2209/3104/3068 2231/3107/3071
f 2601/3106/3070 2208/3103/3067 2209/3104/3068
f 2230/3105/3069 2231/3107/3071 2209/3104/3068
f 2211/2342/2319 2204/3099/3063 2210/2326/2304
f 2212/3108/3072 2204/3099/3063 2211/2342/2319
f 2211/2342/2319 1670/2343/2320 2212/3108/3072
f 2241/3102/3066 2204/3099/3063 2212/3108/3072
f 2221/3109/3073 5660/3110/2337 2217/2360/2336
f 2215/3111/3074 2214/2365/2338 2213/2362/2337
f 5661/3112/3075 2215/3111/3074 2213/2362/2337
f 2216/3113/3076 1696/2366/2339 2214/2365/2338
f 2216/3113/3076 2214/2365/2338 2215/3111/3074
f 2253/3114/3077 2216/3113/3076 2215/3111/3074
f 2256/3115/3078 2253/3114/3077 2215/3111/3074
f 5661/3112/3075 2256/3115/3078 2215/3111/3074
f 2219/3072/3038 2217/2360/2336 2218/2316/2294
f 2222/3116/3079 5483/2363/2336 5662/3117/3080
f 2223/3118/3081 5663/3119/3079 5658/3073/3038
f 2223/3118/3081 5658/3073/3038 2220/3074/3039
f 2224/3077/3042 2223/3118/3081 2220/3074/3039
f 5664/3120/3079 2221/3109/3073 2217/2360/2336
f 2226/3121/3082 2223/3118/3081 2224/3077/3042
f 2226/3121/3082 2224/3077/3042 2225/3078/3043
f 2227/3079/3044 2226/3121/3082 2225/3078/3043
f 2226/3121/3082 5663/3119/3079 2223/3118/3081
f 2228/3122/3083 5665/3123/3084 2222/3116/3079
f 2228/3122/3083 5666/3124/3078 5665/3123/3084
f 2604/3125/3085 2226/3121/3082 2227/3079/3044
f 2603/3126/3086 2604/3125/3085 2227/3079/3044
f 2603/3126/3086 2227/3079/3044 2197/3080/3045
f 2604/3125/3085 2605/3127/3087 2226/3121/3082
f 2607/3128/3088 5667/3129/3083 5663/3119/3079
f 2226/3121/3082 2607/3128/3088 5663/3119/3079
f 2607/3128/3088 2226/3121/3082 2605/3127/3087
f 2603/3126/3086 2197/3080/3045 2229/3092/3057
f 2621/3130/3089 2601/3106/3070 2231/3107/3071
f 2621/3130/3089 2231/3107/3071 2230/3105/3069
f 2622/3131/3090 2621/3130/3089 2230/3105/3069
f 2622/3131/3090 2241/3102/3066 2244/3132/3091
f 2622/3131/3090 2230/3105/3069 2241/3102/3066
f 2232/3133/3092 2212/3108/3072 1670/2343/2320
f 1670/2343/2320 1671/2368/2341 2232/3133/3092
f 2233/3134/3093 2232/3133/3092 1671/2368/2341
f 1671/2368/2341 1681/2369/2342 2233/3134/3093
f 2245/3135/3094 2233/3134/3093 1681/2369/2342
f 2234/3136/3095 2241/3102/3066 2212/3108/3072
f 2235/3137/3096 2234/3136/3095 2232/3133/3092
f 2234/3136/3095 2212/3108/3072 2232/3133/3092
f 2237/3138/3097 2236/3139/3098 2233/3134/3093
f 2236/3139/3098 2235/3137/3096 2233/3134/3093
f 2235/3137/3096 2232/3133/3092 2233/3134/3093
f 2238/3140/3099 2237/3138/3097 2233/3134/3093
f 2239/3141/3100 2238/3140/3099 2245/3135/3094
f 2238/3140/3099 2233/3134/3093 2245/3135/3094
f 2240/3142/3101 2241/3102/3066 2234/3136/3095
f 2235/3137/3096 2240/3142/3101 2234/3136/3095
f 2242/3143/3102 2240/3142/3101 2236/3139/3098
f 2240/3142/3101 2235/3137/3096 2236/3139/3098
f 2237/3138/3097 2242/3143/3102 2236/3139/3098
f 2243/3144/3103 2242/3143/3102 2238/3140/3099
f 2242/3143/3102 2237/3138/3097 2238/3140/3099
f 2239/3141/3100 2243/3144/3103 2238/3140/3099
f 2257/3145/3104 2243/3144/3103 2239/3141/3100
f 2240/3142/3101 2244/3132/3091 2241/3102/3066
f 2632/3146/3105 2244/3132/3091 2240/3142/3101
f 2240/3142/3101 2242/3143/3102 2632/3146/3105
f 2634/3147/3106 2632/3146/3105 2242/3143/3102
f 2242/3143/3102 2243/3144/3103 2634/3147/3106
f 2636/3148/3107 2634/3147/3106 2243/3144/3103
f 2243/3144/3103 2257/3145/3104 2636/3148/3107
f 1681/2369/2342 1682/2381/2353 2245/3135/3094
f 2246/3149/3108 2245/3135/3094 1682/2381/2353
f 1682/2381/2353 2258/2382/2354 2246/3149/3108
f 2239/3141/3100 2245/3135/3094 2246/3149/3108
f 2247/3150/3109 1696/2366/2339 2216/3113/3076
f 1696/2366/2339 2248/3151/3110 2249/2396/2368
f 1696/2366/2339 2247/3150/3109 2248/3151/3110
f 2248/3151/3110 2250/2397/2369 2249/2396/2368
f 2251/3152/3111 2250/2397/2369 2248/3151/3110
f 2251/3152/3111 2273/2398/2370 2250/2397/2369
f 2271/3153/3112 2273/2398/2370 2251/3152/3111
f 2252/3154/3113 2247/3150/3109 2216/3113/3076
f 2252/3154/3113 2216/3113/3076 2253/3114/3077
f 2254/3155/3114 2251/3152/3111 2248/3151/3110
f 2254/3155/3114 2248/3151/3110 2247/3150/3109
f 2254/3155/3114 2271/3153/3112 2251/3152/3111
f 2279/3156/3115 2271/3153/3112 2254/3155/3114
f 2256/3115/3078 2252/3154/3113 2253/3114/3077
f 2247/3150/3109 2255/3157/3116 2254/3155/3114
f 2252/3154/3113 2255/3157/3116 2247/3150/3109
f 2255/3157/3116 2283/3158/3117 2254/3155/3114
f 2283/3158/3117 2279/3156/3115 2254/3155/3114
f 2640/3159/3118 2252/3154/3113 2256/3115/3078
f 2668/3160/3119 2255/3157/3116 2252/3154/3113
f 2668/3160/3119 2252/3154/3113 2640/3159/3118
f 2228/3122/3083 5668/3161/3120 5666/3124/3078
f 2636/3148/3107 2257/3145/3104 2268/3162/3121
f 2258/2382/2354 2259/2402/2373 2260/3163/3122
f 2246/3149/3108 2258/2382/2354 2260/3163/3122
f 1698/2400/2351 2260/3163/3122 2259/2402/2373
f 2261/2404/2375 2260/3163/3122 1711/2401/2372
f 2260/3163/3122 1698/2400/2351 1711/2401/2372
f 2264/3164/3123 2261/2404/2375 2269/2403/2374
f 2270/3165/3124 2264/3164/3123 2269/2403/2374
f 2262/3166/3125 2239/3141/3100 2246/3149/3108
f 2246/3149/3108 2260/3163/3122 2262/3166/3125
f 2262/3166/3125 2260/3163/3122 2263/3167/3126
f 2261/2404/2375 2263/3167/3126 2260/3163/3122
f 2264/3164/3123 2263/3167/3126 2261/2404/2375
f 2287/3168/3127 2264/3164/3123 2270/3165/3124
f 2265/3169/3128 2257/3145/3104 2262/3166/3125
f 2257/3145/3104 2239/3141/3100 2262/3166/3125
f 2266/3170/3129 2265/3169/3128 2262/3166/3125
f 2262/3166/3125 2263/3167/3126 2266/3170/3129
f 2267/3171/3130 2266/3170/3129 2263/3167/3126
f 2263/3167/3126 2264/3164/3123 2267/3171/3130
f 2267/3171/3130 2264/3164/3123 2287/3168/3127
f 2265/3169/3128 2268/3162/3121 2257/3145/3104
f 2268/3162/3121 2265/3169/3128 2266/3170/3129
f 2661/3172/3131 2653/3173/3132 2267/3171/3130
f 2653/3173/3132 2266/3170/3129 2267/3171/3130
f 2662/3174/3131 2661/3172/3131 2267/3171/3130
f 2267/3171/3130 2679/3175/3133 2662/3174/3131
f 2267/3171/3130 2287/3168/3127 2679/3175/3133
f 2269/2403/2374 1733/2416/2384 2270/3165/3124
f 2271/3153/3112 2272/2428/2395 2273/2398/2370
f 2274/3176/3134 2272/2428/2395 2271/3153/3112
f 2274/3176/3134 2275/2429/2396 2272/2428/2395
f 2276/3177/3135 2275/2429/2396 2274/3176/3134
f 2276/3177/3135 2277/2430/2397 2275/2429/2396
f 2278/3178/3136 2277/2430/2397 2276/3177/3135
f 2297/3179/3137 2277/2430/2397 2278/3178/3136
f 2279/3156/3115 2274/3176/3134 2271/3153/3112
f 2280/3180/3138 2274/3176/3134 2279/3156/3115
f 2280/3180/3138 2276/3177/3135 2274/3176/3134
f 2281/3181/3139 2276/3177/3135 2280/3180/3138
f 2281/3181/3139 2278/3178/3136 2276/3177/3135
f 2282/3182/3140 2278/3178/3136 2281/3181/3139
f 2282/3182/3140 2297/3179/3137 2278/3178/3136
f 2302/3183/3141 2297/3179/3137 2282/3182/3140
f 2283/3158/3117 2280/3180/3138 2279/3156/3115
f 2284/3184/3142 2280/3180/3138 2283/3158/3117
f 2284/3184/3142 2281/3181/3139 2280/3180/3138
f 2285/3185/3143 2281/3181/3139 2284/3184/3142
f 2285/3185/3143 2282/3182/3140 2281/3181/3139
f 2286/3186/3144 2282/3182/3140 2285/3185/3143
f 2286/3186/3144 2302/3183/3141 2282/3182/3140
f 2306/3187/3145 2302/3183/3141 2286/3186/3144
f 2666/3188/3146 2283/3158/3117 2255/3157/3116
f 2666/3188/3146 2284/3184/3142 2283/3158/3117
f 2666/3188/3146 2255/3157/3116 2668/3160/3119
f 2666/3188/3146 2285/3185/3143 2284/3184/3142
f 2671/3189/3147 2285/3185/3143 2666/3188/3146
f 2671/3189/3147 2286/3186/3144 2285/3185/3143
f 2672/3190/3148 2286/3186/3144 2671/3189/3147
f 2672/3190/3148 2306/3187/3145 2286/3186/3144
f 2689/3191/3149 2306/3187/3145 2672/3190/3148
f 2288/3192/3150 2287/3168/3127 2270/3165/3124
f 2287/3168/3127 2288/3192/3150 2679/3175/3133
f 2679/3175/3133 2288/3192/3150 2295/3193/3151
f 2270/3165/3124 1733/2416/2384 2289/3194/3152
f 1734/2438/2405 2289/3194/3152 1733/2416/2384
f 2290/3195/3153 2289/3194/3152 1734/2438/2405
f 2291/2439/2406 2290/3195/3153 1734/2438/2405
f 2291/2439/2406 2292/3196/3154 2290/3195/3153
f 2291/2439/2406 1735/2440/2407 2292/3196/3154
f 2292/3196/3154 1735/2440/2407 2311/3197/3155
f 2270/3165/3124 2289/3194/3152 2288/3192/3150
f 2288/3192/3150 2289/3194/3152 2293/3198/3156
f 2290/3195/3153 2293/3198/3156 2289/3194/3152
f 2294/3199/3157 2293/3198/3156 2292/3196/3154
f 2292/3196/3154 2293/3198/3156 2290/3195/3153
f 2294/3199/3157 2292/3196/3154 2318/3200/3158
f 2311/3197/3155 2318/3200/3158 2292/3196/3154
f 2288/3192/3150 2293/3198/3156 2295/3193/3151
f 2296/3201/3159 2295/3193/3151 2293/3198/3156
f 2293/3198/3156 2294/3199/3157 2296/3201/3159
f 2318/3200/3158 2296/3201/3159 2294/3199/3157
f 2296/3201/3159 2318/3200/3158 2687/3202/3160
f 2297/3179/3137 2298/2456/2423 2277/2430/2397
f 2299/3203/3161 2298/2456/2423 2297/3179/3137
f 2299/3203/3161 1756/2458/2425 2298/2456/2423
f 1756/2458/2425 2301/3204/3162 2300/2459/2426
f 1756/2458/2425 2299/3203/3161 2301/3204/3162
f 2300/2459/2426 2301/3204/3162 2324/3205/3163
f 2324/3205/3163 2326/2460/2427 2300/2459/2426
f 2302/3183/3141 2299/3203/3161 2297/3179/3137
f 2303/3206/3164 2299/3203/3161 2302/3183/3141
f 2304/3207/3165 2299/3203/3161 2303/3206/3164
f 2304/3207/3165 2301/3204/3162 2299/3203/3161
f 2305/3208/3166 2301/3204/3162 2304/3207/3165
f 2305/3208/3166 2324/3205/3163 2301/3204/3162
f 2330/3209/3167 2324/3205/3163 2305/3208/3166
f 2306/3187/3145 2303/3206/3164 2302/3183/3141
f 2307/3210/3168 2303/3206/3164 2306/3187/3145
f 2307/3210/3168 2308/3211/3169 2309/3212/3170
f 2304/3207/3165 2307/3210/3168 2309/3212/3170
f 2303/3206/3164 2307/3210/3168 2304/3207/3165
f 2309/3212/3170 2308/3211/3169 2310/3213/3171
f 2310/3213/3171 2305/3208/3166 2304/3207/3165
f 2310/3213/3171 2304/3207/3165 2309/3212/3170
f 2333/3214/3172 2330/3209/3167 2305/3208/3166
f 2333/3214/3172 2305/3208/3166 2310/3213/3171
f 2689/3191/3149 2690/3215/3173 2307/3210/3168
f 2306/3187/3145 2689/3191/3149 2307/3210/3168
f 2690/3215/3173 2308/3211/3169 2307/3210/3168
f 2690/3215/3173 2692/3216/3174 2308/3211/3169
f 2692/3216/3174 2310/3213/3171 2308/3211/3169
f 2694/3217/3175 2310/3213/3171 2692/3216/3174
f 2694/3217/3175 2333/3214/3172 2310/3213/3171
f 2311/3197/3155 1735/2440/2407 2312/3218/3176
f 2313/2463/2430 2312/3218/3176 1735/2440/2407
f 2315/2466/2433 2314/3219/3177 2313/2463/2430
f 2313/2463/2430 2314/3219/3177 2312/3218/3176
f 2317/2468/2435 2316/3220/3178 2315/2466/2433
f 2315/2466/2433 2316/3220/3178 2314/3219/3177
f 2317/2468/2435 2336/2469/2436 2316/3220/3178
f 2311/3197/3155 2319/3221/3179 2318/3200/3158
f 2311/3197/3155 2312/3218/3176 2319/3221/3179
f 2314/3219/3177 2319/3221/3179 2312/3218/3176
f 2314/3219/3177 2320/3222/3180 2319/3221/3179
f 2316/3220/3178 2320/3222/3180 2314/3219/3177
f 2316/3220/3178 2321/3223/3181 2320/3222/3180
f 2336/2469/2436 2321/3223/3181 2316/3220/3178
f 2336/2469/2436 2342/3224/3182 2321/3223/3181
f 2319/3221/3179 2322/3225/3183 2318/3200/3158
f 2319/3221/3179 2320/3222/3180 2322/3225/3183
f 2321/3223/3181 2323/3226/3184 2320/3222/3180
f 2342/3224/3182 2345/3227/3185 2321/3223/3181
f 2321/3223/3181 2345/3227/3185 2323/3226/3184
f 2322/3225/3183 2687/3202/3160 2318/3200/3158
f 2320/3222/3180 2708/3228/3186 2322/3225/3183
f 2323/3226/3184 2708/3228/3186 2320/3222/3180
f 2345/3227/3185 2729/3229/3187 2323/3226/3184
f 2326/2460/2427 2324/3205/3163 2325/3230/3188
f 2327/2484/2450 2326/2460/2427 2325/3230/3188
f 2328/3231/3189 2327/2484/2450 2325/3230/3188
f 2327/2484/2450 2328/3231/3189 2329/2486/2452
f 2329/2486/2452 2328/3231/3189 2349/3232/3190
f 2349/3232/3190 1820/2488/2454 2329/2486/2452
f 2324/3205/3163 2330/3209/3167 2325/3230/3188
f 2325/3230/3188 2330/3209/3167 2331/3233/3191
f 2325/3230/3188 2331/3233/3191 2332/3234/3192
f 2332/3234/3192 2328/3231/3189 2325/3230/3188
f 2353/3235/3193 2349/3232/3190 2328/3231/3189
f 2353/3235/3193 2328/3231/3189 2332/3234/3192
f 2333/3214/3172 2331/3233/3191 2330/3209/3167
f 2334/3236/3194 2331/3233/3191 2333/3214/3172
f 2334/3236/3194 2332/3234/3192 2331/3233/3191
f 2335/3237/3195 2332/3234/3192 2334/3236/3194
f 2335/3237/3195 2353/3235/3193 2332/3234/3192
f 2356/3238/3196 2353/3235/3193 2335/3237/3195
f 2333/3214/3172 2694/3217/3175 2719/3239/3197
f 2333/3214/3172 2719/3239/3197 2334/3236/3194
f 2334/3236/3194 2719/3239/3197 2721/3240/3198
f 2334/3236/3194 2721/3240/3198 2335/3237/3195
f 2335/3237/3195 2721/3240/3198 2356/3238/3196
f 2356/3238/3196 2721/3240/3198 2745/3241/3199
f 2336/2469/2436 5669/3242/3200 2338/3243/3201
f 2338/3243/3201 5669/3242/3200 2339/3244/3202
f 5670/3245/3203 2339/3244/3202 5669/3242/3200
f 2341/2511/2477 5671/3246/3202 2340/2510/2476
f 2362/2512/2478 2359/3247/3204 2341/2511/2477
f 2341/2511/2477 2359/3247/3204 5671/3246/3202
f 2338/3243/3201 2342/3224/3182 2336/2469/2436
f 2338/3243/3201 2343/3248/3205 2342/3224/3182
f 2339/3244/3202 2343/3248/3205 2338/3243/3201
f 2339/3244/3202 2344/3249/3206 2343/3248/3205
f 2359/3247/3204 5672/3250/3207 5671/3246/3202
f 2359/3247/3204 2369/3251/3208 5672/3250/3207
f 2343/3248/3205 2346/3252/3209 2342/3224/3182
f 2342/3224/3182 2346/3252/3209 2345/3227/3185
f 2343/3248/3205 2347/3253/3210 2346/3252/3209
f 2344/3249/3206 2348/3254/3211 2343/3248/3205
f 2343/3248/3205 2348/3254/3211 2347/3253/3210
f 2348/3254/3211 2374/3255/3212 2368/3256/3213
f 5673/3257/3208 2374/3255/3212 2344/3249/3206
f 2344/3249/3206 2374/3255/3212 2348/3254/3211
f 2346/3252/3209 2729/3229/3187 2345/3227/3185
f 2346/3252/3209 2727/3258/3214 2729/3229/3187
f 2347/3253/3210 2727/3258/3214 2346/3252/3209
f 2347/3253/3210 2731/3259/3215 2727/3258/3214
f 2348/3254/3211 2731/3259/3215 2347/3253/3210
f 2348/3254/3211 2732/3260/3216 2731/3259/3215
f 2368/3256/3213 2732/3260/3216 2348/3254/3211
f 2368/3256/3213 2752/3261/3217 2732/3260/3216
f 2350/3262/3218 1821/2538/2504 1820/2488/2454
f 2350/3262/3218 1820/2488/2454 2349/3232/3190
f 2351/3263/3219 1822/2539/2505 1821/2538/2504
f 2351/3263/3219 1821/2538/2504 2350/3262/3218
f 2352/3264/3220 1822/2539/2505 2351/3263/3219
f 2352/3264/3220 1857/2540/2506 1822/2539/2505
f 2352/3264/3220 2379/3265/3221 1857/2540/2506
f 2354/3266/3222 2350/3262/3218 2349/3232/3190
f 2354/3266/3222 2349/3232/3190 2353/3235/3193
f 2354/3266/3222 2351/3263/3219 2350/3262/3218
f 2355/3267/3223 2352/3264/3220 2351/3263/3219
f 2355/3267/3223 2351/3263/3219 2354/3266/3222
f 2382/3268/3224 2379/3265/3221 2352/3264/3220
f 2382/3268/3224 2352/3264/3220 2355/3267/3223
f 2354/3266/3222 2356/3238/3196 2357/3269/3225
f 2353/3235/3193 2356/3238/3196 2354/3266/3222
f 2358/3270/3226 2355/3267/3223 2354/3266/3222
f 2358/3270/3226 2354/3266/3222 2357/3269/3225
f 2387/3271/3227 2382/3268/3224 2355/3267/3223
f 2387/3271/3227 2355/3267/3223 2358/3270/3226
f 2745/3241/3199 2357/3269/3225 2356/3238/3196
f 2745/3241/3199 2744/3272/3228 2357/3269/3225
f 2744/3272/3228 2358/3270/3226 2357/3269/3225
f 2746/3273/3229 2358/3270/3226 2744/3272/3228
f 2358/3270/3226 2746/3273/3229 2387/3271/3227
f 2359/3247/3204 2360/2566/2532 2361/3274/3230
f 2362/2512/2478 2360/2566/2532 2359/3247/3204
f 2361/3274/3230 2360/2566/2532 2363/3275/3231
f 2361/3274/3230 2363/3275/3231 2364/3276/3232
f 1845/2560/2526 5674/3277/3233 5675/3278/3234
f 2364/3276/3232 2363/3275/3231 5676/3279/3235
f 5677/3280/3236 2364/3276/3232 5676/3279/3235
f 2367/3281/3237 5678/3282/3238 2366/2568/2534
f 2365/2569/2535 5674/3277/3233 1845/2560/2526
f 2397/2570/2536 2367/3281/3237 2366/2568/2534
f 2397/2570/2536 2398/3283/3239 2367/3281/3237
f 2369/3251/3208 2361/3274/3230 5679/3284/3213
f 2369/3251/3208 2359/3247/3204 2361/3274/3230
f 5679/3284/3213 2370/3285/3240 2371/3286/3241
f 2364/3276/3232 2370/3285/3240 2361/3274/3230
f 2361/3274/3230 2370/3285/3240 5679/3284/3213
f 2371/3286/3241 2370/3285/3240 2372/3287/3242
f 2371/3286/3241 2372/3287/3242 2373/3288/3243
f 5680/3289/3244 2372/3287/3242 2364/3276/3232
f 2364/3276/3232 2372/3287/3242 2370/3285/3240
f 2373/3288/3243 2372/3287/3242 2402/3290/3245
f 2373/3288/3243 2402/3290/3245 2401/3291/3246
f 5681/3292/3247 2402/3290/3245 5680/3289/3244
f 5680/3289/3244 2402/3290/3245 2372/3287/3242
f 2368/3256/3213 2374/3255/3212 5673/3257/3208
f 2373/3288/3243 2375/3293/1152 2371/3286/3241
f 2373/3288/3243 2376/3294/3248 2375/3293/1152
f 2401/3291/3246 2376/3294/3248 2373/3288/3243
f 2401/3291/3246 2418/3295/3249 2376/3294/3248
f 2371/3286/3241 5682/3296/3217 5679/3284/3213
f 2371/3286/3241 2754/3297/3250 5682/3296/3217
f 2375/3293/1152 2754/3297/3250 2371/3286/3241
f 5683/3298/3251 2755/3299/3252 5684/3300/3253
f 2757/3301/3254 2755/3299/3252 5685/3302/3255
f 2755/3299/3252 5683/3298/3251 5685/3302/3255
f 5686/3303/3256 2376/3294/3257 2415/3304/3258
f 5687/3305/3259 5688/3306/3260 2781/3307/3261
f 5689/3308/3262 5688/3306/3260 5690/3309/3263
f 2439/3310/3264 2377/3311/3265 2427/3312/3266
f 2390/3313/3267 2389/3314/3268 2765/3315/3269
f 2765/3315/3269 2378/3316/3270 2390/3313/3267
f 2378/3316/3270 2377/3311/3265 2390/3313/3267
f 2427/3312/3266 2378/3316/3270 2792/3317/3271
f 2427/3312/3266 2377/3311/3265 2378/3316/3270
f 2379/3265/3221 2391/2580/2546 1857/2540/2506
f 2379/3265/3221 2380/3318/3272 2391/2580/2546
f 2380/3318/3272 1858/2581/2547 2391/2580/2546
f 2380/3318/3272 2392/2583/2549 1858/2581/2547
f 2380/3318/3272 2381/3319/3273 2392/2583/2549
f 2433/3320/3274 2381/3319/3273 2430/3321/3275
f 2392/2583/2549 2433/3320/3274 1903/2584/2550
f 2381/3319/3273 2433/3320/3274 2392/2583/2549
f 2383/3322/3276 2380/3318/3272 2379/3265/3221
f 2383/3322/3276 2379/3265/3221 2382/3268/3224
f 2384/3323/3277 2383/3322/3276 2385/3324/3278
f 2384/3323/3277 2380/3318/3272 2383/3322/3276
f 2384/3323/3277 2385/3324/3278 2381/3319/3273
f 2381/3319/3273 2385/3324/3278 2386/3325/3279
f 2381/3319/3273 2380/3318/3272 2384/3323/3277
f 2439/3310/3264 2381/3319/3273 2386/3325/3279
f 2439/3310/3264 2430/3321/3275 2381/3319/3273
f 2388/3326/3280 2383/3322/3276 2382/3268/3224
f 2388/3326/3280 2382/3268/3224 2387/3271/3227
f 2385/3324/3278 2388/3326/3280 2377/3311/3265
f 2385/3324/3278 2383/3322/3276 2388/3326/3280
f 2377/3311/3265 2386/3325/3279 2385/3324/3278
f 2377/3311/3265 2439/3310/3264 2386/3325/3279
f 2389/3314/3268 2388/3326/3280 2387/3271/3227
f 2389/3314/3268 2387/3271/3227 2746/3273/3229
f 2390/3313/3267 2377/3311/3265 2388/3326/3280
f 2390/3313/3267 2388/3326/3280 2389/3314/3268
f 2393/3327/3281 2394/3328/3282 2395/2630/2594
f 2393/3327/3281 2395/2630/2594 2396/2629/2593
f 2397/2570/2536 2395/2630/2594 2398/3283/3239
f 2398/3283/3239 2395/2630/2594 2394/3328/3282
f 2396/2629/2593 2399/2631/2595 2393/3327/3281
f 2393/3327/3281 2399/2631/2595 2400/3329/3283
f 2401/3291/3246 2402/3290/3245 5691/3330/3284
f 5692/3331/3285 2401/3291/3246 5691/3330/3284
f 5691/3330/3284 2402/3290/3245 5681/3292/3247
f 2403/3332/3286 2404/3333/3287 2400/3329/3288
f 2403/3332/3286 2400/3329/3288 2405/3334/3289
f 2406/3335/3290 2407/3336/3291 2408/3337/3292
f 2407/3336/3291 2405/3334/3289 2408/3337/3292
f 2407/3336/3291 2403/3332/3286 2405/3334/3289
f 2406/3335/3290 2409/3338/3293 2407/3336/3291
f 2403/3332/3286 2410/3339/3294 2404/3333/3287
f 2410/3339/3294 2411/3340/3295 2404/3333/3287
f 2412/3341/3296 2413/3342/3297 2410/3339/3294
f 2403/3332/3286 2412/3341/3296 2410/3339/3294
f 2407/3336/3291 2412/3341/3296 2403/3332/3286
f 2410/3339/3294 2413/3342/3297 2411/3340/3295
f 2407/3336/3291 2409/3338/3293 2412/3341/3296
f 2412/3341/3296 2409/3338/3293 2414/3343/3298
f 2781/3307/3261 5688/3306/3260 2416/3344/3299
f 5693/3345/3300 5694/3346/3301 2779/3347/3302
f 2417/3348/3303 5694/3346/3304 2418/3295/3305
f 5689/3308/3262 2416/3344/3299 5688/3306/3260
f 5695/3349/3306 5696/3350/3307 2419/3351/3308
f 2779/3347/3309 5697/3352/3310 2783/3353/3311
f 5698/3354/3312 5697/3352/3310 2417/3348/3313
f 5699/3355/3303 2419/3351/3308 5696/3350/3307
f 2783/3353/3311 5697/3352/3310 5700/3356/3314
f 5701/3357/3315 2783/3353/3311 5700/3356/3314
f 2784/3358/3316 5702/3359/3317 2412/3341/3296
f 5700/3356/3314 5697/3352/3310 5698/3354/3312
f 2412/3341/3296 2414/3343/3298 2784/3358/3316
f 2784/3358/3316 2414/3343/3298 2785/3360/3318
f 2421/3361/3319 1975/2642/2606 2420/3362/3320
f 2435/3363/3321 2422/3364/3322 2423/3365/3323
f 2423/3365/3323 2424/3366/3324 2435/3363/3321
f 2424/3366/3324 2420/3362/3320 2435/3363/3321
f 2423/3365/3323 2425/3367/3325 2424/3366/3324
f 2425/3367/3325 2421/3361/3319 2424/3366/3324
f 2424/3366/3324 2421/3361/3319 2420/3362/3320
f 2427/3312/3266 2426/3368/3326 2439/3310/3264
f 2426/3368/3326 2422/3364/3322 2439/3310/3264
f 2423/3365/3323 2426/3368/3326 2428/3369/3327
f 2423/3365/3323 2422/3364/3322 2426/3368/3326
f 2428/3369/3327 2447/3370/3328 2425/3367/3325
f 2428/3369/3327 2425/3367/3325 2423/3365/3323
f 2792/3317/3271 2429/3371/3329 2427/3312/3266
f 2429/3371/3329 2426/3368/3326 2427/3312/3266
f 2428/3369/3327 2429/3371/3329 2794/3372/3330
f 2428/3369/3327 2426/3368/3326 2429/3371/3329
f 2794/3372/3330 2795/3373/3331 2428/3369/3327
f 2428/3369/3327 2795/3373/3331 2447/3370/3328
f 2430/3321/3275 2431/3374/3332 2432/3375/3333
f 2432/3375/3333 2433/3320/3274 2430/3321/3275
f 2432/3375/3333 2434/2636/2600 2433/3320/3274
f 2434/2636/2600 1903/2584/2550 2433/3320/3274
f 2431/3374/3332 2435/3363/3321 2436/3376/3334
f 2436/3376/3334 2432/3375/3333 2431/3374/3332
f 2436/3376/3334 2437/2637/2601 2432/3375/3333
f 2432/3375/3333 2437/2637/2601 2434/2636/2600
f 2420/3362/3320 2436/3376/3334 2435/3363/3321
f 2420/3362/3320 2438/2640/2604 2436/3376/3334
f 2436/3376/3334 2438/2640/2604 2437/2637/2601
f 2420/3362/3320 1975/2642/2606 2438/2640/2604
f 2422/3364/3322 2431/3374/3332 2439/3310/3264
f 2439/3310/3264 2431/3374/3332 2430/3321/3275
f 2422/3364/3322 2435/3363/3321 2431/3374/3332
f 2476/3377/3335 2449/3378/3336 2468/3379/3337
f 2450/3380/3338 2804/3381/3339 2449/3378/3336
f 2804/3381/3339 2468/3379/3337 2449/3378/3336
f 2811/3382/3340 2468/3379/3337 2804/3381/3339
f 2440/3383/3341 2421/3361/3319 2441/3384/3342
f 2440/3383/3341 1974/2749/2711 1975/2642/2606
f 2421/3361/3319 2440/3383/3341 1975/2642/2606
f 2441/3384/3342 2442/2750/2712 2440/3383/3341
f 2442/2750/2712 1974/2749/2711 2440/3383/3341
f 2443/3385/3343 2441/3384/3342 2444/3386/3344
f 2441/3384/3342 2443/3385/3343 2442/2750/2712
f 2443/3385/3343 2444/3386/3344 2472/3387/3345
f 2472/3387/3345 2473/2752/2714 2442/2750/2712
f 2472/3387/3345 2442/2750/2712 2443/3385/3343
f 2441/3384/3342 2425/3367/3325 2445/3388/3346
f 2441/3384/3342 2421/3361/3319 2425/3367/3325
f 2445/3388/3346 2444/3386/3344 2441/3384/3342
f 2445/3388/3346 2446/3389/3347 2444/3386/3344
f 2444/3386/3344 2446/3389/3347 2476/3377/3335
f 2425/3367/3325 2447/3370/3328 2445/3388/3346
f 2447/3370/3328 2448/3390/3348 2445/3388/3346
f 2448/3390/3348 2449/3378/3336 2445/3388/3346
f 2445/3388/3346 2449/3378/3336 2446/3389/3347
f 2476/3377/3335 2446/3389/3347 2449/3378/3336
f 2795/3373/3331 2448/3390/3348 2447/3370/3328
f 2795/3373/3331 2810/3391/3349 2448/3390/3348
f 2449/3378/3336 2810/3391/3349 2450/3380/3338
f 2448/3390/3348 2810/3391/3349 2449/3378/3336
f 5703/3392/3350 2452/3393/3351 5704/3394/3352
f 5705/3395/3353 2455/3396/3354 5703/3392/3350
f 2455/3396/3354 2452/3393/3351 5703/3392/3350
f 2457/3397/3355 2455/3396/3354 5706/3398/3356
f 5706/3398/3356 2455/3396/3354 5705/3395/3353
f 2460/2845/2809 2488/3399/3357 2458/3400/3358
f 2459/3401/3359 2460/2845/2809 2458/3400/3358
f 5707/3402/3360 5708/3403/3361 2457/3397/3355
f 2457/3397/3355 5706/3398/3356 5707/3402/3360
f 2489/3404/3362 2458/3400/3358 2488/3399/3357
f 5709/3405/3363 2492/3406/3364 5708/3403/3361
f 5710/3407/3362 2492/3406/3364 5709/3405/3363
f 2471/3408/3365 2461/3409/3366 2513/3410/3367
f 2513/3410/3367 2461/3409/3366 2465/3411/3368
f 2476/3377/3335 2462/3412/3369 2471/3408/3365
f 2462/3412/3369 2463/3413/3370 2471/3408/3365
f 2463/3413/3370 2464/3414/3371 2465/3411/3368
f 2461/3409/3366 2463/3413/3370 2465/3411/3368
f 2471/3408/3365 2463/3413/3370 2461/3409/3366
f 2466/3415/3372 2465/3411/3368 2464/3414/3371
f 2468/3379/3337 2467/3416/3373 2476/3377/3335
f 2467/3416/3373 2462/3412/3369 2476/3377/3335
f 2463/3413/3370 2467/3416/3373 2469/3417/3374
f 2463/3413/3370 2462/3412/3369 2467/3416/3373
f 2469/3417/3374 2464/3414/3371 2463/3413/3370
f 2469/3417/3374 2509/3418/3375 2466/3415/3372
f 2469/3417/3374 2466/3415/3372 2464/3414/3371
f 2811/3382/3340 2812/3419/3376 2467/3416/3373
f 2467/3416/3373 2468/3379/3337 2811/3382/3340
f 2469/3417/3374 2812/3419/3376 2470/3420/3377
f 2467/3416/3373 2812/3419/3376 2469/3417/3374
f 2470/3420/3377 2815/3421/3378 2469/3417/3374
f 2815/3421/3378 2509/3418/3375 2469/3417/3374
f 2830/3422/3379 2509/3418/3375 2815/3421/3378
f 2444/3386/3344 2471/3408/3365 2472/3387/3345
f 2471/3408/3365 2474/3423/3380 2472/3387/3345
f 2474/3423/3380 2475/2848/2812 2473/2752/2714
f 2472/3387/3345 2474/3423/3380 2473/2752/2714
f 2471/3408/3365 2080/2852/2816 2474/3423/3380
f 2080/2852/2816 2475/2848/2812 2474/3423/3380
f 2471/3408/3365 2513/3410/3367 2080/2852/2816
f 2476/3377/3335 2471/3408/3365 2444/3386/3344
f 2073/2920/2891 2478/3424/3381 2072/2917/2888
f 2478/3424/3381 2479/3425/3382 2072/2917/2888
f 5610/2918/2889 5711/3426/3383 2477/2919/2890
f 2479/3425/3384 2490/3427/3385 5611/2923/2894
f 2074/2921/2892 2480/3428/3386 2073/2920/2891
f 2480/3428/3386 2481/3429/3387 2073/2920/2891
f 2481/3429/3387 2478/3424/3381 2073/2920/2891
f 2480/3428/3386 2074/2921/2892 2482/2922/2893
f 2518/3430/3388 2480/3428/3386 2482/2922/2893
f 2481/3429/3387 2480/3428/3386 2518/3430/3388
f 5712/3431/3389 5713/3432/3390 2491/3433/3391
f 2494/3434/3392 5714/3435/3393 2495/3436/3394
f 2481/3429/3387 2483/3437/3395 2478/3424/3381
f 2483/3437/3395 2484/3438/3396 2478/3424/3381
f 2478/3424/3381 2484/3438/3396 2479/3425/3382
f 2484/3438/3396 2496/3439/3397 2479/3425/3382
f 2496/3439/3397 5715/3440/3398 2479/3425/3382
f 2522/3441/3399 2485/3442/3400 2483/3437/3395
f 2481/3429/3387 2522/3441/3399 2483/3437/3395
f 2518/3430/3388 2522/3441/3399 2481/3429/3387
f 2483/3437/3395 2485/3442/3400 2484/3438/3396
f 5611/2923/2894 2486/3443/3401 2460/2845/2809
f 2486/3443/3401 2487/3444/3402 2460/2845/2809
f 2487/3444/3402 2488/3399/3357 2460/2845/2809
f 2488/3399/3357 2487/3444/3402 2489/3404/3362
f 5611/2923/2894 2490/3427/3385 2486/3443/3401
f 5716/3445/3403 2491/3433/3391 5717/3446/3404
f 2491/3433/3391 2492/3406/3364 5717/3446/3404
f 5717/3446/3404 2492/3406/3364 5710/3407/3362
f 2491/3433/3391 5716/3445/3403 5712/3431/3389
f 2493/3447/3405 2494/3434/3392 2495/3436/3394
f 5715/3440/3398 2496/3439/3397 5718/3448/3406
f 2493/3447/3405 2497/3449/3407 2494/3434/3392
f 5719/3450/3408 5720/3451/3409 5721/3452/3410
f 2511/3453/3411 2532/3454/3412 2550/3455/3413
f 2831/3456/3414 2826/3457/3415 2511/3453/3411
f 2826/3457/3415 2532/3454/3412 2511/3453/3411
f 2826/3457/3415 2836/3458/3416 2532/3454/3412
f 2465/3411/3368 2498/3459/3417 2499/3460/3418
f 2499/3460/3418 2513/3410/3367 2465/3411/3368
f 2499/3460/3418 2512/2936/2907 2513/3410/3367
f 2500/3461/3419 2499/3460/3418 2498/3459/3417
f 2500/3461/3419 2501/2939/2910 2499/3460/3418
f 2499/3460/3418 2501/2939/2910 2512/2936/2907
f 2500/3461/3419 2503/3462/3420 2501/2939/2910
f 2501/2939/2910 2503/3462/3420 2085/2925/2896
f 2500/3461/3419 2502/3463/3421 2536/3464/3422
f 2500/3461/3419 2539/3465/3423 2503/3462/3420
f 2500/3461/3419 2536/3464/3422 2539/3465/3423
f 2539/3465/3423 2540/2926/2897 2085/2925/2896
f 2539/3465/3423 2085/2925/2896 2503/3462/3420
f 2504/3466/3424 2466/3415/3372 2505/3467/3425
f 2504/3466/3424 2498/3459/3417 2465/3411/3368
f 2466/3415/3372 2504/3466/3424 2465/3411/3368
f 2505/3467/3425 2506/3468/3426 2504/3466/3424
f 2506/3468/3426 2500/3461/3419 2504/3466/3424
f 2504/3466/3424 2500/3461/3419 2498/3459/3417
f 2507/3469/3427 2506/3468/3426 2508/3470/3428
f 2507/3469/3427 2502/3463/3421 2500/3461/3419
f 2507/3469/3427 2500/3461/3419 2506/3468/3426
f 2507/3469/3427 2508/3470/3428 2502/3463/3421
f 2466/3415/3372 2509/3418/3375 2505/3467/3425
f 2509/3418/3375 2510/3471/3429 2506/3468/3426
f 2509/3418/3375 2506/3468/3426 2505/3467/3425
f 2510/3471/3429 2508/3470/3428 2506/3468/3426
f 2511/3453/3411 2508/3470/3428 2510/3471/3429
f 2508/3470/3428 2511/3453/3411 2550/3455/3413
f 2830/3422/3379 2510/3471/3429 2509/3418/3375
f 2831/3456/3414 2510/3471/3429 2830/3422/3379
f 2510/3471/3429 2831/3456/3414 2511/3453/3411
f 2512/2936/2907 2080/2852/2816 2513/3410/3367
f 2121/2985/2957 2519/3472/3430 2514/2979/2949
f 2123/2992/2962 2515/3473/3431 2121/2985/2957
f 2515/3473/3431 2519/3472/3430 2121/2985/2957
f 2555/2996/2967 2556/3474/3432 2123/2992/2962
f 2556/3474/3432 2516/3475/3433 2123/2992/2962
f 2516/3475/3433 2515/3473/3431 2123/2992/2962
f 2515/3473/3431 2524/3476/3434 2519/3472/3430
f 2556/3474/3432 2564/3477/3435 2516/3475/3433
f 2516/3475/3433 2564/3477/3435 2515/3473/3431
f 2564/3477/3435 2525/3478/3436 2515/3473/3431
f 2525/3478/3436 2524/3476/3434 2515/3473/3431
f 2564/3477/3435 2570/3479/3437 2525/3478/3436
f 2517/3480/3438 2482/2922/2893 2514/2979/2949
f 2518/3430/3388 2482/2922/2893 2517/3480/3438
f 2517/3480/3438 2514/2979/2949 2519/3472/3430
f 2517/3480/3438 2520/3481/3439 2518/3430/3388
f 2520/3481/3439 2521/3482/3440 2518/3430/3388
f 2521/3482/3440 2522/3441/3399 2518/3430/3388
f 2519/3472/3430 2523/3483/3441 2517/3480/3438
f 2523/3483/3441 2520/3481/3439 2517/3480/3438
f 2524/3476/3434 2523/3483/3441 2519/3472/3430
f 2521/3482/3440 2526/3484/3442 2522/3441/3399
f 2523/3483/3441 2527/3485/3443 2520/3481/3439
f 2520/3481/3439 2526/3484/3442 2521/3482/3440
f 2528/3486/3444 2523/3483/3441 2524/3476/3434
f 2529/3487/3445 5722/3488/3446 5723/3489/3447
f 2530/3490/3448 2529/3487/3445 5723/3489/3447
f 5722/3488/3446 2529/3487/3445 2531/3491/3449
f 2527/3485/3443 2523/3483/3441 2528/3486/3444
f 5724/3492/3450 2530/3490/3448 5723/3489/3447
f 2550/3455/3413 2532/3454/3412 2547/3493/3451
f 2547/3493/3451 2532/3454/3412 2533/3494/3452
f 2547/3493/3451 2533/3494/3452 2548/3495/3453
f 2548/3495/3453 2533/3494/3452 2534/3496/3454
f 2548/3495/3453 2534/3496/3454 2551/3497/3455
f 2551/3497/3455 2534/3496/3454 2535/3498/3456
f 2551/3497/3455 2535/3498/3456 2575/3499/3457
f 2836/3458/3416 2533/3494/3452 2532/3454/3412
f 2835/3500/3458 2533/3494/3452 2836/3458/3416
f 2835/3500/3458 2534/3496/3454 2533/3494/3452
f 2837/3501/3459 2534/3496/3454 2835/3500/3458
f 2837/3501/3459 2535/3498/3456 2534/3496/3454
f 2840/3502/3460 2535/3498/3456 2837/3501/3459
f 2840/3502/3460 2575/3499/3457 2535/3498/3456
f 2849/3503/3461 2575/3499/3457 2840/3502/3460
f 2536/3464/3422 2502/3463/3421 2537/3504/3462
f 2537/3504/3462 2502/3463/3421 2538/3505/3463
f 2539/3465/3423 2537/3504/3462 2125/2997/2968
f 2536/3464/3422 2537/3504/3462 2539/3465/3423
f 2539/3465/3423 2125/2997/2968 2540/2926/2897
f 2537/3504/3462 2538/3505/3463 2541/3506/3464
f 2541/3506/3464 2538/3505/3463 2542/3507/3465
f 2537/3504/3462 2543/3508/3466 2125/2997/2968
f 2541/3506/3464 2543/3508/3466 2537/3504/3462
f 2543/3508/3466 2544/2999/2970 2125/2997/2968
f 2541/3506/3464 2542/3507/3465 2545/3509/3467
f 2541/3506/3464 2546/3002/2973 2543/3508/3466
f 2546/3002/2973 2544/2999/2970 2543/3508/3466
f 2541/3506/3464 2578/3510/3468 2546/3002/2973
f 2541/3506/3464 2545/3509/3467 2578/3510/3468
f 2578/3510/3468 2552/3003/2974 2546/3002/2973
f 2502/3463/3421 2508/3470/3428 2538/3505/3463
f 2538/3505/3463 2508/3470/3428 2547/3493/3451
f 2538/3505/3463 2547/3493/3451 2542/3507/3465
f 2542/3507/3465 2547/3493/3451 2548/3495/3453
f 2542/3507/3465 2548/3495/3453 2549/3511/3469
f 2549/3511/3469 2545/3509/3467 2542/3507/3465
f 2579/3512/3470 2545/3509/3467 2549/3511/3469
f 2547/3493/3451 2508/3470/3428 2550/3455/3413
f 2551/3497/3455 2549/3511/3469 2548/3495/3453
f 2575/3499/3457 2579/3512/3470 2549/3511/3469
f 2575/3499/3457 2549/3511/3469 2551/3497/3455
f 2553/3046/3013 2560/3513/3471 2164/3042/3009
f 5645/3050/3016 2587/3514/3472 2553/3046/3013
f 2587/3514/3472 2562/3515/3473 2553/3046/3013
f 2562/3515/3473 2560/3513/3471 2553/3046/3013
f 5646/3052/3020 2554/3516/1240 2555/2996/2967
f 2556/3474/3432 2555/2996/2967 2557/3517/3474
f 2557/3517/3474 2555/2996/2967 2554/3516/1240
f 2164/3042/3475 2558/3518/3476 5646/3052/3020
f 2558/3518/3476 2559/3519/3477 5646/3052/3020
f 2559/3519/3477 2554/3516/1240 5646/3052/3020
f 5725/3520/3478 2561/3521/3479 5648/3054/3475
f 5726/3522/3480 2558/3518/3476 2164/3042/3475
f 2560/3513/3471 2562/3515/3473 5726/3522/3480
f 2557/3517/3474 2563/3523/3481 2564/3477/3435
f 2557/3517/3474 2564/3477/3435 2556/3474/3432
f 2559/3519/3477 2565/3524/3482 2554/3516/1240
f 2565/3524/3482 2566/3525/3483 2554/3516/1240
f 2554/3516/1240 2566/3525/3483 2557/3517/3474
f 2566/3525/3483 2567/3526/3484 2557/3517/3474
f 2567/3526/3484 2563/3523/3481 2557/3517/3474
f 5726/3522/3480 2568/3527/3485 2558/3518/3476
f 2568/3527/3485 2569/3528/3486 2558/3518/3476
f 2558/3518/3476 2569/3528/3486 2559/3519/3477
f 2569/3528/3486 2565/3524/3482 2559/3519/3477
f 2565/3524/3482 2569/3528/3486 2566/3525/3483
f 2568/3527/3485 5726/3522/3480 2562/3515/3473
f 2591/3529/3487 2568/3527/3485 2562/3515/3473
f 2569/3528/3486 2568/3527/3485 2590/3530/3488
f 2590/3530/3488 2568/3527/3485 2591/3529/3487
f 2563/3523/3481 2570/3479/3437 2564/3477/3435
f 2563/3523/3481 2571/3531/3489 2570/3479/3437
f 2572/3532/3490 2567/3526/3484 2566/3525/3483
f 2563/3523/3481 2567/3526/3484 2571/3531/3489
f 2571/3531/3489 2567/3526/3484 2572/3532/3490
f 2574/3533/3491 2573/3534/3492 2596/3535/3493
f 2573/3534/3492 2590/3530/3488 2596/3535/3493
f 2573/3534/3492 2569/3528/3486 2590/3530/3488
f 2582/3536/3494 2575/3499/3457 2583/3537/3495
f 2575/3499/3457 2849/3503/3461 2583/3537/3495
f 2576/3538/3496 2577/3539/3497 2545/3509/3467
f 2577/3539/3497 2578/3510/3468 2545/3509/3467
f 2578/3510/3468 2584/3055/3023 2552/3003/2974
f 2578/3510/3468 2577/3539/3497 2584/3055/3023
f 2580/3540/3498 2581/3541/3499 2545/3509/3467
f 2579/3512/3470 2580/3540/3498 2545/3509/3467
f 2581/3541/3499 2576/3538/3496 2545/3509/3467
f 2575/3499/3457 2582/3536/3494 2580/3540/3498
f 2579/3512/3470 2575/3499/3457 2580/3540/3498
f 5653/3064/3032 2585/3542/3500 2586/3063/3031
f 2587/3514/3472 5645/3050/3016 2586/3063/3031
f 2585/3542/3500 2587/3514/3472 2586/3063/3031
f 2588/3543/3501 5727/3544/3502 5728/3545/3503
f 2562/3515/3473 2587/3514/3472 2589/3546/3504
f 5729/3547/3505 5727/3544/3502 2588/3543/3501
f 2589/3546/3504 2593/3548/3506 2562/3515/3473
f 2590/3530/3488 2591/3529/3487 2592/3549/3507
f 2591/3529/3487 2593/3548/3506 2592/3549/3507
f 2591/3529/3487 2562/3515/3473 2593/3548/3506
f 5732/3550/3508 2594/3551/3509 2595/3552/3510
f 2592/3549/3507 2596/3535/3493 2590/3530/3488
f 2592/3549/3507 5733/3553/3511 2596/3535/3493
f 2597/3554/3512 5733/3553/3513 5734/3555/3514
f 5736/3556/3515 2598/3557/3516 5737/3558/3517
f 2855/3559/3518 2598/3557/3516 5736/3556/3515
f 2606/3560/3519 2604/3125/3085 2603/3126/3086
f 2604/3125/3085 2607/3128/3088 2605/3127/3087
f 2643/3561/2235 5667/3129/3083 2607/3128/3088
f 2608/3562/3520 2643/3561/2235 2607/3128/3088
f 2609/3563/3521 2604/3125/3085 2606/3560/3519
f 2610/3564/3522 2608/3562/3520 2607/3128/3088
f 2604/3125/3085 2610/3564/3522 2607/3128/3088
f 2610/3564/3522 2604/3125/3085 2609/3563/3521
f 2617/3565/3523 2610/3564/3522 2609/3563/3521
f 2229/3092/3057 2611/3566/3524 2603/3126/3086
f 2612/3567/3525 2611/3566/3524 2229/3092/3057
f 2612/3567/3525 2229/3092/3057 2599/3093/3058
f 2612/3567/3525 2599/3093/3058 2600/3094/3047
f 2600/3094/3047 2602/3095/3059 2618/3568/3526
f 2606/3560/3519 2603/3126/3086 2611/3566/3524
f 2611/3566/3524 2613/3569/3527 2606/3560/3519
f 2613/3569/3527 2611/3566/3524 2612/3567/3525
f 2612/3567/3525 2600/3094/3047 2614/3570/3528
f 2614/3570/3528 2600/3094/3047 2618/3568/3526
f 2614/3570/3528 2618/3568/3526 2623/3571/3529
f 2609/3563/3521 2606/3560/3519 2613/3569/3527
f 2613/3569/3527 2615/3572/3530 2609/3563/3521
f 2616/3573/3531 2615/3572/3530 2613/3569/3527
f 2612/3567/3525 2616/3573/3531 2613/3569/3527
f 2616/3573/3531 2612/3567/3525 2614/3570/3528
f 2614/3570/3528 2623/3571/3529 2627/3574/3532
f 2617/3565/3523 2609/3563/3521 2615/3572/3530
f 2615/3572/3530 2651/3575/3533 2617/3565/3523
f 2616/3573/3531 2651/3575/3533 2615/3572/3530
f 2618/3568/3526 2602/3095/3059 2601/3106/3070
f 2618/3568/3526 2601/3106/3070 2619/3576/3534
f 2620/3577/3535 2619/3576/3534 2621/3130/3089
f 2619/3576/3534 2601/3106/3070 2621/3130/3089
f 2621/3130/3089 2622/3131/3090 2620/3577/3535
f 2631/3578/3536 2622/3131/3090 2244/3132/3091
f 2623/3571/3529 2618/3568/3526 2619/3576/3534
f 2623/3571/3529 2619/3576/3534 2624/3579/3537
f 2624/3579/3537 2619/3576/3534 2620/3577/3535
f 2625/3580/3538 2624/3579/3537 2620/3577/3535
f 2625/3580/3538 2622/3131/3090 2626/3581/3539
f 2625/3580/3538 2620/3577/3535 2622/3131/3090
f 2622/3131/3090 2631/3578/3536 2626/3581/3539
f 2626/3581/3539 2631/3578/3536 2637/3582/3540
f 2627/3574/3532 2623/3571/3529 2624/3579/3537
f 2627/3574/3532 2624/3579/3537 2628/3583/3056
f 2628/3583/3056 2624/3579/3537 2625/3580/3538
f 2628/3583/3056 2625/3580/3538 2629/3584/3541
f 2630/3585/3542 2629/3584/3541 2626/3581/3539
f 2629/3584/3541 2625/3580/3538 2626/3581/3539
f 2626/3581/3539 2637/3582/3540 2630/3585/3542
f 2630/3585/3542 2637/3582/3540 2639/3586/3543
f 2628/3583/3056 2629/3584/3541 2856/3587/3544
f 2856/3587/3544 2629/3584/3541 2630/3585/3542
f 2857/3588/3545 2856/3587/3544 2630/3585/3542
f 2857/3588/3545 2639/3586/3543 2659/3589/3546
f 2857/3588/3545 2630/3585/3542 2639/3586/3543
f 2631/3578/3536 2244/3132/3091 2632/3146/3105
f 2633/3590/3547 2631/3578/3536 2632/3146/3105
f 2633/3590/3547 2632/3146/3105 2634/3147/3106
f 2635/3591/3548 2633/3590/3547 2634/3147/3106
f 2635/3591/3548 2634/3147/3106 2636/3148/3107
f 2637/3582/3540 2631/3578/3536 2633/3590/3547
f 2638/3592/3549 2637/3582/3540 2633/3590/3547
f 2638/3592/3549 2633/3590/3547 2635/3591/3548
f 2656/3593/3550 2639/3586/3543 2638/3592/3549
f 2639/3586/3543 2637/3582/3540 2638/3592/3549
f 2635/3591/3548 2656/3593/3550 2638/3592/3549
f 2641/3594/3551 2668/3160/3119 2640/3159/3118
f 2641/3594/3551 2674/3595/3552 2668/3160/3119
f 2649/3596/3553 2674/3595/3552 2641/3594/3551
f 2642/3597/3554 5739/3598/3555 5667/3129/3083
f 2642/3597/3554 5667/3129/3083 2643/3561/2235
f 5740/3599/3554 5741/3600/3551 5668/3161/3556
f 2644/3601/3557 2642/3597/3554 2643/3561/2235
f 2645/3602/3558 2644/3601/3557 2643/3561/2235
f 2608/3562/3520 2645/3602/3558 2643/3561/2235
f 2645/3602/3558 2608/3562/3520 2610/3564/3522
f 2646/3603/3559 2647/3604/3560 2642/3597/3554
f 5742/3605/3561 5741/3600/3551 5740/3599/3554
f 2646/3603/3559 2642/3597/3554 2644/3601/3557
f 2648/3606/3562 2647/3604/3560 2646/3603/3559
f 2648/3606/3562 2646/3603/3559 2644/3601/3557
f 2645/3602/3558 2648/3606/3562 2644/3601/3557
f 5743/3607/3563 5744/3608/3551 5745/3609/3564
f 2650/3610/3565 2645/3602/3558 2610/3564/3522
f 2650/3610/3565 2610/3564/3522 2617/3565/3523
f 2864/3611/3566 2650/3610/3565 2617/3565/3523
f 2645/3602/3558 2858/3612/3567 2648/3606/3562
f 2858/3612/3567 2645/3602/3558 2650/3610/3565
f 5746/3613/3568 2860/3614/3569 5741/3600/3551
f 2648/3606/3562 2858/3612/3567 5747/3615/3570
f 2860/3614/3569 5748/3616/3553 5741/3600/3551
f 2864/3611/3566 2617/3565/3523 2651/3575/3533
f 2885/3617/3571 2857/3588/3545 2659/3589/3546
f 2652/3618/3572 2635/3591/3548 2636/3148/3107
f 2636/3148/3107 2268/3162/3121 2652/3618/3572
f 2652/3618/3572 2268/3162/3121 2653/3173/3132
f 2654/3619/3573 2635/3591/3548 2652/3618/3572
f 2655/3620/3574 2654/3619/3573 2652/3618/3572
f 2652/3618/3572 2653/3173/3132 2655/3620/3574
f 2663/3621/3575 2655/3620/3574 2653/3173/3132
f 2654/3619/3573 2656/3593/3550 2635/3591/3548
f 2657/3622/3576 2654/3619/3573 2655/3620/3574
f 2664/3623/3103 2657/3622/3576 2663/3621/3575
f 2657/3622/3576 2655/3620/3574 2663/3621/3575
f 2658/3624/3577 2885/3617/3571 2656/3593/3550
f 2885/3617/3571 2659/3589/3546 2656/3593/3550
f 2659/3589/3546 2639/3586/3543 2656/3593/3550
f 2654/3619/3573 2658/3624/3577 2656/3593/3550
f 2887/3625/3578 2658/3624/3577 2654/3619/3573
f 2657/3622/3576 2887/3625/3578 2654/3619/3573
f 2660/3626/3579 2887/3625/3578 2657/3622/3576
f 2664/3623/3103 2660/3626/3579 2657/3622/3576
f 2686/3627/3580 2660/3626/3579 2665/3628/3581
f 2660/3626/3579 2664/3623/3103 2665/3628/3581
f 2266/3170/3129 2653/3173/3132 2268/3162/3121
f 2653/3173/3132 2661/3172/3131 2663/3621/3575
f 2663/3621/3575 2661/3172/3131 2664/3623/3103
f 2665/3628/3581 2664/3623/3103 2661/3172/3131
f 2661/3172/3131 2662/3174/3131 2665/3628/3581
f 2668/3160/3119 2667/3629/3582 2666/3188/3146
f 2669/3630/3583 2670/3631/3584 2666/3188/3146
f 2670/3631/3584 2671/3189/3147 2666/3188/3146
f 2669/3630/3583 2666/3188/3146 2667/3629/3582
f 2670/3631/3584 2672/3190/3148 2671/3189/3147
f 2673/3632/3585 2672/3190/3148 2670/3631/3584
f 2673/3632/3585 2689/3191/3149 2672/3190/3148
f 2691/3633/3586 2689/3191/3149 2673/3632/3585
f 2667/3629/3582 2668/3160/3119 2674/3595/3552
f 2675/3634/3587 2670/3631/3584 2669/3630/3583
f 2675/3634/3587 2673/3632/3585 2670/3631/3584
f 2675/3634/3587 2691/3633/3586 2673/3632/3585
f 2698/3635/3588 2691/3633/3586 2675/3634/3587
f 2674/3595/3552 2676/3636/3589 2667/3629/3582
f 2676/3636/3589 2669/3630/3583 2667/3629/3582
f 2677/3637/3590 2669/3630/3583 2676/3636/3589
f 2669/3630/3583 2677/3637/3590 2675/3634/3587
f 2677/3637/3590 2698/3635/3588 2675/3634/3587
f 2702/3638/3591 2698/3635/3588 2677/3637/3590
f 2649/3596/3553 2676/3636/3589 2674/3595/3552
f 2893/3639/3592 2677/3637/3590 2676/3636/3589
f 2893/3639/3592 2678/3640/3593 2677/3637/3590
f 2702/3638/3591 2677/3637/3590 2678/3640/3593
f 2679/3175/3133 2295/3193/3151 2680/3641/3594
f 2680/3641/3594 2295/3193/3151 2681/3642/3595
f 2682/3643/3596 2665/3628/3581 2662/3174/3131
f 2662/3174/3131 2679/3175/3133 2682/3643/3596
f 2682/3643/3596 2679/3175/3133 2680/3641/3594
f 2680/3641/3594 2681/3642/3595 2683/3644/3597
f 2683/3644/3597 2681/3642/3595 2706/3645/3598
f 2685/3646/3599 2684/3647/3600 2682/3643/3596
f 2684/3647/3600 2665/3628/3581 2682/3643/3596
f 2682/3643/3596 2680/3641/3594 2685/3646/3599
f 2685/3646/3599 2680/3641/3594 2683/3644/3597
f 2683/3644/3597 2706/3645/3598 2705/3648/3601
f 2686/3627/3580 2665/3628/3581 2684/3647/3600
f 2912/3649/3602 2684/3647/3600 2685/3646/3599
f 2914/3650/3603 2912/3649/3602 2685/3646/3599
f 2685/3646/3599 2683/3644/3597 2914/3650/3603
f 2914/3650/3603 2683/3644/3597 2705/3648/3601
f 2296/3201/3159 2681/3642/3595 2295/3193/3151
f 2706/3645/3598 2681/3642/3595 2687/3202/3160
f 2681/3642/3595 2296/3201/3159 2687/3202/3160
f 2689/3191/3149 2688/3651/3604 2690/3215/3173
f 2689/3191/3149 2691/3633/3586 2688/3651/3604
f 2688/3651/3604 2692/3216/3174 2690/3215/3173
f 2693/3652/3605 2692/3216/3174 2688/3651/3604
f 2693/3652/3605 2694/3217/3175 2692/3216/3174
f 2695/3653/3606 2694/3217/3175 2693/3652/3605
f 2696/3654/3607 2697/3655/3608 2688/3651/3604
f 2688/3651/3604 2691/3633/3586 2698/3635/3588
f 2688/3651/3604 2698/3635/3588 2696/3654/3607
f 2697/3655/3608 2693/3652/3605 2688/3651/3604
f 2699/3656/3609 2693/3652/3605 2697/3655/3608
f 2699/3656/3609 2695/3653/3606 2693/3652/3605
f 2700/3657/3610 2695/3653/3606 2699/3656/3609
f 2696/3654/3607 2701/3658/3611 2697/3655/3608
f 2696/3654/3607 2698/3635/3588 2702/3638/3591
f 2696/3654/3607 2702/3638/3591 2701/3658/3611
f 2701/3658/3611 2699/3656/3609 2697/3655/3608
f 2703/3659/3612 2700/3657/3610 2699/3656/3609
f 2725/3660/3613 2700/3657/3610 2703/3659/3612
f 2702/3638/3591 2918/3661/3614 2701/3658/3611
f 2920/3662/3615 2699/3656/3609 2701/3658/3611
f 2920/3662/3615 2701/3658/3611 2918/3661/3614
f 2920/3662/3615 2703/3659/3612 2699/3656/3609
f 2944/3663/3616 2725/3660/3613 2703/3659/3612
f 2705/3648/3601 2706/3645/3598 2704/3664/3617
f 2712/3665/3618 2704/3664/3617 2706/3645/3598
f 2705/3648/3601 2704/3664/3617 2930/3666/3619
f 2930/3666/3619 2704/3664/3617 2712/3665/3618
f 2712/3665/3618 2714/3667/3620 2932/3668/3621
f 2932/3668/3621 2714/3667/3620 2735/3669/3622
f 2932/3668/3621 2735/3669/3622 2736/3670/3623
f 2706/3645/3598 2687/3202/3160 2707/3671/3624
f 2322/3225/3183 2707/3671/3624 2687/3202/3160
f 2322/3225/3183 2708/3228/3186 2707/3671/3624
f 2708/3228/3186 2323/3226/3184 2709/3672/3625
f 2729/3229/3187 2709/3672/3625 2323/3226/3184
f 2729/3229/3187 2728/3673/3626 2709/3672/3625
f 2706/3645/3598 2707/3671/3624 2710/3674/3627
f 2708/3228/3186 2710/3674/3627 2707/3671/3624
f 2708/3228/3186 2711/3675/3628 2710/3674/3627
f 2711/3675/3628 2708/3228/3186 2709/3672/3625
f 2711/3675/3628 2709/3672/3625 2728/3673/3626
f 2711/3675/3628 2728/3673/3626 2713/3676/3629
f 2706/3645/3598 2710/3674/3627 2712/3665/3618
f 2710/3674/3627 2711/3675/3628 2712/3665/3618
f 2711/3675/3628 2713/3676/3629 2712/3665/3618
f 2713/3676/3629 2714/3667/3620 2712/3665/3618
f 2713/3676/3629 2735/3669/3622 2714/3667/3620
f 2723/3677/3630 2715/3678/3631 2716/3679/3632
f 2716/3679/3632 2740/3680/3633 2723/3677/3630
f 2717/3681/3634 2716/3679/3632 2715/3678/3631
f 2718/3682/3635 2716/3679/3632 2717/3681/3634
f 2718/3682/3635 2740/3680/3633 2716/3679/3632
f 2742/3683/3636 2740/3680/3633 2718/3682/3635
f 2945/3684/3637 2940/3685/3638 2717/3681/3634
f 2940/3685/3638 2718/3682/3635 2717/3681/3634
f 2940/3685/3638 2742/3683/3636 2718/3682/3635
f 2961/3686/3639 2742/3683/3636 2940/3685/3638
f 2695/3653/3606 2719/3239/3197 2694/3217/3175
f 2720/3687/3640 2719/3239/3197 2695/3653/3606
f 2720/3687/3640 2721/3240/3198 2719/3239/3197
f 2722/3688/3641 2721/3240/3198 2720/3687/3640
f 2723/3677/3630 2721/3240/3198 2722/3688/3641
f 2721/3240/3198 2723/3677/3630 2745/3241/3199
f 2700/3657/3610 2720/3687/3640 2695/3653/3606
f 2724/3689/3642 2720/3687/3640 2700/3657/3610
f 2722/3688/3641 2724/3689/3642 2715/3678/3631
f 2720/3687/3640 2724/3689/3642 2722/3688/3641
f 2723/3677/3630 2722/3688/3641 2715/3678/3631
f 2725/3660/3613 2724/3689/3642 2700/3657/3610
f 2717/3681/3634 2724/3689/3642 2725/3660/3613
f 2715/3678/3631 2724/3689/3642 2717/3681/3634
f 2944/3663/3616 2717/3681/3634 2725/3660/3613
f 2945/3684/3637 2717/3681/3634 2944/3663/3616
f 2736/3670/3623 2737/3690/3643 2949/3691/3644
f 2949/3691/3644 2737/3690/3643 2726/3692/3645
f 2951/3693/3646 2949/3691/3644 2726/3692/3645
f 2747/3694/3647 2951/3693/3646 2726/3692/3645
f 2747/3694/3647 2971/3695/3648 2951/3693/3646
f 2727/3258/3214 2728/3673/3626 2729/3229/3187
f 2727/3258/3214 2730/3696/3649 2728/3673/3626
f 2730/3696/3649 2727/3258/3214 2731/3259/3215
f 2731/3259/3215 2732/3260/3216 2730/3696/3649
f 2732/3260/3216 2752/3261/3217 2751/3697/3650
f 2713/3676/3629 2728/3673/3626 2730/3696/3649
f 2732/3260/3216 2733/3698/3651 2730/3696/3649
f 2732/3260/3216 2734/3699/3652 2733/3698/3651
f 2751/3697/3650 2734/3699/3652 2732/3260/3216
f 2751/3697/3650 2759/3700/3653 2734/3699/3652
f 2730/3696/3649 2735/3669/3622 2713/3676/3629
f 2730/3696/3649 2736/3670/3623 2735/3669/3622
f 2733/3698/3651 2736/3670/3623 2730/3696/3649
f 2733/3698/3651 2737/3690/3643 2736/3670/3623
f 2737/3690/3643 2734/3699/3652 2726/3692/3645
f 2737/3690/3643 2733/3698/3651 2734/3699/3652
f 2759/3700/3653 2747/3694/3647 2734/3699/3652
f 2734/3699/3652 2747/3694/3647 2726/3692/3645
f 2744/3272/3228 2738/3701/3654 2739/3702/3655
f 2744/3272/3228 2739/3702/3655 2746/3273/3229
f 2739/3702/3655 2763/3703/3656 2746/3273/3229
f 2740/3680/3633 2738/3701/3654 2723/3677/3630
f 2740/3680/3633 2739/3702/3655 2738/3701/3654
f 2741/3704/3657 2739/3702/3655 2740/3680/3633
f 2763/3703/3656 2741/3704/3657 2767/3705/3658
f 2763/3703/3656 2739/3702/3655 2741/3704/3657
f 2741/3704/3657 2742/3683/3636 2743/3706/3659
f 2741/3704/3657 2740/3680/3633 2742/3683/3636
f 2743/3706/3659 2767/3705/3658 2741/3704/3657
f 2770/3707/3660 2767/3705/3658 2743/3706/3659
f 2961/3686/3639 2962/3708/3661 2742/3683/3636
f 2962/3708/3661 2743/3706/3659 2742/3683/3636
f 2964/3709/3662 2743/3706/3659 2962/3708/3661
f 2770/3707/3660 2964/3709/3662 2985/3710/3663
f 2743/3706/3659 2964/3709/3662 2770/3707/3660
f 2738/3701/3654 2744/3272/3228 2745/3241/3199
f 2738/3701/3654 2745/3241/3199 2723/3677/3630
f 2749/3711/3664 2762/3712/3665 2750/3713/3666
f 2750/3713/3666 2762/3712/3665 2789/3714/3667
f 2750/3713/3666 2789/3714/3667 2774/3715/3668
f 2748/3716/3669 2971/3695/3648 2747/3694/3647
f 2749/3711/3664 2971/3695/3648 2748/3716/3669
f 2749/3711/3664 2973/3717/3670 2971/3695/3648
f 2750/3713/3666 2973/3717/3670 2749/3711/3664
f 2750/3713/3666 2975/3718/3671 2973/3717/3670
f 2774/3715/3668 2975/3718/3671 2750/3713/3666
f 2774/3715/3668 2997/3719/3672 2975/3718/3671
f 2751/3697/3650 2752/3261/3217 2753/3720/3673
f 5684/3300/3674 2753/3720/3673 2752/3261/3217
f 2753/3720/3673 2755/3299/3252 2756/3721/3675
f 2754/3297/3676 5749/3722/3677 5750/3723/3678
f 2756/3721/3675 2755/3299/3252 2757/3301/3254
f 2758/3724/3679 2756/3721/3675 2757/3301/3254
f 5751/3725/3680 5752/3726/3681 5753/3727/3682
f 5693/3345/3300 2780/3728/3683 5754/3729/3684
f 2753/3720/3673 2759/3700/3653 2751/3697/3650
f 2753/3720/3673 2760/3730/3685 2759/3700/3653
f 2756/3721/3675 2760/3730/3685 2753/3720/3673
f 2756/3721/3675 2761/3731/3686 2760/3730/3685
f 2758/3724/3679 2761/3731/3686 2756/3721/3675
f 2758/3724/3679 2762/3712/3665 2761/3731/3686
f 2780/3728/3683 5755/3732/3687 5754/3729/3684
f 2780/3728/3683 2786/3733/3688 5755/3732/3687
f 2760/3730/3685 2748/3716/3669 2759/3700/3653
f 2759/3700/3653 2748/3716/3669 2747/3694/3647
f 2761/3731/3686 2749/3711/3664 2760/3730/3685
f 2760/3730/3685 2749/3711/3664 2748/3716/3669
f 2761/3731/3686 2762/3712/3665 2749/3711/3664
f 5756/3734/3689 5757/3735/3690 5758/3736/3691
f 2746/3273/3229 2763/3703/3656 2389/3314/3268
f 2764/3737/3692 2765/3315/3269 2389/3314/3268
f 2764/3737/3692 2389/3314/3268 2763/3703/3656
f 2764/3737/3692 2766/3738/3693 2378/3316/3270
f 2764/3737/3692 2378/3316/3270 2765/3315/3269
f 2378/3316/3270 2766/3738/3693 2792/3317/3271
f 2767/3705/3658 2768/3739/3694 2763/3703/3656
f 2763/3703/3656 2768/3739/3694 2764/3737/3692
f 2766/3738/3693 2768/3739/3694 2769/3740/3695
f 2766/3738/3693 2764/3737/3692 2768/3739/3694
f 2769/3740/3695 2797/3741/3696 2766/3738/3693
f 2767/3705/3658 2770/3707/3660 2768/3739/3694
f 2770/3707/3660 2769/3740/3695 2768/3739/3694
f 2985/3710/3663 2769/3740/3695 2770/3707/3660
f 2987/3742/3697 2769/3740/3695 2985/3710/3663
f 2987/3742/3697 2988/3743/3698 2769/3740/3695
f 2988/3743/3698 2797/3741/3696 2769/3740/3695
f 2988/3743/3698 2801/3744/3699 2797/3741/3696
f 2772/3745/3700 2786/3733/3701 2787/3746/3702
f 2772/3745/3700 2787/3746/3702 2788/3747/3643
f 2772/3745/3700 2788/3747/3643 2773/3748/3703
f 5759/3749/3704 5760/3750/3705 2786/3733/3701
f 2772/3745/3700 5759/3749/3704 2786/3733/3701
f 2775/3751/3706 5761/3752/3707 5762/3753/3708
f 5763/3754/3709 2775/3751/3706 5762/3753/3708
f 2773/3748/3710 2776/3755/3711 5764/3756/3712
f 5765/3757/3713 2997/3719/3672 2774/3715/3668
f 5765/3757/3713 2996/3758/3714 2997/3719/3672
f 2999/3759/3715 2998/3760/3716 2776/3755/3711
f 2998/3760/3716 5766/3761/3717 2776/3755/3711
f 5766/3761/3717 5764/3756/3712 2776/3755/3711
f 2999/3759/3715 2776/3755/3711 2777/3762/3718
f 2999/3759/3715 2777/3762/3718 3001/3763/3719
f 2778/3764/3720 2777/3762/3718 2776/3755/3711
f 2779/3347/3302 2780/3728/3683 5693/3345/3300
f 2779/3347/3302 2782/3765/3721 2780/3728/3683
f 5767/3766/3722 5768/3767/3723 5695/3349/3724
f 2771/3768/3725 2784/3358/3316 2785/3360/3318
f 5769/3769/3701 5770/3770/3726 5771/3771/3702
f 2786/3733/3688 2780/3728/3683 2782/3765/3721
f 2782/3765/3727 2788/3747/3643 2787/3746/3702
f 2801/3744/3699 2790/3772/3728 2800/3773/3729
f 2766/3738/3693 2791/3774/3730 2429/3371/3329
f 2766/3738/3693 2429/3371/3329 2792/3317/3271
f 2794/3372/3330 2791/3774/3730 2793/3775/3731
f 2429/3371/3329 2791/3774/3730 2794/3372/3330
f 2795/3373/3331 2793/3775/3731 2796/3776/3732
f 2795/3373/3331 2794/3372/3330 2793/3775/3731
f 2796/3776/3732 2810/3391/3349 2795/3373/3331
f 2791/3774/3730 2797/3741/3696 2798/3777/3732
f 2766/3738/3693 2797/3741/3696 2791/3774/3730
f 2798/3777/3732 2793/3775/3731 2791/3774/3730
f 2798/3777/3732 2796/3776/3732 2793/3775/3731
f 2799/3778/3733 2796/3776/3732 2798/3777/3732
f 2810/3391/3349 2799/3778/3733 2800/3773/3729
f 2796/3776/3732 2799/3778/3733 2810/3391/3349
f 2801/3744/3699 2798/3777/3732 2797/3741/3696
f 2798/3777/3732 2801/3744/3699 2799/3778/3733
f 2801/3744/3699 2800/3773/3729 2799/3778/3733
f 2802/3779/3734 2803/3780/3735 2450/3380/3338
f 2803/3780/3735 2804/3381/3339 2450/3380/3338
f 2805/3781/3736 2804/3381/3339 2803/3780/3735
f 2804/3381/3339 2805/3781/3736 2811/3382/3340
f 2800/3773/3729 2806/3782/3737 2802/3779/3734
f 2806/3782/3737 2803/3780/3735 2802/3779/3734
f 2805/3781/3736 2803/3780/3735 2807/3783/3738
f 2807/3783/3738 2818/3784/3739 2805/3781/3736
f 2790/3772/3728 2806/3782/3737 2800/3773/3729
f 2808/3785/3740 2803/3780/3735 2806/3782/3737
f 2808/3785/3740 2809/3786/3741 2807/3783/3738
f 2807/3783/3738 2803/3780/3735 2808/3785/3740
f 2809/3786/3741 2818/3784/3739 2807/3783/3738
f 3029/3787/3742 2806/3782/3737 2790/3772/3728
f 3029/3787/3742 3030/3788/3743 2808/3785/3740
f 2806/3782/3737 3029/3787/3742 2808/3785/3740
f 3030/3788/3743 2809/3786/3741 2808/3785/3740
f 3031/3789/3744 2818/3784/3739 2809/3786/3741
f 2802/3779/3734 2450/3380/3338 2810/3391/3349
f 2800/3773/3729 2802/3779/3734 2810/3391/3349
f 2805/3781/3736 2812/3419/3376 2811/3382/3340
f 2805/3781/3736 2813/3790/3745 2812/3419/3376
f 2470/3420/3377 2812/3419/3376 2813/3790/3745
f 2470/3420/3377 2813/3790/3745 2814/3791/3746
f 2814/3791/3746 2815/3421/3378 2470/3420/3377
f 2816/3792/3747 2815/3421/3378 2814/3791/3746
f 2816/3792/3747 2817/3793/3748 2830/3422/3379
f 2815/3421/3378 2816/3792/3747 2830/3422/3379
f 2818/3784/3739 2813/3790/3745 2805/3781/3736
f 2814/3791/3746 2813/3790/3745 2819/3794/3749
f 2819/3794/3749 2816/3792/3747 2814/3791/3746
f 2820/3795/3750 2816/3792/3747 2819/3794/3749
f 2817/3793/3748 2816/3792/3747 2820/3795/3750
f 2821/3796/3751 2813/3790/3745 2818/3784/3739
f 2821/3796/3751 2822/3797/3752 2819/3794/3749
f 2819/3794/3749 2813/3790/3745 2821/3796/3751
f 2822/3797/3752 2820/3795/3750 2819/3794/3749
f 2823/3798/3753 2820/3795/3750 2822/3797/3752
f 2820/3795/3750 2823/3798/3753 2824/3799/3754
f 3031/3789/3744 2821/3796/3751 2818/3784/3739
f 3039/3800/3755 2822/3797/3752 2821/3796/3751
f 2823/3798/3753 3047/3801/3756 2824/3799/3754
f 2825/3802/3757 2826/3457/3415 2831/3456/3414
f 2825/3802/3757 2836/3458/3416 2826/3457/3415
f 2834/3803/3758 2836/3458/3416 2825/3802/3757
f 2827/3804/3759 2825/3802/3757 2832/3805/3760
f 2827/3804/3759 2834/3803/3758 2825/3802/3757
f 2828/3806/3761 2827/3804/3759 2832/3805/3760
f 2829/3807/3762 2827/3804/3759 2828/3806/3761
f 3049/3808/3763 2829/3807/3762 2828/3806/3761
f 3059/3809/3764 2829/3807/3762 3049/3808/3763
f 2817/3793/3748 2825/3802/3757 2830/3422/3379
f 2830/3422/3379 2825/3802/3757 2831/3456/3414
f 2820/3795/3750 2825/3802/3757 2817/3793/3748
f 2832/3805/3760 2825/3802/3757 2820/3795/3750
f 2824/3799/3754 2832/3805/3760 2820/3795/3750
f 2833/3810/3765 2832/3805/3760 2824/3799/3754
f 2832/3805/3760 2833/3810/3765 2828/3806/3761
f 3047/3801/3756 2833/3810/3765 2824/3799/3754
f 2833/3810/3765 3049/3808/3763 2828/3806/3761
f 2836/3458/3416 2834/3803/3758 2835/3500/3458
f 2837/3501/3459 2834/3803/3758 2838/3811/3766
f 2837/3501/3459 2835/3500/3458 2834/3803/3758
f 2838/3811/3766 2839/3812/3767 2837/3501/3459
f 2840/3502/3460 2837/3501/3459 2839/3812/3767
f 2839/3812/3767 2849/3503/3461 2840/3502/3460
f 2848/3813/3768 2849/3503/3461 2839/3812/3767
f 2834/3803/3758 2827/3804/3759 2841/3814/3769
f 2841/3814/3769 2838/3811/3766 2834/3803/3758
f 2842/3815/3770 2838/3811/3766 2841/3814/3769
f 2838/3811/3766 2843/3816/3771 2839/3812/3767
f 2838/3811/3766 2842/3815/3770 2843/3816/3771
f 2843/3816/3771 2844/3817/3772 2839/3812/3767
f 2851/3818/3773 2839/3812/3767 2844/3817/3772
f 2848/3813/3768 2839/3812/3767 2851/3818/3773
f 2827/3804/3759 2845/3819/3774 2841/3814/3769
f 2829/3807/3762 2845/3819/3774 2827/3804/3759
f 2846/3820/3775 2842/3815/3770 2841/3814/3769
f 2846/3820/3775 2841/3814/3769 2845/3819/3774
f 2847/3821/3776 2843/3816/3771 2846/3820/3775
f 2843/3816/3771 2842/3815/3770 2846/3820/3775
f 2847/3821/3776 2844/3817/3772 2843/3816/3771
f 2851/3818/3773 2844/3817/3772 2847/3821/3776
f 2853/3822/3777 2851/3818/3773 2847/3821/3776
f 3059/3809/3764 2845/3819/3774 2829/3807/3762
f 3058/3823/3778 2845/3819/3774 3059/3809/3764
f 2845/3819/3774 3060/3824/3779 2846/3820/3775
f 3058/3823/3778 3060/3824/3779 2845/3819/3774
f 3060/3824/3779 2847/3821/3776 2846/3820/3775
f 3062/3825/3780 2847/3821/3776 3060/3824/3779
f 3062/3825/3780 2853/3822/3777 2847/3821/3776
f 3069/3826/3781 2853/3822/3777 3062/3825/3780
f 2848/3813/3768 2583/3537/3495 2849/3503/3461
f 2850/3827/3782 2583/3537/3495 2848/3813/3768
f 2851/3818/3773 2850/3827/3782 2848/3813/3768
f 2852/3828/3783 2850/3827/3782 2851/3818/3773
f 2853/3822/3777 2852/3828/3783 2851/3818/3773
f 2854/3829/3784 2852/3828/3783 2853/3822/3777
f 3069/3826/3781 2854/3829/3784 2853/3822/3777
f 3068/3830/3785 2854/3829/3784 3069/3826/3781
f 2614/3570/3528 2867/3831/3786 2616/3573/3531
f 2627/3574/3532 2874/3832/3787 2614/3570/3528
f 2614/3570/3528 2874/3832/3787 2867/3831/3786
f 2628/3583/3056 2875/3833/3788 2627/3574/3532
f 2627/3574/3532 2875/3833/3788 2874/3832/3787
f 2628/3583/3056 2856/3587/3544 2875/3833/3788
f 2858/3612/3567 2650/3610/3565 2859/3834/3789
f 2859/3834/3789 2650/3610/3565 2864/3611/3566
f 2897/3835/3790 2896/3836/3791 5747/3615/3570
f 2896/3836/3791 5772/3837/3792 5747/3615/3570
f 2897/3835/3790 5747/3615/3570 2858/3612/3567
f 2864/3611/3566 2869/3838/3793 2859/3834/3789
f 2861/3839/3794 2858/3612/3567 2859/3834/3789
f 2861/3839/3794 2859/3834/3789 2869/3838/3793
f 2862/3840/3795 2897/3835/3790 2858/3612/3567
f 2862/3840/3795 2858/3612/3567 2861/3839/3794
f 2861/3839/3794 2869/3838/3793 2863/3841/3796
f 2899/3842/3797 2897/3835/3790 2862/3840/3795
f 2899/3842/3797 2862/3840/3795 2861/3839/3794
f 2900/3843/3798 2899/3842/3797 2861/3839/3794
f 2900/3843/3798 2861/3839/3794 2863/3841/3796
f 2864/3611/3566 2651/3575/3533 2865/3844/3799
f 2866/3845/3800 2651/3575/3533 2616/3573/3531
f 2865/3844/3799 2651/3575/3533 2866/3845/3800
f 2866/3845/3800 2616/3573/3531 2867/3831/3786
f 2866/3845/3800 2868/3846/3801 2865/3844/3799
f 2866/3845/3800 2867/3831/3786 2868/3846/3801
f 2869/3838/3793 2864/3611/3566 2865/3844/3799
f 2870/3847/3802 2869/3838/3793 2865/3844/3799
f 2868/3846/3801 2871/3848/3803 2865/3844/3799
f 2865/3844/3799 2871/3848/3803 2870/3847/3802
f 2867/3831/3786 2872/3849/3804 2868/3846/3801
f 2868/3846/3801 2872/3849/3804 2871/3848/3803
f 2874/3832/3787 2881/3850/3805 2867/3831/3786
f 2867/3831/3786 2881/3850/3805 2872/3849/3804
f 2863/3841/3796 2869/3838/3793 2870/3847/3802
f 2871/3848/3803 2873/3851/3806 2870/3847/3802
f 2873/3851/3806 2871/3848/3803 3076/3852/3807
f 2871/3848/3803 2872/3849/3804 3076/3852/3807
f 3079/3853/3808 2872/3849/3804 2881/3850/3805
f 3079/3853/3808 3076/3852/3807 2872/3849/3804
f 2863/3841/3796 2870/3847/3802 3077/3854/3809
f 3077/3854/3809 2870/3847/3802 2873/3851/3806
f 2856/3587/3544 2857/3588/3545 2876/3855/3810
f 2884/3856/3811 2876/3855/3810 2885/3617/3571
f 2876/3855/3810 2857/3588/3545 2885/3617/3571
f 2856/3587/3544 2877/3857/3812 2875/3833/3788
f 2856/3587/3544 2876/3855/3810 2877/3857/3812
f 2875/3833/3788 2877/3857/3812 2878/3858/3813
f 2878/3858/3813 2877/3857/3812 2876/3855/3810
f 2878/3858/3813 2876/3855/3810 2879/3859/3814
f 2879/3859/3814 2876/3855/3810 2884/3856/3811
f 2889/3860/3815 2879/3859/3814 2884/3856/3811
f 2875/3833/3788 2880/3861/3816 2874/3832/3787
f 2874/3832/3787 2880/3861/3816 2881/3850/3805
f 2875/3833/3788 2878/3858/3813 2880/3861/3816
f 2878/3858/3813 2879/3859/3814 2882/3862/3817
f 2890/3863/3818 2882/3862/3817 2889/3860/3815
f 2882/3862/3817 2879/3859/3814 2889/3860/3815
f 3079/3853/3808 2881/3850/3805 2880/3861/3816
f 2878/3858/3813 2883/3864/3819 2880/3861/3816
f 2878/3858/3813 2882/3862/3817 2883/3864/3819
f 3081/3865/3820 3079/3853/3808 2880/3861/3816
f 3081/3865/3820 2880/3861/3816 2883/3864/3819
f 2883/3864/3819 2882/3862/3817 3082/3866/3821
f 3082/3866/3821 2882/3862/3817 2890/3863/3818
f 2658/3624/3577 2884/3856/3811 2885/3617/3571
f 2886/3867/3822 2884/3856/3811 2658/3624/3577
f 2887/3625/3578 2886/3867/3822 2658/3624/3577
f 2901/3868/3823 2887/3625/3578 2660/3626/3579
f 2686/3627/3580 2901/3868/3823 2660/3626/3579
f 2888/3869/3824 2889/3860/3815 2886/3867/3822
f 2889/3860/3815 2884/3856/3811 2886/3867/3822
f 2903/3870/3825 2888/3869/3824 2887/3625/3578
f 2888/3869/3824 2886/3867/3822 2887/3625/3578
f 2901/3868/3823 2903/3870/3825 2887/3625/3578
f 2888/3869/3824 2890/3863/3818 2889/3860/3815
f 2906/3871/3826 2890/3863/3818 2888/3869/3824
f 2903/3870/3825 2906/3871/3826 2888/3869/3824
f 5748/3616/3792 2891/3872/3827 5773/3873/3828
f 2676/3636/3589 2892/3874/3829 2893/3639/3592
f 5773/3873/3828 2891/3872/3827 5774/3875/3830
f 2892/3874/3829 2678/3640/3593 2893/3639/3592
f 2678/3640/3593 2922/3876/3831 2702/3638/3591
f 2678/3640/3593 2892/3874/3829 2922/3876/3831
f 2894/3877/3832 5774/3875/3830 2891/3872/3827
f 2895/3878/3833 2894/3877/3832 2891/3872/3827
f 5775/3879/3834 2922/3876/3831 2892/3874/3829
f 2926/3880/3835 2922/3876/3831 5775/3879/3834
f 3087/3881/3836 3083/3882/3837 2895/3878/3833
f 3083/3882/3837 2894/3877/3832 2895/3878/3833
f 2894/3877/3832 3083/3882/3837 5776/3883/3835
f 5772/3837/3792 2896/3836/3791 5777/3884/3827
f 2897/3835/3790 5777/3884/3827 2896/3836/3791
f 2897/3835/3790 2898/3885/3838 5777/3884/3827
f 2898/3885/3838 2897/3835/3790 2899/3842/3797
f 2895/3878/3833 2891/3872/3827 5778/3886/3838
f 2898/3885/3838 2899/3842/3797 3084/3887/3839
f 3084/3887/3839 2899/3842/3797 2900/3843/3798
f 3086/3888/3840 2895/3878/3833 5778/3886/3838
f 5779/3889/3840 2898/3885/3838 3084/3887/3839
f 3087/3881/3836 2895/3878/3833 3086/3888/3840
f 3116/3890/3841 3082/3866/3821 2890/3863/3818
f 2902/3891/3842 2901/3868/3823 2686/3627/3580
f 2904/3892/3843 2903/3870/3825 2901/3868/3823
f 2902/3891/3842 2904/3892/3843 2901/3868/3823
f 2905/3893/3844 2904/3892/3843 2902/3891/3842
f 2907/3894/3845 2906/3871/3826 2908/3895/3846
f 2908/3895/3846 2906/3871/3826 2903/3870/3825
f 2904/3892/3843 2908/3895/3846 2903/3870/3825
f 2909/3896/3847 2908/3895/3846 2904/3892/3843
f 2905/3893/3844 2909/3896/3847 2904/3892/3843
f 2915/3897/3848 2909/3896/3847 2905/3893/3844
f 2907/3894/3845 3116/3890/3841 2906/3871/3826
f 3116/3890/3841 2890/3863/3818 2906/3871/3826
f 3118/3898/3849 2907/3894/3845 2910/3899/3850
f 2910/3899/3850 2907/3894/3845 2908/3895/3846
f 2909/3896/3847 2910/3899/3850 2908/3895/3846
f 3119/3900/3851 3118/3898/3849 2910/3899/3850
f 2911/3901/3852 3119/3900/3851 2909/3896/3847
f 3119/3900/3851 2910/3899/3850 2909/3896/3847
f 2915/3897/3848 2911/3901/3852 2909/3896/3847
f 2911/3901/3852 2915/3897/3848 2917/3902/3853
f 2684/3647/3600 2902/3891/3842 2686/3627/3580
f 2912/3649/3602 2902/3891/3842 2684/3647/3600
f 2913/3903/3854 2912/3649/3602 2914/3650/3603
f 2913/3903/3854 2914/3650/3603 2928/3904/3855
f 2705/3648/3601 2928/3904/3855 2914/3650/3603
f 2912/3649/3602 2905/3893/3844 2902/3891/3842
f 2915/3897/3848 2905/3893/3844 2913/3903/3854
f 2913/3903/3854 2905/3893/3844 2912/3649/3602
f 2916/3905/3856 2915/3897/3848 2913/3903/3854
f 2913/3903/3854 2928/3904/3855 2916/3905/3856
f 2917/3902/3853 2915/3897/3848 2916/3905/3856
f 2922/3876/3831 2918/3661/3614 2702/3638/3591
f 2919/3906/3857 2918/3661/3614 2922/3876/3831
f 2919/3906/3857 2920/3662/3615 2918/3661/3614
f 2921/3907/3858 2703/3659/3612 2920/3662/3615
f 2921/3907/3858 2944/3663/3616 2703/3659/3612
f 2923/3908/3859 2920/3662/3615 2919/3906/3857
f 2923/3908/3859 2924/3909/3860 2920/3662/3615
f 2920/3662/3615 2924/3909/3860 2921/3907/3858
f 2924/3909/3860 2944/3663/3616 2921/3907/3858
f 2946/3910/3861 2944/3663/3616 2924/3909/3860
f 2922/3876/3831 2925/3911/3862 2919/3906/3857
f 2922/3876/3831 2926/3880/3835 2925/3911/3862
f 2925/3911/3862 2923/3908/3859 2919/3906/3857
f 2927/3912/3863 2924/3909/3860 2923/3908/3859
f 2925/3911/3862 2927/3912/3863 2923/3908/3859
f 3129/3913/3864 2924/3909/3860 2927/3912/3863
f 3129/3913/3864 2946/3910/3861 2924/3909/3860
f 3127/3914/3865 2927/3912/3863 2925/3911/3862
f 2911/3901/3852 2917/3902/3853 2937/3915/3866
f 2929/3916/3867 2928/3904/3855 2930/3666/3619
f 2928/3904/3855 2705/3648/3601 2930/3666/3619
f 2929/3916/3867 2930/3666/3619 2931/3917/3868
f 2712/3665/3618 2931/3917/3868 2930/3666/3619
f 2712/3665/3618 2932/3668/3621 2931/3917/3868
f 2932/3668/3621 2736/3670/3623 2933/3918/3869
f 2934/3919/3870 2928/3904/3855 2929/3916/3867
f 2916/3905/3856 2928/3904/3855 2934/3919/3870
f 2934/3919/3870 2929/3916/3867 2935/3920/3871
f 2931/3917/3868 2935/3920/3871 2929/3916/3867
f 2931/3917/3868 2932/3668/3621 2935/3920/3871
f 2953/3921/3872 2932/3668/3621 2933/3918/3869
f 2935/3920/3871 2932/3668/3621 2953/3921/3872
f 2917/3902/3853 2916/3905/3856 2934/3919/3870
f 2934/3919/3870 2935/3920/3871 2936/3922/3873
f 2935/3920/3871 2958/3923/3874 2957/3924/3875
f 2953/3921/3872 2958/3923/3874 2935/3920/3871
f 2934/3919/3870 2937/3915/3866 2917/3902/3853
f 3140/3925/3876 2937/3915/3866 2936/3922/3873
f 2937/3915/3866 2934/3919/3870 2936/3922/3873
f 3140/3925/3876 2936/3922/3873 2938/3926/3877
f 2935/3920/3871 2938/3926/3877 2936/3922/3873
f 2935/3920/3871 3155/3927/3878 2938/3926/3877
f 2935/3920/3871 2957/3924/3875 3155/3927/3878
f 2946/3910/3861 2939/3928/3879 2945/3684/3637
f 2945/3684/3637 2939/3928/3879 2940/3685/3638
f 2941/3929/3880 2940/3685/3638 2939/3928/3879
f 2940/3685/3638 2941/3929/3880 2961/3686/3639
f 2942/3930/3881 2941/3929/3880 2939/3928/3879
f 2946/3910/3861 2947/3931/3882 2939/3928/3879
f 2947/3931/3882 2942/3930/3881 2939/3928/3879
f 2943/3932/3883 2942/3930/3881 2947/3931/3882
f 3141/3933/3884 2943/3932/3883 2947/3931/3882
f 2943/3932/3883 3141/3933/3884 3142/3934/3885
f 2946/3910/3861 2945/3684/3637 2944/3663/3616
f 2947/3931/3882 2946/3910/3861 3129/3913/3864
f 3144/3935/3886 2947/3931/3882 3129/3913/3864
f 2947/3931/3882 3144/3935/3886 3141/3933/3884
f 2736/3670/3623 2948/3936/3887 2933/3918/3869
f 2949/3691/3644 2948/3936/3887 2736/3670/3623
f 2949/3691/3644 2950/3937/3888 2948/3936/3887
f 2951/3693/3646 2950/3937/3888 2949/3691/3644
f 2951/3693/3646 2952/3938/3889 2950/3937/3888
f 2971/3695/3648 2952/3938/3889 2951/3693/3646
f 2971/3695/3648 2970/3939/3890 2952/3938/3889
f 2953/3921/3872 2933/3918/3869 2948/3936/3887
f 2953/3921/3872 2948/3936/3887 2954/3940/3891
f 2954/3940/3891 2948/3936/3887 2950/3937/3888
f 2954/3940/3891 2950/3937/3888 2952/3938/3889
f 2970/3939/3890 2955/3941/3892 2952/3938/3889
f 2956/3942/3893 2957/3924/3875 2958/3923/3874
f 2958/3923/3874 2953/3921/3872 2956/3942/3893
f 2953/3921/3872 2954/3940/3891 2956/3942/3893
f 2952/3938/3889 2956/3942/3893 2954/3940/3891
f 2952/3938/3889 2959/3943/3894 2956/3942/3893
f 2955/3941/3892 2959/3943/3894 2952/3938/3889
f 2955/3941/3892 2960/3944/3895 2959/3943/3894
f 2955/3941/3892 2979/3945/3896 2960/3944/3895
f 3156/3946/3897 2957/3924/3875 2956/3942/3893
f 3155/3927/3878 2957/3924/3875 3156/3946/3897
f 3156/3946/3897 2956/3942/3893 2959/3943/3894
f 3156/3946/3897 2959/3943/3894 3158/3947/3898
f 3158/3947/3898 2959/3943/3894 2960/3944/3895
f 3158/3947/3898 2960/3944/3895 2979/3945/3896
f 3158/3947/3898 2979/3945/3896 2980/3948/3899
f 2941/3929/3880 2962/3708/3661 2961/3686/3639
f 2941/3929/3880 2963/3949/3900 2962/3708/3661
f 2963/3949/3900 2964/3709/3662 2962/3708/3661
f 2964/3709/3662 2963/3949/3900 2965/3950/3901
f 2965/3950/3901 2984/3951/3902 2985/3710/3663
f 2965/3950/3901 2985/3710/3663 2964/3709/3662
f 2942/3930/3881 2963/3949/3900 2941/3929/3880
f 2966/3952/1652 2963/3949/3900 2942/3930/3881
f 2966/3952/1652 2967/3953/3903 2965/3950/3901
f 2965/3950/3901 2963/3949/3900 2966/3952/1652
f 2967/3953/3903 2984/3951/3902 2965/3950/3901
f 2943/3932/3883 2966/3952/1652 2942/3930/3881
f 2966/3952/1652 2968/3954/3904 2967/3953/3903
f 3142/3934/3885 2966/3952/1652 2943/3932/3883
f 3163/3955/3905 2966/3952/1652 3142/3934/3885
f 3163/3955/3905 3165/3956/3906 2966/3952/1652
f 2966/3952/1652 3165/3956/3906 2968/3954/3904
f 2970/3939/3890 2971/3695/3648 2969/3957/3907
f 2973/3717/3670 2972/3958/3908 2971/3695/3648
f 2971/3695/3648 2972/3958/3908 2969/3957/3907
f 2972/3958/3908 2973/3717/3670 2974/3959/3909
f 2973/3717/3670 2975/3718/3671 2974/3959/3909
f 2997/3719/3672 2974/3959/3909 2975/3718/3671
f 2997/3719/3672 2995/3960/3910 2974/3959/3909
f 2976/3961/3911 2955/3941/3892 2969/3957/3907
f 2969/3957/3907 2955/3941/3892 2970/3939/3890
f 2972/3958/3908 2976/3961/3911 2969/3957/3907
f 2972/3958/3908 2977/3962/3912 2976/3961/3911
f 2978/3963/3913 2972/3958/3908 2974/3959/3909
f 2977/3962/3912 2972/3958/3908 2978/3963/3913
f 2978/3963/3913 2974/3959/3909 2995/3960/3910
f 2978/3963/3913 2995/3960/3910 3003/3964/3914
f 2976/3961/3911 2979/3945/3896 2955/3941/3892
f 2976/3961/3911 2980/3948/3899 2979/3945/3896
f 2977/3962/3912 2980/3948/3899 2976/3961/3911
f 2977/3962/3912 2981/3965/3915 2980/3948/3899
f 2978/3963/3913 2981/3965/3915 2977/3962/3912
f 2978/3963/3913 2982/3966/3916 2981/3965/3915
f 3003/3964/3914 2982/3966/3916 2978/3963/3913
f 3003/3964/3914 3009/3967/3917 2982/3966/3916
f 2981/3965/3915 2983/3968/3918 2980/3948/3899
f 2983/3968/3918 2982/3966/3916 3173/3969/3919
f 2981/3965/3915 2982/3966/3916 2983/3968/3918
f 3173/3969/3919 2982/3966/3916 3013/3970/3920
f 3009/3967/3917 3013/3970/3920 2982/3966/3916
f 2986/3971/3921 2985/3710/3663 2984/3951/3902
f 2985/3710/3663 2986/3971/3921 2987/3742/3697
f 2986/3971/3921 2988/3743/3698 2987/3742/3697
f 2986/3971/3921 2801/3744/3699 2988/3743/3698
f 3022/3972/3922 2801/3744/3699 2986/3971/3921
f 2986/3971/3921 2967/3953/3903 2989/3973/3923
f 2984/3951/3902 2967/3953/3903 2986/3971/3921
f 2990/3974/3924 2986/3971/3921 2989/3973/3923
f 2986/3971/3921 2990/3974/3924 3022/3972/3922
f 2989/3973/3923 2967/3953/3903 2968/3954/3904
f 2989/3973/3923 2968/3954/3904 2991/3975/3925
f 2992/3976/3926 2989/3973/3923 2991/3975/3925
f 2992/3976/3926 2990/3974/3924 2989/3973/3923
f 2993/3977/3927 2990/3974/3924 2992/3976/3926
f 2991/3975/3925 2968/3954/3904 3165/3956/3906
f 2991/3975/3925 3165/3956/3906 3182/3978/3928
f 3182/3978/3928 2992/3976/3926 2991/3975/3925
f 3183/3979/3929 2992/3976/3926 3182/3978/3928
f 3183/3979/3929 2993/3977/3927 2992/3976/3926
f 2993/3977/3927 3183/3979/3929 3186/3980/3930
f 2995/3960/3910 2996/3758/3714 2994/3981/3931
f 2995/3960/3910 2997/3719/3672 2996/3758/3714
f 5780/3982/3932 2994/3981/3931 5781/3983/3933
f 3000/3984/3934 5782/3985/3935 5783/3986/3936
f 5781/3983/3933 2994/3981/3931 2996/3758/3714
f 5784/3987/3937 3000/3984/3934 5783/3986/3936
f 5784/3987/3937 3002/3988/3938 3000/3984/3934
f 3003/3964/3914 2995/3960/3910 2994/3981/3931
f 3004/3989/3939 3003/3964/3914 2994/3981/3931
f 3000/3984/3934 5785/3990/3940 5782/3985/3935
f 3000/3984/3934 3005/3991/3941 5785/3990/3940
f 3002/3988/3938 3005/3991/3941 3000/3984/3934
f 3002/3988/3938 3006/3992/3942 3005/3991/3941
f 3002/3988/3938 3007/3993/3943 3006/3992/3942
f 3006/3992/3942 3007/3993/3943 3008/3994/3944
f 3004/3989/3939 3009/3967/3917 3003/3964/3914
f 3004/3989/3939 3010/3995/3945 3009/3967/3917
f 5786/3996/3946 5787/3997/3947 5788/3998/3948
f 5786/3996/3946 3011/3999/3949 5787/3997/3947
f 3006/3992/3942 5789/4000/3950 3005/3991/3941
f 3006/3992/3942 3012/4001/3951 5789/4000/3950
f 3024/4002/3952 3012/4001/3951 3008/3994/3944
f 3024/4002/3952 3008/3994/3944 3025/4003/3953
f 3006/3992/3942 3008/3994/3944 3012/4001/3951
f 3010/3995/3945 3014/4004/3954 3009/3967/3917
f 3009/3967/3917 3014/4004/3954 3013/3970/3920
f 5790/4005/3954 3015/4006/3955 3193/4007/3956
f 3011/3999/3949 3015/4006/3955 5787/3997/3947
f 5787/3997/3947 3015/4006/3955 5790/4005/3954
f 3193/4007/3956 3015/4006/3955 5791/4008/3957
f 3193/4007/3956 5791/4008/3957 3195/4009/3958
f 3011/3999/3949 5791/4008/3957 3015/4006/3955
f 5792/4010/3952 3195/4009/3958 5791/4008/3957
f 3212/4011/3959 3195/4009/3958 5792/4010/3952
f 3022/3972/3922 3016/4012/3960 2801/3744/3699
f 3016/4012/3960 2790/3772/3728 2801/3744/3699
f 3028/4013/3961 2790/3772/3728 3016/4012/3960
f 2990/3974/3924 3016/4012/3960 3022/3972/3922
f 2990/3974/3924 3017/4014/3962 3016/4012/3960
f 3018/4015/3963 3016/4012/3960 3017/4014/3962
f 3019/4016/3964 3032/4017/3965 3028/4013/3961
f 3018/4015/3963 3019/4016/3964 3028/4013/3961
f 3016/4012/3960 3018/4015/3963 3028/4013/3961
f 2993/3977/3927 3017/4014/3962 2990/3974/3924
f 3020/4018/3966 3017/4014/3962 2993/3977/3927
f 3021/4019/3967 3017/4014/3962 3020/4018/3966
f 3018/4015/3963 3021/4019/3967 3019/4016/3964
f 3017/4014/3962 3021/4019/3967 3018/4015/3963
f 3019/4016/3964 3035/4020/3968 3032/4017/3965
f 3186/3980/3930 3020/4018/3966 2993/3977/3927
f 3207/4021/3969 3021/4019/3967 3020/4018/3966
f 3019/4016/3964 3021/4019/3967 3207/4021/3969
f 3019/4016/3964 3207/4021/3969 3209/4022/3970
f 3209/4022/3970 3035/4020/3968 3019/4016/3964
f 3023/4023/3971 3024/4002/3952 3025/4003/3953
f 3213/4024/3972 3212/4011/3959 3026/4025/3973
f 3212/4011/3959 5793/4026/3974 3026/4025/3973
f 3212/4011/3959 5792/4010/3952 5793/4026/3974
f 3027/4027/3975 5794/4028/3976 3023/4023/3977
f 2790/3772/3728 3028/4013/3961 3029/3787/3742
f 3031/3789/3744 2809/3786/3741 3030/3788/3743
f 3032/4017/3965 3029/3787/3742 3028/4013/3961
f 3032/4017/3965 3033/4029/3978 3029/3787/3742
f 3033/4029/3978 3030/3788/3743 3029/3787/3742
f 3033/4029/3978 3031/3789/3744 3030/3788/3743
f 3034/4030/3979 3031/3789/3744 3033/4029/3978
f 3034/4030/3979 3036/4031/3980 3031/3789/3744
f 3035/4020/3968 3033/4029/3978 3032/4017/3965
f 3043/4032/3981 3036/4031/3980 3034/4030/3979
f 3034/4030/3979 3033/4029/3978 3035/4020/3968
f 3036/4031/3980 2821/3796/3751 3031/3789/3744
f 3037/4033/3982 2821/3796/3751 3036/4031/3980
f 3039/3800/3755 3038/4034/3983 2822/3797/3752
f 3039/3800/3755 2821/3796/3751 3037/4033/3982
f 3039/3800/3755 3037/4033/3982 3038/4034/3983
f 3038/4034/3983 2823/3798/3753 2822/3797/3752
f 3040/4035/3984 2823/3798/3753 3038/4034/3983
f 3040/4035/3984 3047/3801/3756 2823/3798/3753
f 3048/4036/3985 3047/3801/3756 3040/4035/3984
f 3037/4033/3982 3041/4037/3986 3038/4034/3983
f 3041/4037/3986 3042/4038/3987 3038/4034/3983
f 3042/4038/3987 3040/4035/3984 3038/4034/3983
f 3042/4038/3987 3048/4036/3985 3040/4035/3984
f 3043/4032/3981 3037/4033/3982 3036/4031/3980
f 3044/4039/3988 3037/4033/3982 3043/4032/3981
f 3044/4039/3988 3041/4037/3986 3037/4033/3982
f 3045/4040/3989 3042/4038/3987 3041/4037/3986
f 3044/4039/3988 3045/4040/3989 3041/4037/3986
f 3053/4041/3990 3042/4038/3987 3045/4040/3989
f 3053/4041/3990 3048/4036/3985 3042/4038/3987
f 3229/4042/3991 3044/4039/3988 3043/4032/3981
f 3235/4043/3992 3044/4039/3988 3229/4042/3991
f 3235/4043/3992 3045/4040/3989 3044/4039/3988
f 3236/4044/3993 3045/4040/3989 3235/4043/3992
f 3236/4044/3993 3241/4045/3994 3045/4040/3989
f 3045/4040/3989 3241/4045/3994 3053/4041/3990
f 3057/4046/3995 3049/3808/3763 3050/4047/3996
f 3057/4046/3995 3059/3809/3764 3049/3808/3763
f 3046/4048/3997 2833/3810/3765 3047/3801/3756
f 3048/4036/3985 3046/4048/3997 3047/3801/3756
f 3046/4048/3997 3049/3808/3763 2833/3810/3765
f 3046/4048/3997 3050/4047/3996 3049/3808/3763
f 3051/4049/3998 3046/4048/3997 3048/4036/3985
f 3046/4048/3997 3051/4049/3998 3052/4050/3999
f 3052/4050/3999 3050/4047/3996 3046/4048/3997
f 3056/4051/4000 3050/4047/3996 3052/4050/3999
f 3056/4051/4000 3057/4046/3995 3050/4047/3996
f 3053/4041/3990 3051/4049/3998 3048/4036/3985
f 3054/4052/3111 3051/4049/3998 3053/4041/3990
f 3051/4049/3998 3055/4053/4001 3052/4050/3999
f 3054/4052/3111 3055/4053/4001 3051/4049/3998
f 3056/4051/4000 3052/4050/3999 3055/4053/4001
f 3251/4054/4002 3057/4046/3995 3056/4051/4000
f 3241/4045/3994 3054/4052/3111 3053/4041/3990
f 3241/4045/3994 3055/4053/4001 3054/4052/3111
f 3243/4055/4003 3055/4053/4001 3241/4045/3994
f 3055/4053/4001 3244/4056/4004 3056/4051/4000
f 3243/4055/4003 3244/4056/4004 3055/4053/4001
f 3244/4056/4004 3251/4054/4002 3056/4051/4000
f 3057/4046/3995 3058/3823/3778 3059/3809/3764
f 3061/4057/4005 3060/3824/3779 3058/3823/3778
f 3061/4057/4005 3062/3825/3780 3060/3824/3779
f 3063/4058/4006 3062/3825/3780 3061/4057/4005
f 3063/4058/4006 3069/3826/3781 3062/3825/3780
f 3067/4059/4007 3069/3826/3781 3063/4058/4006
f 3064/4060/4008 3058/3823/3778 3057/4046/3995
f 3064/4060/4008 3061/4057/4005 3058/3823/3778
f 3066/4061/4009 3063/4058/4006 3061/4057/4005
f 3066/4061/4009 3067/4059/4007 3063/4058/4006
f 3071/4062/4010 3067/4059/4007 3066/4061/4009
f 3065/4063/4011 3061/4057/4005 3064/4060/4008
f 3065/4063/4011 3066/4061/4009 3061/4057/4005
f 3251/4054/4002 3064/4060/4008 3057/4046/3995
f 3066/4061/4009 3073/4064/4012 3071/4062/4010
f 3253/4065/4013 3065/4063/4011 3064/4060/4008
f 3253/4065/4013 3066/4061/4009 3065/4063/4011
f 3255/4066/4014 3066/4061/4009 3253/4065/4013
f 3255/4066/4014 3073/4064/4012 3066/4061/4009
f 3074/4067/4015 3073/4064/4012 3255/4066/4014
f 3067/4059/4007 3068/3830/3785 3069/3826/3781
f 3070/4068/4016 3068/3830/3785 3067/4059/4007
f 3070/4068/4016 3067/4059/4007 3071/4062/4010
f 3072/4069/4017 3070/4068/4016 3071/4062/4010
f 3073/4064/4012 3072/4069/4017 3071/4062/4010
f 3074/4067/4015 3072/4069/4017 3073/4064/4012
f 3075/4070/4018 3074/4067/4015 3262/4071/4019
f 3263/4072/4020 5795/4073/4021 5796/4074/4022
f 3095/4075/4023 2900/3843/3798 2863/3841/3796
f 3077/3854/3809 3096/4076/4024 2863/3841/3796
f 2863/3841/3796 3096/4076/4024 3095/4075/4023
f 3096/4076/4024 3077/3854/3809 3097/4077/4025
f 3077/3854/3809 2873/3851/3806 3097/4077/4025
f 3078/4078/4026 2873/3851/3806 3076/3852/3807
f 3097/4077/4025 2873/3851/3806 3078/4078/4026
f 3078/4078/4026 3076/3852/3807 3079/3853/3808
f 3078/4078/4026 3079/3853/3808 3080/4079/4027
f 3104/4080/4028 3080/4079/4027 3081/3865/3820
f 3080/4079/4027 3079/3853/3808 3081/3865/3820
f 3081/3865/3820 2883/3864/3819 3104/4080/4028
f 3084/3887/3839 2900/3843/3798 3085/4081/4029
f 3085/4081/4029 2900/3843/3798 3095/4075/4023
f 3088/4082/4030 5779/3889/3840 3084/3887/3839
f 3088/4082/4030 3084/3887/3839 3085/4081/4029
f 3089/4083/4031 3088/4082/4030 3085/4081/4029
f 3089/4083/4031 3085/4081/4029 3095/4075/4023
f 3089/4083/4031 3095/4075/4023 3099/4084/4032
f 3090/4085/4033 3087/3881/3836 3086/3888/3840
f 3088/4082/4030 5797/4086/4034 5779/3889/3840
f 3091/4087/4035 3087/3881/3836 3090/4085/4033
f 3092/4088/4036 3088/4082/4030 3089/4083/4031
f 3089/4083/4031 3099/4084/4032 3092/4088/4036
f 3093/4089/4037 5797/4086/4034 3088/4082/4030
f 3092/4088/4036 3093/4089/4037 3088/4082/4030
f 5798/4090/4035 5797/4086/4034 3094/4091/4038
f 3094/4091/4038 5797/4086/4034 3093/4089/4037
f 3099/4084/4032 3103/4092/4039 3092/4088/4036
f 3094/4091/4038 3093/4089/4037 3271/4093/4040
f 3271/4093/4040 3093/4089/4037 3092/4088/4036
f 3097/4077/4025 3078/4078/4026 3098/4094/4041
f 3098/4094/4041 3078/4078/4026 3080/4079/4027
f 3098/4094/4041 3080/4079/4027 3107/4095/4042
f 3099/4084/4032 3095/4075/4023 3096/4076/4024
f 3099/4084/4032 3096/4076/4024 3100/4096/4043
f 3101/4097/4044 3096/4076/4024 3097/4077/4025
f 3100/4096/4043 3096/4076/4024 3101/4097/4044
f 3101/4097/4044 3097/4077/4025 3098/4094/4041
f 3101/4097/4044 3098/4094/4041 3102/4098/4045
f 3102/4098/4045 3098/4094/4041 3107/4095/4042
f 3102/4098/4045 3107/4095/4042 3111/4099/4046
f 3272/4100/4047 3103/4092/4039 3099/4084/4032
f 3272/4100/4047 3099/4084/4032 3100/4096/4043
f 3272/4100/4047 3100/4096/4043 3101/4097/4044
f 3101/4097/4044 3102/4098/4045 3273/4101/4048
f 3273/4101/4048 3102/4098/4045 3111/4099/4046
f 3273/4101/4048 3111/4099/4046 3276/4102/4049
f 2883/3864/3819 3082/3866/3821 3105/4103/4050
f 3115/4104/4051 3105/4103/4050 3116/3890/3841
f 3105/4103/4050 3082/3866/3821 3116/3890/3841
f 3106/4105/4052 3107/4095/4042 3104/4080/4028
f 3107/4095/4042 3080/4079/4027 3104/4080/4028
f 2883/3864/3819 3108/4106/4053 3104/4080/4028
f 3104/4080/4028 3108/4106/4053 3106/4105/4052
f 2883/3864/3819 3105/4103/4050 3108/4106/4053
f 3105/4103/4050 3109/4107/4054 3108/4106/4053
f 3115/4104/4051 3109/4107/4054 3105/4103/4050
f 3109/4107/4054 3115/4104/4051 3121/4108/4055
f 3110/4109/4056 3111/4099/4046 3106/4105/4052
f 3111/4099/4046 3107/4095/4042 3106/4105/4052
f 3106/4105/4052 3108/4106/4053 3110/4109/4056
f 3110/4109/4056 3108/4106/4053 3112/4110/4057
f 3112/4110/4057 3108/4106/4053 3109/4107/4054
f 3113/4111/4058 3112/4110/4057 3109/4107/4054
f 3113/4111/4058 3109/4107/4054 3121/4108/4055
f 3113/4111/4058 3121/4108/4055 3123/4112/4059
f 3114/4113/4060 3276/4102/4049 3110/4109/4056
f 3276/4102/4049 3111/4099/4046 3110/4109/4056
f 3110/4109/4056 3112/4110/4057 3114/4113/4060
f 3114/4113/4060 3112/4110/4057 3304/4114/4061
f 3306/4115/4062 3304/4114/4061 3113/4111/4058
f 3304/4114/4061 3112/4110/4057 3113/4111/4058
f 3113/4111/4058 3123/4112/4059 3306/4115/4062
f 2907/3894/3845 3115/4104/4051 3116/3890/3841
f 3117/4116/4063 3115/4104/4051 3118/3898/3849
f 3118/3898/3849 3115/4104/4051 2907/3894/3845
f 3117/4116/4063 3118/3898/3849 3119/3900/3851
f 2911/3901/3852 3117/4116/4063 3119/3900/3851
f 3120/4117/4064 3117/4116/4063 2911/3901/3852
f 3121/4108/4055 3115/4104/4051 3117/4116/4063
f 3122/4118/4065 3121/4108/4055 3117/4116/4063
f 3122/4118/4065 3117/4116/4063 3120/4117/4064
f 3123/4112/4059 3121/4108/4055 3122/4118/4065
f 3124/4119/4066 3125/4120/4067 3083/3882/3837
f 3125/4120/4067 5776/3883/3835 3083/3882/3837
f 3124/4119/4066 3083/3882/3837 3087/3881/3836
f 3126/4121/4068 3127/3914/3865 2925/3911/3862
f 2926/3880/3835 3126/4121/4068 2925/3911/3862
f 5799/4122/4069 3126/4121/4068 2926/3880/3835
f 3128/4123/4070 3127/3914/3865 3126/4121/4068
f 3128/4123/4070 2927/3912/3863 3127/3914/3865
f 3129/3913/3864 2927/3912/3863 3128/4123/4070
f 3091/4087/4035 3124/4119/4066 3087/3881/3836
f 3126/4121/4068 5799/4122/4069 3130/4124/4071
f 3131/4125/4072 3124/4119/4066 3091/4087/4035
f 5800/4126/4073 3130/4124/4071 5799/4122/4069
f 3130/4124/4071 3128/4123/4070 3126/4121/4068
f 3280/4127/4074 3281/4128/4075 3124/4119/4066
f 5801/4129/4075 3130/4124/4071 5800/4126/4073
f 3280/4127/4074 3124/4119/4066 3131/4125/4072
f 3130/4124/4071 5801/4129/4075 3282/4130/4076
f 5802/4131/4077 5798/4090/4035 3094/4091/4038
f 3123/4112/4059 3138/4132/4078 3306/4115/4062
f 3120/4117/4064 2911/3901/3852 3132/4133/4079
f 2937/3915/3866 3132/4133/4079 2911/3901/3852
f 3140/3925/3876 3132/4133/4079 2937/3915/3866
f 3133/4134/4080 3122/4118/4065 3120/4117/4064
f 3120/4117/4064 3132/4133/4079 3133/4134/4080
f 3133/4134/4080 3132/4133/4079 3134/4135/4081
f 3140/3925/3876 3134/4135/4081 3132/4133/4079
f 3134/4135/4081 3140/3925/3876 3159/4136/4082
f 3134/4135/4081 3159/4136/4082 3148/4137/4083
f 3135/4138/4084 3123/4112/4059 3122/4118/4065
f 3135/4138/4084 3122/4118/4065 3133/4134/4080
f 3135/4138/4084 3133/4134/4080 3136/4139/4085
f 3134/4135/4081 3136/4139/4085 3133/4134/4080
f 3137/4140/4086 3136/4139/4085 3134/4135/4081
f 3137/4140/4086 3134/4135/4081 3149/4141/4087
f 3148/4137/4083 3149/4141/4087 3134/4135/4081
f 3135/4138/4084 3138/4132/4078 3123/4112/4059
f 3135/4138/4084 3139/4142/4088 3138/4132/4078
f 3136/4139/4085 3139/4142/4088 3135/4138/4084
f 3153/4143/4089 3318/4144/4090 3137/4140/4086
f 3318/4144/4090 3139/4142/4088 3137/4140/4086
f 3139/4142/4088 3136/4139/4085 3137/4140/4086
f 3149/4141/4087 3153/4143/4089 3137/4140/4086
f 3154/4145/4091 2938/3926/3877 3155/3927/3878
f 3140/3925/3876 2938/3926/3877 3154/4145/4091
f 3154/4145/4091 3159/4136/4082 3140/3925/3876
f 3141/3933/3884 3162/4146/4092 3142/3934/3885
f 3143/4147/4093 3162/4146/4092 3141/3933/3884
f 3166/4148/4094 3162/4146/4092 3143/4147/4093
f 3147/4149/4095 3167/4150/4096 3143/4147/4093
f 3167/4150/4096 3166/4148/4094 3143/4147/4093
f 3128/4123/4070 3144/3935/3886 3129/3913/3864
f 3145/4151/4097 3144/3935/3886 3128/4123/4070
f 3143/4147/4093 3141/3933/3884 3144/3935/3886
f 3145/4151/4097 3128/4123/4070 3130/4124/4071
f 3145/4151/4097 3143/4147/4093 3144/3935/3886
f 3146/4152/4095 3143/4147/4093 3145/4151/4097
f 3143/4147/4093 3146/4152/4095 3147/4149/4095
f 3130/4124/4071 3282/4130/4076 3145/4151/4097
f 3321/4153/4098 3146/4152/4095 3145/4151/4097
f 3321/4153/4098 3145/4151/4097 3282/4130/4076
f 3150/4154/4099 3149/4141/4087 3148/4137/4083
f 3150/4154/4099 3148/4137/4083 3151/4155/4100
f 3151/4155/4100 3160/4156/4101 3152/4157/4102
f 3161/4158/4103 3152/4157/4102 3160/4156/4101
f 3150/4154/4099 3153/4143/4089 3149/4141/4087
f 3150/4154/4099 3151/4155/4100 3152/4157/4102
f 3346/4159/4104 3152/4157/4102 3161/4158/4103
f 3154/4145/4091 3155/3927/3878 3156/3946/3897
f 3158/3947/3898 3157/4160/4105 3156/3946/3897
f 2980/3948/3899 3157/4160/4105 3158/3947/3898
f 2980/3948/3899 3175/4161/4106 3157/4160/4105
f 3159/4136/4082 3154/4145/4091 3148/4137/4083
f 3154/4145/4091 3156/3946/3897 3148/4137/4083
f 3157/4160/4105 3148/4137/4083 3156/3946/3897
f 3157/4160/4105 3151/4155/4100 3148/4137/4083
f 3151/4155/4100 3157/4160/4105 3160/4156/4101
f 3160/4156/4101 3157/4160/4105 3175/4161/4106
f 3160/4156/4101 3175/4161/4106 3161/4158/4103
f 3162/4146/4092 3163/3955/3905 3142/3934/3885
f 3164/4162/4107 3163/3955/3905 3162/4146/4092
f 3163/3955/3905 3164/4162/4107 3165/3956/3906
f 3166/4148/4094 3164/4162/4107 3162/4146/4092
f 3187/4163/4108 3165/3956/3906 3164/4162/4107
f 3167/4150/4096 3168/4164/4109 3166/4148/4094
f 3168/4164/4109 3164/4162/4107 3166/4148/4094
f 3168/4164/4109 3187/4163/4108 3164/4162/4107
f 3169/4165/4110 3168/4164/4109 3167/4150/4096
f 3170/4166/4111 3187/4163/4108 3168/4164/4109
f 3346/4159/4104 3161/4158/4103 3179/4167/4112
f 2983/3968/3918 3175/4161/4106 2980/3948/3899
f 2983/3968/3918 3171/4168/4113 3175/4161/4106
f 2983/3968/3918 3172/4169/4114 3171/4168/4113
f 3173/3969/3919 3172/4169/4114 2983/3968/3918
f 3173/3969/3919 3174/4170/4115 3172/4169/4114
f 3013/3970/3920 3174/4170/4115 3173/3969/3919
f 3013/3970/3920 3191/4171/4116 3174/4170/4115
f 3171/4168/4113 3176/4172/4117 3177/4173/4118
f 3172/4169/4114 3176/4172/4117 3171/4168/4113
f 3178/4174/4119 3177/4173/4118 3176/4172/4117
f 3176/4172/4117 3172/4169/4114 3178/4174/4119
f 3172/4169/4114 3174/4170/4115 3178/4174/4119
f 3191/4171/4116 3178/4174/4119 3174/4170/4115
f 3191/4171/4116 3197/4175/4120 3178/4174/4119
f 3171/4168/4113 3161/4158/4103 3175/4161/4106
f 3171/4168/4113 3179/4167/4112 3161/4158/4103
f 3177/4173/4118 3179/4167/4112 3171/4168/4113
f 3177/4173/4118 3180/4176/4121 3179/4167/4112
f 3181/4177/4122 3177/4173/4118 3178/4174/4119
f 3180/4176/4121 3177/4173/4118 3181/4177/4122
f 3181/4177/4122 3178/4174/4119 3200/4178/4123
f 3197/4175/4120 3200/4178/4123 3178/4174/4119
f 3180/4176/4121 3181/4177/4122 3354/4179/4124
f 3200/4178/4123 3354/4179/4124 3181/4177/4122
f 3200/4178/4123 3377/4180/4125 3354/4179/4124
f 3184/4181/4126 3183/3979/3929 3182/3978/3928
f 3185/4182/4127 3183/3979/3929 3184/4181/4126
f 3186/3980/3930 3183/3979/3929 3185/4182/4127
f 3182/3978/3928 3165/3956/3906 3187/4163/4108
f 3182/3978/3928 3187/4163/4108 3184/4181/4126
f 3188/4183/4127 3185/4182/4127 3184/4181/4126
f 3185/4182/4127 3188/4183/4127 3189/4184/4128
f 3187/4163/4108 3190/4185/4129 3184/4181/4126
f 3190/4185/4129 3188/4183/4127 3184/4181/4126
f 3189/4184/4128 3188/4183/4127 3190/4185/4129
f 3170/4166/4111 3190/4185/4129 3187/4163/4108
f 3357/4186/4130 3190/4185/4129 3170/4166/4111
f 3357/4186/4130 3359/4187/4131 3190/4185/4129
f 3359/4187/4131 3189/4184/4128 3190/4185/4129
f 3189/4184/4128 3359/4187/4131 3360/4188/4132
f 3014/4004/3954 3191/4171/4116 3013/3970/3920
f 3014/4004/3954 3192/4189/4133 3191/4171/4116
f 3193/4007/3956 5803/4190/4134 5790/4005/3954
f 3193/4007/3956 3194/4191/4135 5803/4190/4134
f 5804/4192/4136 5805/4193/4135 5806/4194/4137
f 5804/4192/4136 3196/4195/4138 5805/4193/4135
f 5807/4196/4139 3196/4195/4138 5804/4192/4136
f 5807/4196/4139 3214/4197/4140 3196/4195/4138
f 3192/4189/4133 3197/4175/4120 3191/4171/4116
f 3192/4189/4133 3198/4198/4141 3197/4175/4120
f 5808/4199/4135 3198/4198/4141 3192/4189/4133
f 3196/4195/4138 3199/4200/4142 5805/4193/4135
f 3214/4197/4140 3199/4200/4142 3196/4195/4138
f 3214/4197/4140 3218/4201/4143 3199/4200/4142
f 3200/4178/4123 3201/4202/4144 3202/4203/4145
f 3198/4198/4141 3201/4202/4144 3197/4175/4120
f 3197/4175/4120 3201/4202/4144 3200/4178/4123
f 3203/4204/4146 3202/4203/4145 3201/4202/4144
f 3201/4202/4144 3198/4198/4141 3203/4204/4146
f 3198/4198/4141 5808/4199/4135 3203/4204/4146
f 3204/4205/4147 5809/4206/4148 3205/4207/4149
f 5809/4206/4148 5810/4208/4150 3205/4207/4149
f 5809/4206/4148 3194/4191/4135 5810/4208/4150
f 5810/4208/4150 3220/4209/4151 3205/4207/4149
f 3199/4200/4142 3218/4201/4143 5811/4210/4152
f 3202/4203/4145 3377/4180/4125 3200/4178/4123
f 3202/4203/4145 3378/4211/4153 3377/4180/4125
f 3379/4212/4154 3202/4203/4145 3203/4204/4146
f 3378/4211/4153 3202/4203/4145 3379/4212/4154
f 3204/4205/4147 5812/4213/4155 5809/4206/4148
f 3380/4214/4156 5812/4213/4155 3204/4205/4147
f 3204/4205/4147 3205/4207/4149 3223/4215/4157
f 3380/4214/4156 3204/4205/4147 3223/4215/4157
f 3220/4209/4151 3223/4215/4157 3205/4207/4149
f 3185/4182/4127 3020/4018/3966 3186/3980/3930
f 3206/4216/4158 3020/4018/3966 3185/4182/4127
f 3206/4216/4158 3207/4021/3969 3020/4018/3966
f 3209/4022/3970 3207/4021/3969 3206/4216/4158
f 3209/4022/3970 3206/4216/4158 3208/4217/4159
f 3208/4217/4159 3035/4020/3968 3209/4022/3970
f 3189/4184/4128 3206/4216/4158 3185/4182/4127
f 3206/4216/4158 3211/4218/4160 3208/4217/4159
f 3210/4219/4161 3211/4218/4160 3206/4216/4158
f 3211/4218/4160 3230/4220/4162 3208/4217/4159
f 3230/4220/4162 3035/4020/3968 3208/4217/4159
f 3210/4219/4161 3206/4216/4158 3189/4184/4128
f 3211/4218/4160 3232/4221/4163 3230/4220/4162
f 3360/4188/4132 3210/4219/4161 3189/4184/4128
f 3386/4222/4164 3211/4218/4160 3210/4219/4161
f 3387/4223/4165 3211/4218/4160 3386/4222/4164
f 3211/4218/4160 3388/4224/3970 3232/4221/4163
f 3211/4218/4160 3387/4223/4165 3388/4224/3970
f 3392/4225/4166 3405/4226/4167 3226/4227/4168
f 5807/4196/4139 5813/4228/4169 3214/4197/4140
f 3214/4197/4140 5813/4228/4169 3215/4229/4170
f 3216/4230/4171 3217/4231/4172 3215/4229/4170
f 3217/4231/4172 3214/4197/4140 3215/4229/4170
f 3217/4231/4172 3218/4201/4143 3214/4197/4140
f 3216/4230/4171 3219/4232/4173 3217/4231/4172
f 3217/4231/4172 5811/4210/4152 3218/4201/4143
f 3217/4231/4172 3221/4233/4174 5811/4210/4152
f 3217/4231/4172 3219/4232/4173 3221/4233/4174
f 3221/4233/4174 3219/4232/4173 3222/4234/4175
f 3223/4215/4157 3224/4235/4176 3401/4236/4177
f 5814/4237/4178 3224/4235/4176 3220/4209/4151
f 3220/4209/4151 3224/4235/4176 3223/4215/4157
f 3403/4238/4179 5815/4239/4180 5816/4240/4181
f 3225/4241/4182 3403/4238/4179 5816/4240/4181
f 3222/4234/4175 3225/4241/4182 5816/4240/4181
f 3403/4238/4179 3225/4241/4182 5817/4242/4183
f 3222/4234/4175 5816/4240/4181 3221/4233/4174
f 5817/4242/4183 5818/4243/4167 3403/4238/4179
f 3227/4244/4184 3034/4030/3979 3035/4020/3968
f 3228/4245/4185 3034/4030/3979 3227/4244/4184
f 3228/4245/4185 3043/4032/3981 3034/4030/3979
f 3229/4042/3991 3043/4032/3981 3228/4245/4185
f 3230/4220/4162 3227/4244/4184 3035/4020/3968
f 3231/4246/4186 3229/4042/3991 3228/4245/4185
f 3234/4247/4187 3229/4042/3991 3231/4246/4186
f 3232/4221/4163 3227/4244/4184 3230/4220/4162
f 3232/4221/4163 3228/4245/4185 3227/4244/4184
f 3233/4248/3144 3228/4245/4185 3232/4221/4163
f 3233/4248/3144 3231/4246/4186 3228/4245/4185
f 3234/4247/4187 3231/4246/4186 3233/4248/3144
f 3233/4248/3144 3232/4221/4163 3388/4224/3970
f 3413/4249/4188 3234/4247/4187 3233/4248/3144
f 3239/4250/4189 3234/4247/4187 3413/4249/4188
f 3234/4247/4187 3235/4043/3992 3229/4042/3991
f 3237/4251/4190 3235/4043/3992 3234/4247/4187
f 3237/4251/4190 3236/4044/3993 3235/4043/3992
f 3238/4252/4191 3236/4044/3993 3237/4251/4190
f 3238/4252/4191 3245/4253/4192 3236/4044/3993
f 3238/4252/4191 3234/4247/4187 3239/4250/4189
f 3238/4252/4191 3237/4251/4190 3234/4247/4187
f 3240/4254/4193 3245/4253/4192 3238/4252/4191
f 3419/4255/4194 3238/4252/4191 3239/4250/4189
f 3421/4256/4195 3238/4252/4191 3419/4255/4194
f 3421/4256/4195 3240/4254/4193 3238/4252/4191
f 3426/4257/4196 3240/4254/4193 3421/4256/4195
f 3242/4258/4197 3241/4045/3994 3236/4044/3993
f 3242/4258/4197 3243/4055/4003 3241/4045/3994
f 3242/4258/4197 3244/4056/4004 3243/4055/4003
f 3252/4259/4198 3251/4054/4002 3244/4056/4004
f 3242/4258/4197 3252/4259/4198 3244/4056/4004
f 3246/4260/4199 3236/4044/3993 3245/4253/4192
f 3246/4260/4199 3242/4258/4197 3236/4044/3993
f 3247/4261/4200 3242/4258/4197 3246/4260/4199
f 3247/4261/4200 3252/4259/4198 3242/4258/4197
f 3257/4262/4201 3252/4259/4198 3247/4261/4200
f 3245/4253/4192 3248/4263/4202 3246/4260/4199
f 3245/4253/4192 3240/4254/4193 3248/4263/4202
f 3248/4263/4202 3247/4261/4200 3246/4260/4199
f 3249/4264/4203 3257/4262/4201 3247/4261/4200
f 3240/4254/4193 3427/4265/4204 3248/4263/4202
f 3426/4257/4196 3427/4265/4204 3240/4254/4193
f 3427/4265/4204 3430/4266/4205 3248/4263/4202
f 3430/4266/4205 3247/4261/4200 3248/4263/4202
f 3430/4266/4205 3249/4264/4203 3247/4261/4200
f 3431/4267/4206 3249/4264/4203 3430/4266/4205
f 3440/4268/4207 3249/4264/4203 3431/4267/4206
f 3250/4269/4208 3064/4060/4008 3251/4054/4002
f 3250/4269/4208 3251/4054/4002 3252/4259/4198
f 3250/4269/4208 3253/4065/4013 3064/4060/4008
f 3254/4270/4209 3253/4065/4013 3250/4269/4208
f 3254/4270/4209 3255/4066/4014 3253/4065/4013
f 3262/4071/4019 3074/4067/4015 3255/4066/4014
f 3264/4271/4210 3262/4071/4019 3255/4066/4014
f 3252/4259/4198 3256/4272/4211 3250/4269/4208
f 3257/4262/4201 3256/4272/4211 3252/4259/4198
f 3250/4269/4208 3256/4272/4211 3254/4270/4209
f 3254/4270/4209 3258/4273/4212 3255/4066/4014
f 3258/4273/4212 3264/4271/4210 3255/4066/4014
f 3266/4274/4213 3264/4271/4210 3258/4273/4212
f 3249/4264/4203 3256/4272/4211 3257/4262/4201
f 3259/4275/4214 3256/4272/4211 3249/4264/4203
f 3259/4275/4214 3254/4270/4209 3256/4272/4211
f 3260/4276/4215 3254/4270/4209 3259/4275/4214
f 3260/4276/4215 3258/4273/4212 3254/4270/4209
f 3261/4277/4216 3258/4273/4212 3260/4276/4215
f 3266/4274/4213 3258/4273/4212 3261/4277/4216
f 3440/4268/4207 3259/4275/4214 3249/4264/4203
f 3438/4278/4217 3259/4275/4214 3440/4268/4207
f 3438/4278/4217 3260/4276/4215 3259/4275/4214
f 3437/4279/4218 3260/4276/4215 3438/4278/4217
f 3261/4277/4216 3260/4276/4215 3437/4279/4218
f 3443/4280/4219 3261/4277/4216 3437/4279/4218
f 3458/4281/4220 3261/4277/4216 3443/4280/4219
f 5819/4282/4221 3263/4072/4020 5796/4074/4022
f 3265/4283/4222 5820/4284/4223 3264/4271/4210
f 3266/4274/4213 3265/4283/4222 3264/4271/4210
f 3267/4285/4224 3265/4283/4222 3266/4274/4213
f 3268/4286/4225 5821/4287/4226 5822/4288/4227
f 3261/4277/4216 3267/4285/4224 3266/4274/4213
f 5822/4288/4227 3269/4289/4228 3268/4286/4225
f 3269/4289/4229 5824/4290/4230 3270/4291/4231
f 5823/4292/4232 3261/4277/4216 3458/4281/4220
f 3092/4088/4036 3286/4293/4233 3271/4093/4040
f 3103/4092/4039 3295/4294/3809 3092/4088/4036
f 3092/4088/4036 3295/4294/3809 3286/4293/4233
f 3274/4295/4234 3295/4294/3809 3103/4092/4039
f 3274/4295/4234 3103/4092/4039 3272/4100/4047
f 3274/4295/4234 3272/4100/4047 3101/4097/4044
f 3274/4295/4234 3101/4097/4044 3275/4296/4235
f 3275/4296/4235 3101/4097/4044 3273/4101/4048
f 3275/4296/4235 3273/4101/4048 3276/4102/4049
f 3275/4296/4235 3276/4102/4049 3277/4297/4236
f 3304/4114/4061 3277/4297/4236 3114/4113/4060
f 3277/4297/4236 3276/4102/4049 3114/4113/4060
f 3280/4127/4074 3279/4298/4237 3281/4128/4075
f 3280/4127/4074 3131/4125/4072 3278/4299/4238
f 3280/4127/4074 3278/4299/4238 3279/4298/4237
f 5801/4129/4075 3320/4300/4239 3282/4130/4076
f 3279/4298/4237 5826/4301/4239 3281/4128/4075
f 3283/4302/4035 3279/4298/4237 3278/4299/4238
f 3290/4303/4240 3283/4302/4035 3278/4299/4238
f 3324/4304/4241 5826/4301/4239 3279/4298/4237
f 3293/4305/4242 5827/4306/4237 5828/4307/4035
f 3290/4303/4240 5829/4308/4243 3283/4302/4035
f 3284/4309/4244 5802/4131/4077 3094/4091/4038
f 3284/4309/4244 3094/4091/4038 3271/4093/4040
f 3285/4310/4245 3284/4309/4244 3271/4093/4040
f 3285/4310/4245 3271/4093/4040 3286/4293/4233
f 3285/4310/4245 3286/4293/4233 3287/4311/4246
f 3287/4311/4246 3286/4293/4233 3295/4294/3809
f 3278/4299/4238 3131/4125/4072 5830/4312/4247
f 3287/4311/4246 3295/4294/3809 3288/4313/4248
f 3278/4299/4238 5830/4312/4247 3289/4314/4249
f 5831/4315/4250 3284/4309/4244 3285/4310/4245
f 3290/4303/4240 3278/4299/4238 3289/4314/4249
f 3285/4310/4245 3291/4316/4251 5831/4315/4250
f 3285/4310/4245 3287/4311/4246 3291/4316/4251
f 3299/4317/4252 3287/4311/4246 3288/4313/4248
f 3291/4316/4251 3287/4311/4246 3299/4317/4252
f 3292/4318/4253 5832/4319/4240 5831/4315/4250
f 5833/4320/4254 5832/4319/4240 3292/4318/4253
f 3294/4321/4255 3292/4318/4253 5831/4315/4250
f 3294/4321/4255 5831/4315/4250 3462/4322/4256
f 5831/4315/4250 3291/4316/4251 3462/4322/4256
f 3462/4322/4256 3291/4316/4251 3299/4317/4252
f 3294/4321/4255 5833/4320/4254 3292/4318/4253
f 3296/4323/4257 3295/4294/3809 3274/4295/4234
f 3288/4313/4248 3295/4294/3809 3296/4323/4257
f 3296/4323/4257 3274/4295/4234 3275/4296/4235
f 3296/4323/4257 3275/4296/4235 3297/4324/4258
f 3297/4324/4258 3275/4296/4235 3298/4325/4259
f 3298/4325/4259 3275/4296/4235 3277/4297/4236
f 3298/4325/4259 3277/4297/4236 3309/4326/4260
f 3299/4317/4252 3288/4313/4248 3296/4323/4257
f 3299/4317/4252 3296/4323/4257 3300/4327/4261
f 3300/4327/4261 3296/4323/4257 3297/4324/4258
f 3300/4327/4261 3297/4324/4258 3301/4328/4262
f 3301/4328/4262 3297/4324/4258 3298/4325/4259
f 3301/4328/4262 3298/4325/4259 3302/4329/4263
f 3302/4329/4263 3298/4325/4259 3309/4326/4260
f 3302/4329/4263 3309/4326/4260 3312/4330/4264
f 3302/4329/4263 3312/4330/4264 3472/4331/4265
f 3303/4332/4266 3277/4297/4236 3304/4114/4061
f 3303/4332/4266 3304/4114/4061 3305/4333/4267
f 3305/4333/4267 3304/4114/4061 3306/4115/4062
f 3307/4334/4268 3305/4333/4267 3306/4115/4062
f 3308/4335/4269 3307/4334/4268 3138/4132/4078
f 3307/4334/4268 3306/4115/4062 3138/4132/4078
f 3309/4326/4260 3277/4297/4236 3303/4332/4266
f 3303/4332/4266 3305/4333/4267 3309/4326/4260
f 3309/4326/4260 3305/4333/4267 3310/4336/4270
f 3310/4336/4270 3305/4333/4267 3307/4334/4268
f 3311/4337/4271 3310/4336/4270 3307/4334/4268
f 3317/4338/4272 3311/4337/4271 3308/4335/4269
f 3311/4337/4271 3307/4334/4268 3308/4335/4269
f 3309/4326/4260 3310/4336/4270 3312/4330/4264
f 3313/4339/4273 3312/4330/4264 3310/4336/4270
f 3313/4339/4273 3310/4336/4270 3314/4340/4274
f 3314/4340/4274 3310/4336/4270 3311/4337/4271
f 3315/4341/4275 3314/4340/4274 3311/4337/4271
f 3315/4341/4275 3311/4337/4271 3319/4342/4276
f 3311/4337/4271 3317/4338/4272 3319/4342/4276
f 3316/4343/4277 3472/4331/4265 3313/4339/4273
f 3472/4331/4265 3312/4330/4264 3313/4339/4273
f 3313/4339/4273 3314/4340/4274 3316/4343/4277
f 3474/4344/4278 3472/4331/4265 3316/4343/4277
f 3316/4343/4277 3330/4345/4279 3474/4344/4278
f 3314/4340/4274 3330/4345/4279 3316/4343/4277
f 3315/4341/4275 3330/4345/4279 3314/4340/4274
f 3139/4142/4088 3308/4335/4269 3138/4132/4078
f 3317/4338/4272 3308/4335/4269 3318/4144/4090
f 3308/4335/4269 3139/4142/4088 3318/4144/4090
f 3153/4143/4089 3317/4338/4272 3318/4144/4090
f 3317/4338/4272 3153/4143/4089 3332/4346/4280
f 3319/4342/4276 3317/4338/4272 3332/4346/4280
f 3322/4347/4281 3340/4348/4282 3147/4149/4095
f 3147/4149/4095 3340/4348/4282 3167/4150/4096
f 3321/4153/4098 3282/4130/4076 3320/4300/4239
f 3321/4153/4098 3147/4149/4095 3146/4152/4095
f 3147/4149/4095 3321/4153/4098 3322/4347/4281
f 5826/4301/4239 3324/4304/4241 3323/4349/4283
f 3320/4300/4239 3325/4350/4284 3321/4153/4098
f 5834/4351/4283 3325/4350/4284 3320/4300/4239
f 3325/4350/4284 3322/4347/4281 3321/4153/4098
f 3326/4352/4285 3323/4349/4283 3324/4304/4241
f 3327/4353/4286 3326/4352/4285 3324/4304/4241
f 3279/4298/4237 3327/4353/4286 3324/4304/4241
f 3327/4353/4286 3279/4298/4237 5829/4308/4254
f 3325/4350/4284 5834/4351/4283 3328/4354/4287
f 3328/4354/4287 3322/4347/4281 3325/4350/4284
f 3327/4353/4286 3475/4355/4288 3326/4352/4285
f 3475/4355/4288 3327/4353/4286 5829/4308/4254
f 5835/4356/4289 3328/4354/4287 5834/4351/4283
f 3315/4341/4275 3319/4342/4276 3329/4357/4290
f 3330/4345/4279 3315/4341/4275 3503/4358/4291
f 3315/4341/4275 3329/4357/4290 3503/4358/4291
f 3503/4358/4291 3329/4357/4290 3339/4359/4292
f 3332/4346/4280 3153/4143/4089 3331/4360/4293
f 3150/4154/4099 3331/4360/4293 3153/4143/4089
f 3333/4361/4294 3332/4346/4280 3331/4360/4293
f 3331/4360/4293 3150/4154/4099 3333/4361/4294
f 3334/4362/4295 3150/4154/4099 3152/4157/4102
f 3333/4361/4294 3150/4154/4099 3334/4362/4295
f 3334/4362/4295 3152/4157/4102 3346/4159/4104
f 3319/4342/4276 3332/4346/4280 3335/4363/4296
f 3336/4364/4297 3335/4363/4296 3333/4361/4294
f 3335/4363/4296 3332/4346/4280 3333/4361/4294
f 3334/4362/4295 3336/4364/4297 3333/4361/4294
f 3334/4362/4295 3349/4365/4298 3336/4364/4297
f 3334/4362/4295 3346/4159/4104 3349/4365/4298
f 3335/4363/4296 3329/4357/4290 3319/4342/4276
f 3337/4366/4299 3329/4357/4290 3335/4363/4296
f 3336/4364/4297 3337/4366/4299 3335/4363/4296
f 3337/4366/4299 3336/4364/4297 3338/4367/4300
f 3337/4366/4299 3339/4359/4292 3329/4357/4290
f 3514/4368/4301 3515/4369/4302 3338/4367/4300
f 3515/4369/4302 3339/4359/4292 3338/4367/4300
f 3339/4359/4292 3337/4366/4299 3338/4367/4300
f 3517/4370/4303 3514/4368/4301 3338/4367/4300
f 3340/4348/4282 3169/4165/4110 3167/4150/4096
f 3341/4371/4304 3169/4165/4110 3340/4348/4282
f 3169/4165/4110 3341/4371/4304 3168/4164/4109
f 3341/4371/4304 3170/4166/4111 3168/4164/4109
f 3342/4372/4305 3170/4166/4111 3341/4371/4304
f 3342/4372/4305 3356/4373/4306 3170/4166/4111
f 3341/4371/4304 3340/4348/4282 3322/4347/4281
f 3343/4374/4307 3342/4372/4305 3341/4371/4304
f 3322/4347/4281 3344/4375/4308 3341/4371/4304
f 3343/4374/4307 3341/4371/4304 3344/4375/4308
f 3342/4372/4305 3345/4376/4309 3356/4373/4306
f 3344/4375/4308 3518/4377/4310 3343/4374/4307
f 3518/4377/4310 3519/4378/4311 3343/4374/4307
f 3519/4378/4311 3342/4372/4305 3343/4374/4307
f 3345/4376/4309 3342/4372/4305 3519/4378/4311
f 3345/4376/4309 3519/4378/4311 3520/4379/4312
f 3344/4375/4308 3322/4347/4281 3328/4354/4287
f 3180/4176/4121 3346/4159/4104 3179/4167/4112
f 3180/4176/4121 3348/4380/4313 3346/4159/4104
f 3347/4381/4314 3180/4176/4121 3355/4382/4315
f 3348/4380/4313 3180/4176/4121 3347/4381/4314
f 3347/4381/4314 3355/4382/4315 3365/4383/4316
f 3349/4365/4298 3346/4159/4104 3348/4380/4313
f 3348/4380/4313 3347/4381/4314 3350/4384/4317
f 3365/4383/4316 3350/4384/4317 3347/4381/4314
f 3351/4385/4318 3338/4367/4300 3336/4364/4297
f 3336/4364/4297 3349/4365/4298 3351/4385/4318
f 3349/4365/4298 3348/4380/4313 3351/4385/4318
f 3348/4380/4313 3529/4386/4319 3351/4385/4318
f 3352/4387/4320 3348/4380/4313 3350/4384/4317
f 3529/4386/4319 3348/4380/4313 3352/4387/4320
f 3353/4388/4321 3352/4387/4320 3350/4384/4317
f 3529/4386/4319 3338/4367/4300 3351/4385/4318
f 3517/4370/4303 3338/4367/4300 3529/4386/4319
f 3352/4387/4320 3531/4389/4322 3529/4386/4319
f 3551/4390/4323 3352/4387/4320 3353/4388/4321
f 3531/4389/4322 3352/4387/4320 3551/4390/4323
f 3354/4179/4124 3355/4382/4315 3180/4176/4121
f 3377/4180/4125 3365/4383/4316 3354/4179/4124
f 3354/4179/4124 3365/4383/4316 3355/4382/4315
f 3356/4373/4306 3357/4186/4130 3170/4166/4111
f 3357/4186/4130 3358/4391/4324 3359/4187/4131
f 3360/4188/4132 3359/4187/4131 3358/4391/4324
f 3361/4392/4325 3357/4186/4130 3356/4373/4306
f 3361/4392/4325 3362/4393/4326 3357/4186/4130
f 3357/4186/4130 3362/4393/4326 3358/4391/4324
f 3360/4188/4132 3358/4391/4324 3362/4393/4326
f 3345/4376/4309 3361/4392/4325 3356/4373/4306
f 3363/4394/4327 3361/4392/4325 3345/4376/4309
f 3361/4392/4325 3363/4394/4327 3362/4393/4326
f 3360/4188/4132 3362/4393/4326 3364/4395/4328
f 3520/4379/4312 3363/4394/4327 3345/4376/4309
f 3362/4393/4326 3363/4394/4327 3543/4396/4329
f 3543/4396/4329 3364/4395/4328 3362/4393/4326
f 3542/4397/4330 3364/4395/4328 3543/4396/4329
f 3364/4395/4328 3542/4397/4330 3545/4398/4331
f 3366/4399/4332 3367/4400/4333 3368/4401/4334
f 3367/4400/4333 3366/4399/4332 3369/4402/4335
f 3393/4403/4336 3367/4400/4333 3369/4402/4335
f 3350/4384/4317 3365/4383/4316 3370/4404/4337
f 3382/4405/4338 3370/4404/4337 3365/4383/4316
f 3394/4406/4339 3393/4403/4336 3369/4402/4335
f 3370/4404/4337 3353/4388/4321 3350/4384/4317
f 3370/4404/4337 3551/4390/4323 3353/4388/4321
f 3371/4407/4340 3372/4408/4341 3373/4409/4342
f 3374/4410/4343 3370/4404/4337 3382/4405/4338
f 3551/4390/4323 3370/4404/4337 3374/4410/4343
f 3374/4410/4343 3382/4405/4338 3384/4411/4344
f 3374/4410/4343 3384/4411/4344 3375/4412/4345
f 3385/4413/4346 3375/4412/4345 3384/4411/4344
f 3376/4414/4347 5836/4415/4348 5837/4416/4349
f 3374/4410/4343 3554/4417/4350 3551/4390/4323
f 5836/4415/4348 3376/4414/4347 3557/4418/4351
f 3556/4419/4352 5836/4415/4348 3557/4418/4351
f 3375/4412/4345 3554/4417/4350 3374/4410/4343
f 3375/4412/4345 3385/4413/4346 3411/4420/4353
f 3587/4421/4354 5838/4422/4355 5839/4423/4356
f 3554/4417/4350 3375/4412/4345 5840/4424/4357
f 3377/4180/4125 3378/4211/4153 3365/4383/4316
f 5841/4425/4358 3378/4211/4153 3379/4212/4154
f 5841/4425/4358 3381/4426/4359 3378/4211/4153
f 3223/4215/4157 5842/4427/4360 3380/4214/4156
f 3223/4215/4157 3402/4428/4361 5842/4427/4360
f 3365/4383/4316 3378/4211/4153 3382/4405/4338
f 3381/4426/4359 3382/4405/4338 3378/4211/4153
f 3381/4426/4359 3383/4429/4362 3382/4405/4338
f 5843/4430/4363 3383/4429/4362 3381/4426/4359
f 3383/4429/4362 3384/4411/4344 3382/4405/4338
f 3384/4411/4344 3383/4429/4362 3385/4413/4346
f 3383/4429/4362 5843/4430/4363 3385/4413/4346
f 3386/4222/4164 3210/4219/4161 3360/4188/4132
f 3387/4223/4165 3412/4431/4364 3388/4224/3970
f 3389/4432/4365 3386/4222/4164 3360/4188/4132
f 3389/4432/4365 3387/4223/4165 3386/4222/4164
f 3390/4433/4366 3387/4223/4165 3389/4432/4365
f 3390/4433/4366 3415/4434/4367 3387/4223/4165
f 3387/4223/4165 3415/4434/4367 3412/4431/4364
f 3364/4395/4328 3389/4432/4365 3360/4188/4132
f 3391/4435/4368 3390/4433/4366 3389/4432/4365
f 3545/4398/4331 3389/4432/4365 3364/4395/4328
f 3580/4436/4369 3390/4433/4366 3391/4435/4368
f 3580/4436/4369 3601/4437/4370 3390/4433/4366
f 3390/4433/4366 3601/4437/4370 3415/4434/4367
f 3392/4225/4166 3406/4438/4371 3405/4226/4167
f 3393/4403/4336 3394/4406/4339 3395/4439/4352
f 3396/4440/4372 3393/4403/4336 3395/4439/4352
f 3397/4441/4373 3393/4403/4336 3396/4440/4372
f 3396/4440/4372 3395/4439/4352 3398/4442/4374
f 5844/4443/4375 5845/4444/4376 3410/4445/4377
f 3396/4440/4378 5846/4446/4379 3408/4447/4380
f 5845/4444/4376 5847/4448/4381 3410/4445/4377
f 5848/4449/4382 3587/4421/4354 5839/4423/4356
f 3585/4450/4383 5848/4449/4382 3399/4451/4384
f 5848/4449/4382 3585/4450/4383 3587/4421/4354
f 3400/4452/4385 3591/4453/4386 3399/4451/4384
f 3591/4453/4386 3585/4450/4383 3399/4451/4384
f 3400/4452/4385 3592/4454/4387 3591/4453/4386
f 3401/4236/4177 3402/4428/4361 3223/4215/4157
f 3403/4238/4179 3404/4455/4388 5815/4239/4180
f 3403/4238/4179 5818/4243/4167 3404/4455/4388
f 3404/4455/4388 5818/4243/4167 5849/4456/4389
f 3401/4236/4177 3407/4457/4390 3402/4428/4361
f 5850/4458/4380 5851/4459/4391 3409/4460/4392
f 5851/4459/4391 3404/4455/4388 3409/4460/4392
f 5851/4459/4391 5815/4239/4180 3404/4455/4388
f 5849/4456/4389 3409/4460/4392 3404/4455/4388
f 3407/4457/4390 5852/4461/4393 3402/4428/4361
f 3407/4457/4390 5853/4462/4394 5852/4461/4393
f 5851/4459/4391 5850/4458/4380 5854/4463/4395
f 5855/4464/4396 5854/4463/4397 5839/4423/4398
f 3412/4431/4364 3233/4248/3144 3388/4224/3970
f 3412/4431/4364 3413/4249/4188 3233/4248/3144
f 3414/4465/4399 3239/4250/4189 3413/4249/4188
f 3419/4255/4194 3239/4250/4189 3414/4465/4399
f 3416/4466/4400 3412/4431/4364 3415/4434/4367
f 3416/4466/4400 3413/4249/4188 3412/4431/4364
f 3414/4465/4399 3413/4249/4188 3416/4466/4400
f 3418/4467/4401 3419/4255/4194 3414/4465/4399
f 3417/4468/4402 3414/4465/4399 3416/4466/4400
f 3418/4467/4401 3414/4465/4399 3417/4468/4402
f 3601/4437/4370 3416/4466/4400 3415/4434/4367
f 3600/4469/4403 3416/4466/4400 3601/4437/4370
f 3600/4469/4403 3417/4468/4402 3416/4466/4400
f 3602/4470/4404 3418/4467/4401 3417/4468/4402
f 3609/4471/4405 3418/4467/4401 3602/4470/4404
f 3420/4472/4406 3421/4256/4195 3419/4255/4194
f 3422/4473/4407 3421/4256/4195 3420/4472/4406
f 3423/4474/4408 3421/4256/4195 3422/4473/4407
f 3423/4474/4408 3426/4257/4196 3421/4256/4195
f 3418/4467/4401 3420/4472/4406 3419/4255/4194
f 3422/4473/4407 3420/4472/4406 3418/4467/4401
f 3425/4475/3775 3426/4257/4196 3423/4474/4408
f 3424/4476/4409 3422/4473/4407 3418/4467/4401
f 3424/4476/4409 3423/4474/4408 3422/4473/4407
f 3425/4475/3775 3423/4474/4408 3424/4476/4409
f 3609/4471/4405 3424/4476/4409 3418/4467/4401
f 3608/4477/4410 3424/4476/4409 3609/4471/4405
f 3611/4478/4411 3424/4476/4409 3608/4477/4410
f 3611/4478/4411 3425/4475/3775 3424/4476/4409
f 3613/4479/4412 3425/4475/3775 3611/4478/4411
f 3428/4480/4413 3427/4265/4204 3426/4257/4196
f 3429/4481/4414 3430/4266/4205 3427/4265/4204
f 3428/4480/4413 3429/4481/4414 3427/4265/4204
f 3431/4267/4206 3430/4266/4205 3429/4481/4414
f 3439/4482/4415 3440/4268/4207 3431/4267/4206
f 3425/4475/3775 3428/4480/4413 3426/4257/4196
f 3432/4483/4416 3429/4481/4414 3428/4480/4413
f 3433/4484/4417 3431/4267/4206 3429/4481/4414
f 3434/4485/4418 3433/4484/4417 3429/4481/4414
f 3432/4483/4416 3434/4485/4418 3429/4481/4414
f 3433/4484/4417 3439/4482/4415 3431/4267/4206
f 3433/4484/4417 3434/4485/4418 3446/4486/4419
f 3433/4484/4417 3446/4486/4419 3439/4482/4415
f 3435/4487/4420 3428/4480/4413 3425/4475/3775
f 3435/4487/4420 3432/4483/4416 3428/4480/4413
f 3436/4488/4421 3434/4485/4418 3432/4483/4416
f 3436/4488/4421 3446/4486/4419 3434/4485/4418
f 3449/4489/4422 3446/4486/4419 3436/4488/4421
f 3613/4479/4412 3435/4487/4420 3425/4475/3775
f 3436/4488/4421 3432/4483/4416 3435/4487/4420
f 3621/4490/4423 5856/4491/4424 5857/4492/4421
f 3630/4493/4425 5856/4491/4424 3621/4490/4423
f 3437/4279/4218 3438/4278/4217 3439/4482/4415
f 3438/4278/4217 3440/4268/4207 3439/4482/4415
f 3441/4494/4426 3437/4279/4218 3439/4482/4415
f 3437/4279/4218 3441/4494/4426 3442/4495/4017
f 3442/4495/4017 3443/4280/4219 3437/4279/4218
f 3444/4496/4427 3443/4280/4219 3442/4495/4017
f 3457/4497/4428 5824/4290/4230 3445/4498/4429
f 5824/4290/4230 5858/4499/4430 3445/4498/4429
f 3458/4281/4220 3443/4280/4219 3444/4496/4427
f 3446/4486/4419 3441/4494/4426 3439/4482/4415
f 3447/4500/4431 3442/4495/4017 3441/4494/4426
f 5858/4499/4430 5859/4501/4431 3448/4502/4432
f 3444/4496/4427 3442/4495/4017 3447/4500/4431
f 3448/4502/4432 3445/4498/4429 5858/4499/4430
f 3449/4489/4422 3441/4494/4426 3446/4486/4419
f 3450/4503/4433 5860/4504/4434 5856/4491/4424
f 3451/4505/4435 5859/4501/4431 3450/4503/4433
f 5859/4501/4431 5860/4504/4434 3450/4503/4433
f 3452/4506/4436 3451/4505/4435 3450/4503/4433
f 3451/4505/4435 3448/4502/4432 5859/4501/4431
f 3455/4507/4437 3448/4502/4432 3451/4505/4435
f 3453/4508/4438 3455/4507/4437 3451/4505/4435
f 3452/4506/4436 3453/4508/4438 3451/4505/4435
f 3450/4503/4433 5856/4491/4424 3630/4493/4425
f 3631/4509/4439 3450/4503/4433 3630/4493/4425
f 3631/4509/4439 3452/4506/4436 3450/4503/4433
f 3634/4510/4440 3452/4506/4436 3631/4509/4439
f 3453/4508/4438 3634/4510/4440 3641/4511/4441
f 3453/4508/4438 3452/4506/4436 3634/4510/4440
f 5861/4512/4442 3454/4513/4443 5862/4514/4444
f 5863/4515/4445 3637/4516/4446 5861/4512/4442
f 3637/4516/4446 3454/4513/4443 5861/4512/4442
f 3637/4516/4446 3456/4517/4447 3454/4513/4443
f 3457/4497/4428 3270/4291/4231 5824/4290/4230
f 3270/4291/4231 3457/4497/4428 3459/4518/4448
f 3457/4497/4428 3461/4519/4449 3459/4518/4448
f 3460/4520/4450 3459/4518/4448 3461/4519/4449
f 3299/4317/4252 3467/4521/4451 3462/4322/4256
f 3486/4522/4452 5833/4320/4254 3294/4321/4255
f 3463/4523/4453 3486/4522/4452 3294/4321/4255
f 3463/4523/4453 3294/4321/4255 3462/4322/4256
f 3463/4523/4453 3462/4322/4256 3464/4524/4454
f 3464/4524/4454 3462/4322/4256 3467/4521/4451
f 3463/4523/4453 3464/4524/4454 3465/4525/4455
f 3493/4526/4456 3464/4524/4454 3467/4521/4451
f 3493/4526/4456 3465/4525/4455 3464/4524/4454
f 3300/4327/4261 3466/4527/4457 3299/4317/4252
f 3299/4317/4252 3466/4527/4457 3467/4521/4451
f 3301/4328/4262 3468/4528/4458 3300/4327/4261
f 3300/4327/4261 3468/4528/4458 3466/4527/4457
f 3302/4329/4263 3469/4529/4459 3301/4328/4262
f 3301/4328/4262 3469/4529/4459 3468/4528/4458
f 3302/4329/4263 3472/4331/4265 3469/4529/4459
f 3469/4529/4459 3472/4331/4265 3473/4530/4460
f 3470/4531/4461 3467/4521/4451 3466/4527/4457
f 3470/4531/4461 3493/4526/4456 3467/4521/4451
f 3471/4532/4462 3466/4527/4457 3468/4528/4458
f 3471/4532/4462 3470/4531/4461 3466/4527/4457
f 3471/4532/4462 3469/4529/4459 3492/4533/4463
f 3471/4532/4462 3468/4528/4458 3469/4529/4459
f 3469/4529/4459 3473/4530/4460 3492/4533/4463
f 3500/4534/4464 3473/4530/4460 3474/4344/4278
f 3473/4530/4460 3472/4331/4265 3474/4344/4278
f 3330/4345/4279 3500/4534/4464 3474/4344/4278
f 3475/4355/4288 5829/4308/4254 3476/4535/4465
f 3477/4536/4466 3478/4537/4467 3475/4355/4288
f 3478/4537/4467 3326/4352/4285 3475/4355/4288
f 3477/4536/4466 3475/4355/4288 3476/4535/4465
f 3479/4538/4468 3480/4539/4469 5835/4356/4289
f 5835/4356/4289 3480/4539/4469 3328/4354/4287
f 5835/4356/4289 5865/4540/4470 3479/4538/4468
f 3328/4354/4287 3480/4539/4469 3481/4541/4471
f 3482/4542/4472 5866/4543/4470 5867/4544/4466
f 3482/4542/4472 5867/4544/4466 5868/4545/4473
f 3484/4546/4474 3482/4542/4472 5868/4545/4473
f 3479/4538/4468 3483/4547/4475 3480/4539/4469
f 5869/4548/4476 3478/4537/4470 5870/4549/4477
f 5871/4550/4475 5869/4548/4476 5870/4549/4477
f 3481/4541/4471 3480/4539/4469 3483/4547/4475
f 5871/4550/4475 5870/4549/4477 3485/4551/4478
f 3482/4542/4472 3484/4546/4474 5872/4552/4478
f 3526/4553/4479 3481/4541/4471 3483/4547/4475
f 5872/4552/4478 3484/4546/4474 3491/4554/4480
f 3653/4555/4481 3692/4556/4482 5871/4550/4475
f 3483/4547/4475 5873/4557/4482 3526/4553/4479
f 5871/4550/4475 3485/4551/4478 3653/4555/4481
f 5868/4545/4473 5833/4320/4254 3486/4522/4452
f 5868/4545/4473 3486/4522/4452 3487/4558/4483
f 3487/4558/4483 3486/4522/4452 3463/4523/4453
f 3484/4546/4474 5868/4545/4473 3487/4558/4483
f 3487/4558/4483 3463/4523/4453 3488/4559/4484
f 3489/4560/4485 3463/4523/4453 3465/4525/4455
f 3488/4559/4484 3463/4523/4453 3489/4560/4485
f 3489/4560/4485 3465/4525/4455 3493/4526/4456
f 3490/4561/4486 3484/4546/4474 3487/4558/4483
f 3490/4561/4486 3487/4558/4483 3488/4559/4484
f 3493/4526/4456 3498/4562/4487 3489/4560/4485
f 3484/4546/4474 3490/4561/4486 3491/4554/4480
f 3657/4563/4488 3490/4561/4486 3488/4559/4484
f 3657/4563/4488 3488/4559/4484 3489/4560/4485
f 3492/4533/4463 3473/4530/4460 3506/4564/4489
f 3470/4531/4461 3471/4532/4462 3494/4565/4490
f 3494/4565/4490 3471/4532/4462 3492/4533/4463
f 3495/4566/4491 3494/4565/4490 3492/4533/4463
f 3495/4566/4491 3506/4564/4489 3496/4567/4492
f 3495/4566/4491 3492/4533/4463 3506/4564/4489
f 3470/4531/4461 3497/4568/4493 3493/4526/4456
f 3493/4526/4456 3497/4568/4493 3498/4562/4487
f 3470/4531/4461 3494/4565/4490 3497/4568/4493
f 3494/4565/4490 3495/4566/4491 3667/4569/4494
f 3667/4569/4494 3495/4566/4491 3496/4567/4492
f 3676/4570/4495 3667/4569/4494 3496/4567/4492
f 3499/4571/4496 3473/4530/4460 3500/4534/4464
f 3501/4572/4497 3499/4571/4496 3502/4573/4498
f 3502/4573/4498 3499/4571/4496 3330/4345/4279
f 3499/4571/4496 3500/4534/4464 3330/4345/4279
f 3330/4345/4279 3503/4358/4291 3502/4573/4498
f 3503/4358/4291 3504/4574/4499 3502/4573/4498
f 3339/4359/4292 3504/4574/4499 3503/4358/4291
f 3505/4575/4500 3504/4574/4499 3514/4368/4301
f 3514/4368/4301 3504/4574/4499 3515/4369/4302
f 3504/4574/4499 3339/4359/4292 3515/4369/4302
f 3516/4576/4501 3505/4575/4500 3514/4368/4301
f 3499/4571/4496 3506/4564/4489 3473/4530/4460
f 3507/4577/4502 3506/4564/4489 3499/4571/4496
f 3499/4571/4496 3501/4572/4497 3507/4577/4502
f 3508/4578/4503 3507/4577/4502 3501/4572/4497
f 3508/4578/4503 3501/4572/4497 3502/4573/4498
f 3502/4573/4498 3504/4574/4499 3508/4578/4503
f 3509/4579/4504 3508/4578/4503 3504/4574/4499
f 3504/4574/4499 3505/4575/4500 3509/4579/4504
f 3505/4575/4500 3516/4576/4501 3528/4580/4505
f 3509/4579/4504 3505/4575/4500 3528/4580/4505
f 3506/4564/4489 3507/4577/4502 3496/4567/4492
f 3496/4567/4492 3507/4577/4502 3510/4581/4506
f 3511/4582/4507 3510/4581/4506 3508/4578/4503
f 3510/4581/4506 3507/4577/4502 3508/4578/4503
f 3512/4583/4508 3511/4582/4507 3508/4578/4503
f 3512/4583/4508 3508/4578/4503 3509/4579/4504
f 3513/4584/3094 3512/4583/4508 3509/4579/4504
f 3509/4579/4504 3528/4580/4505 3513/4584/3094
f 3676/4570/4495 3510/4581/4506 3511/4582/4507
f 3676/4570/4495 3496/4567/4492 3510/4581/4506
f 3677/4585/4509 3511/4582/4507 3512/4583/4508
f 3699/4586/4510 3677/4585/4509 3513/4584/3094
f 3677/4585/4509 3512/4583/4508 3513/4584/3094
f 3528/4580/4505 3516/4576/4501 3517/4370/4303
f 3516/4576/4501 3514/4368/4301 3517/4370/4303
f 3523/4587/4511 3518/4377/4310 3344/4375/4308
f 3521/4588/4512 3518/4377/4310 3523/4587/4511
f 3518/4377/4310 3521/4588/4512 3519/4378/4311
f 3519/4378/4311 3546/4589/4513 3520/4379/4312
f 3521/4588/4512 3546/4589/4513 3519/4378/4311
f 3525/4590/4514 3521/4588/4512 3523/4587/4511
f 3549/4591/4515 3546/4589/4513 3521/4588/4512
f 3525/4590/4514 3691/4592/4516 3521/4588/4512
f 3522/4593/4517 3521/4588/4512 3691/4592/4516
f 3522/4593/4517 3549/4591/4515 3521/4588/4512
f 3719/4594/4515 3549/4591/4515 3522/4593/4517
f 3344/4375/4308 3328/4354/4287 3481/4541/4471
f 3344/4375/4308 3481/4541/4471 3523/4587/4511
f 3524/4595/4518 3525/4590/4514 3481/4541/4471
f 3525/4590/4514 3523/4587/4511 3481/4541/4471
f 3524/4595/4518 3481/4541/4471 3526/4553/4479
f 3690/4596/4519 3691/4592/4516 3524/4595/4518
f 3524/4595/4518 3691/4592/4516 3525/4590/4514
f 3524/4595/4518 3526/4553/4479 5873/4557/4482
f 3524/4595/4518 5873/4557/4482 3690/4596/4519
f 3535/4597/4520 3513/4584/3094 3528/4580/4505
f 3699/4586/4510 3513/4584/3094 3535/4597/4520
f 3712/4598/4521 3699/4586/4510 3535/4597/4520
f 3703/4599/4522 3725/4600/4523 3539/4601/4524
f 3527/4602/4525 3528/4580/4505 3517/4370/4303
f 3517/4370/4303 3529/4386/4319 3527/4602/4525
f 3527/4602/4525 3529/4386/4319 3530/4603/4526
f 3531/4389/4322 3530/4603/4526 3529/4386/4319
f 3531/4389/4322 3552/4604/4527 3530/4603/4526
f 3531/4389/4322 3551/4390/4323 3552/4604/4527
f 3532/4605/4528 3528/4580/4505 3527/4602/4525
f 3527/4602/4525 3530/4603/4526 3532/4605/4528
f 3530/4603/4526 3533/4606/4529 3532/4605/4528
f 3534/4607/4530 3533/4606/4529 3530/4603/4526
f 3530/4603/4526 3552/4604/4527 3534/4607/4530
f 3534/4607/4530 3552/4604/4527 3561/4608/4531
f 3528/4580/4505 3532/4605/4528 3535/4597/4520
f 3535/4597/4520 3532/4605/4528 3536/4609/4532
f 3537/4610/4533 3536/4609/4532 3532/4605/4528
f 3532/4605/4528 3538/4611/4534 3537/4610/4533
f 3532/4605/4528 3533/4606/4529 3538/4611/4534
f 3533/4606/4529 3534/4607/4530 3571/4612/4535
f 3538/4611/4534 3533/4606/4529 3571/4612/4535
f 3561/4608/4531 3571/4612/4535 3534/4607/4530
f 3535/4597/4520 3536/4609/4532 3712/4598/4521
f 3536/4609/4532 3537/4610/4533 3540/4613/4536
f 3712/4598/4521 3536/4609/4532 3540/4613/4536
f 3538/4611/4534 3540/4613/4536 3537/4610/4533
f 3538/4611/4534 3732/4614/4537 3540/4613/4536
f 3538/4611/4534 3571/4612/4535 3732/4614/4537
f 3541/4615/4538 3363/4394/4327 3520/4379/4312
f 3543/4396/4329 3363/4394/4327 3541/4615/4538
f 3543/4396/4329 3541/4615/4538 3542/4397/4330
f 3545/4398/4331 3542/4397/4330 3544/4616/4539
f 3547/4617/4540 3520/4379/4312 3546/4589/4513
f 3547/4617/4540 3541/4615/4538 3520/4379/4312
f 3542/4397/4330 3541/4615/4538 3547/4617/4540
f 3542/4397/4330 3547/4617/4540 3548/4618/4541
f 3548/4618/4541 3544/4616/4539 3542/4397/4330
f 3546/4589/4513 3549/4591/4515 3547/4617/4540
f 3547/4617/4540 3550/4619/4542 3548/4618/4541
f 3549/4591/4515 3550/4619/4542 3547/4617/4540
f 3584/4620/4543 3544/4616/4539 3548/4618/4541
f 3719/4594/4515 3550/4619/4542 3549/4591/4515
f 3720/4621/4544 3771/4622/3761 3550/4619/4542
f 3550/4619/4542 3771/4622/3761 3548/4618/4541
f 3771/4622/3761 3584/4620/4543 3548/4618/4541
f 3725/4600/4523 3728/4623/4545 3539/4601/4524
f 3553/4624/4546 3552/4604/4527 3551/4390/4323
f 3551/4390/4323 3554/4417/4350 3553/4624/4546
f 3555/4625/4547 3556/4419/4352 3557/4418/4351
f 3554/4417/4350 3558/4626/4548 3553/4624/4546
f 3559/4627/4549 3560/4628/4550 3555/4625/4547
f 3556/4419/4352 3555/4625/4547 3560/4628/4550
f 5840/4424/4357 3558/4626/4548 3554/4417/4350
f 5840/4424/4357 3586/4629/4551 3558/4626/4548
f 3552/4604/4527 3562/4630/4552 3561/4608/4531
f 3563/4631/4553 3564/4632/4554 3565/4633/4555
f 3563/4631/4553 3565/4633/4555 3566/4634/4556
f 3567/4635/4557 3552/4604/4527 3553/4624/4546
f 3562/4630/4552 3552/4604/4527 3567/4635/4557
f 3566/4634/4556 3559/4627/4549 3563/4631/4553
f 3568/4636/4558 3559/4627/4549 3566/4634/4556
f 3553/4624/4546 3558/4626/4548 3569/4637/4559
f 3568/4636/4558 3570/4638/4560 3559/4627/4549
f 3559/4627/4549 3570/4638/4560 3560/4628/4550
f 3586/4629/4551 3569/4637/4559 3558/4626/4548
f 3586/4629/4551 3593/4639/4561 3569/4637/4559
f 3561/4608/4531 3562/4630/4552 3571/4612/4535
f 3566/4634/4556 3565/4633/4555 3572/4640/4562
f 3566/4634/4556 3572/4640/4562 3573/4641/4563
f 3567/4635/4557 3574/4642/4564 3562/4630/4552
f 3573/4641/4563 3568/4636/4558 3566/4634/4556
f 3575/4643/4565 3568/4636/4558 3573/4641/4563
f 3567/4635/4557 3553/4624/4546 3576/4644/4566
f 3574/4642/4564 3567/4635/4557 3576/4644/4566
f 3569/4637/4559 3576/4644/4566 3553/4624/4546
f 3576/4644/4566 3569/4637/4559 3577/4645/4567
f 3569/4637/4559 3593/4639/4561 3577/4645/4567
f 3727/4646/4568 3539/4601/4524 3728/4623/4545
f 3578/4647/4569 5874/4648/4570 5875/4649/4571
f 3733/4650/4572 3732/4614/4537 3571/4612/4535
f 3571/4612/4535 3562/4630/4552 3733/4650/4572
f 5875/4649/4571 3735/4651/4573 3578/4647/4569
f 5876/4652/4574 5877/4653/4575 3572/4640/4562
f 3573/4641/4563 3572/4640/4562 5877/4653/4575
f 3573/4641/4563 5877/4653/4575 3736/4654/4576
f 3574/4642/4564 3733/4650/4572 3562/4630/4552
f 3574/4642/4564 3738/4655/4577 3733/4650/4572
f 3736/4654/4576 3575/4643/4565 3573/4641/4563
f 3740/4656/4578 3575/4643/4565 3736/4654/4576
f 3576/4644/4566 3738/4655/4577 3574/4642/4564
f 5878/4657/4579 3742/4658/4580 5879/4659/4581
f 5880/4660/4582 5881/4661/4583 3747/4662/4584
f 3747/4662/4584 5881/4661/4583 3782/4663/4585
f 3544/4616/4539 3389/4432/4365 3545/4398/4331
f 3579/4664/4586 3389/4432/4365 3544/4616/4539
f 3579/4664/4586 3391/4435/4368 3389/4432/4365
f 3579/4664/4586 3580/4436/4369 3391/4435/4368
f 3580/4436/4369 3599/4665/4587 3601/4437/4370
f 3581/4666/4588 3579/4664/4586 3544/4616/4539
f 3581/4666/4588 3580/4436/4369 3579/4664/4586
f 3582/4667/4589 3580/4436/4369 3581/4666/4588
f 3582/4667/4589 3599/4665/4587 3580/4436/4369
f 3584/4620/4543 3581/4666/4588 3544/4616/4539
f 3583/4668/4590 3582/4667/4589 3581/4666/4588
f 3771/4622/3761 3766/4669/3860 3584/4620/4543
f 3584/4620/4543 3766/4669/3860 3581/4666/4588
f 3766/4669/3860 3583/4668/4590 3581/4666/4588
f 3767/4670/4591 3582/4667/4589 3583/4668/4590
f 3585/4450/4383 5882/4671/4592 3587/4421/4354
f 3585/4450/4383 3588/4672/4593 5882/4671/4592
f 3589/4673/4594 3588/4672/4593 3590/4674/4595
f 3588/4672/4593 3591/4453/4386 3590/4674/4595
f 3588/4672/4593 3585/4450/4383 3591/4453/4386
f 3592/4454/4387 3590/4674/4595 3591/4453/4386
f 3588/4672/4593 5881/4661/4583 5882/4671/4592
f 3588/4672/4593 3594/4675/4596 5881/4661/4583
f 3588/4672/4593 3589/4673/4594 3594/4675/4596
f 3594/4675/4596 3589/4673/4594 3595/4676/4597
f 3594/4675/4596 3596/4677/4598 5881/4661/4583
f 3597/4678/4599 3598/4679/4600 5883/4680/4601
f 3594/4675/4596 3595/4676/4597 3596/4677/4598
f 3596/4677/4598 3595/4676/4597 5884/4681/4602
f 3596/4677/4598 3782/4663/4585 5881/4661/4583
f 3596/4677/4598 3781/4682/4603 3782/4663/4585
f 3596/4677/4598 5884/4681/4602 3781/4682/4603
f 3781/4682/4603 5884/4681/4602 3783/4683/4604
f 3599/4665/4587 3600/4469/4403 3601/4437/4370
f 3602/4470/4404 3417/4468/4402 3600/4469/4403
f 3603/4684/4605 3609/4471/4405 3602/4470/4404
f 3607/4685/4606 3609/4471/4405 3603/4684/4605
f 3604/4686/4607 3600/4469/4403 3599/4665/4587
f 3604/4686/4607 3602/4470/4404 3600/4469/4403
f 3603/4684/4605 3602/4470/4404 3604/4686/4607
f 3605/4687/4608 3607/4685/4606 3603/4684/4605
f 3582/4667/4589 3604/4686/4607 3599/4665/4587
f 3605/4687/4608 3603/4684/4605 3604/4686/4607
f 3606/4688/4609 3607/4685/4606 3605/4687/4608
f 3615/4689/4610 3607/4685/4606 3606/4688/4609
f 3767/4670/4591 3604/4686/4607 3582/4667/4589
f 3796/4690/4611 3604/4686/4607 3767/4670/4591
f 3796/4690/4611 3605/4687/4608 3604/4686/4607
f 3796/4690/4611 3606/4688/4609 3605/4687/4608
f 3607/4685/4606 3608/4477/4410 3609/4471/4405
f 3610/4691/4612 3608/4477/4410 3607/4685/4606
f 3610/4691/4612 3611/4478/4411 3608/4477/4410
f 3612/4692/4613 3611/4478/4411 3610/4691/4612
f 3613/4479/4412 3611/4478/4411 3612/4692/4613
f 3614/4693/4614 3613/4479/4412 3612/4692/4613
f 3615/4689/4610 3610/4691/4612 3607/4685/4606
f 3616/4694/4615 3610/4691/4612 3615/4689/4610
f 3616/4694/4615 3612/4692/4613 3610/4691/4612
f 3616/4694/4615 3614/4693/4614 3612/4692/4613
f 3617/4695/4616 3614/4693/4614 3616/4694/4615
f 3614/4693/4614 3617/4695/4616 3618/4696/4617
f 3805/4697/4618 3617/4695/4616 3616/4694/4615
f 3808/4698/4619 3617/4695/4616 3805/4697/4618
f 3617/4695/4616 3808/4698/4619 3618/4696/4617
f 3618/4696/4617 3808/4698/4619 3817/4699/4620
f 3614/4693/4614 3435/4487/4420 3613/4479/4412
f 3619/4700/4621 3435/4487/4420 3614/4693/4614
f 3619/4700/4621 3436/4488/4421 3435/4487/4420
f 3620/4701/4622 3436/4488/4421 3619/4700/4621
f 3621/4490/4423 5857/4492/4421 5885/4702/4622
f 3621/4490/4423 3632/4703/4623 3630/4493/4425
f 3619/4700/4621 3614/4693/4614 3622/4704/4624
f 3622/4704/4624 3620/4701/4622 3619/4700/4621
f 5886/4705/4625 3623/4706/4626 5885/4702/4622
f 3623/4706/4626 3621/4490/4423 5885/4702/4622
f 3623/4706/4626 3632/4703/4623 3621/4490/4423
f 3636/4707/4627 3632/4703/4623 3623/4706/4626
f 3618/4696/4617 3622/4704/4624 3614/4693/4614
f 3624/4708/4628 3622/4704/4624 3618/4696/4617
f 5887/4709/4629 3623/4706/4626 5886/4705/4625
f 3625/4710/4630 3623/4706/4626 5887/4709/4629
f 3626/4711/4631 3623/4706/4626 3625/4710/4630
f 3636/4707/4627 3626/4711/4631 3627/4712/4632
f 3636/4707/4627 3623/4706/4626 3626/4711/4631
f 3817/4699/4620 3624/4708/4628 3618/4696/4617
f 3816/4713/4633 5887/4709/4629 5888/4714/4634
f 3816/4713/4633 3625/4710/4630 5887/4709/4629
f 3820/4715/4635 3626/4711/4631 3625/4710/4630
f 3626/4711/4631 3820/4715/4635 3627/4712/4632
f 3627/4712/4632 3820/4715/4635 3844/4716/4636
f 3825/4717/4637 3628/4718/4638 3629/4719/4639
f 3650/4720/4640 3825/4717/4637 3629/4719/4639
f 3845/4721/4641 3825/4717/4637 3650/4720/4640
f 3632/4703/4623 3631/4509/4439 3630/4493/4425
f 3633/4722/4642 3631/4509/4439 3632/4703/4623
f 3633/4722/4642 3634/4510/4440 3631/4509/4439
f 3635/4723/4643 3634/4510/4440 3633/4722/4642
f 3635/4723/4643 3643/4724/4644 3634/4510/4440
f 3634/4510/4440 3643/4724/4644 3641/4511/4441
f 3645/4725/4645 3633/4722/4642 3646/4726/4646
f 3633/4722/4642 3636/4707/4627 3646/4726/4646
f 3633/4722/4642 3632/4703/4623 3636/4707/4627
f 3648/4727/4647 3635/4723/4643 3645/4725/4645
f 3645/4725/4645 3635/4723/4643 3633/4722/4642
f 3648/4727/4647 3643/4724/4644 3635/4723/4643
f 3627/4712/4632 3646/4726/4646 3636/4707/4627
f 3637/4516/4446 3638/4728/4648 3639/4729/4649
f 3638/4728/4648 3640/4730/4650 3639/4729/4649
f 3637/4516/4446 5863/4515/4445 3638/4728/4648
f 5863/4515/4445 3642/4731/4651 3638/4728/4648
f 5863/4515/4445 5889/4732/4652 3642/4731/4651
f 3638/4728/4648 3642/4731/4651 3640/4730/4650
f 3644/4733/4653 3645/4725/4645 3646/4726/4646
f 3647/4734/4654 3645/4725/4645 3644/4733/4653
f 3648/4727/4647 3645/4725/4645 3647/4734/4654
f 5890/4735/4655 3640/4730/4650 5891/4736/4656
f 3643/4724/4644 3648/4727/4647 5892/4737/4657
f 5892/4737/4657 3648/4727/4647 3647/4734/4654
f 3642/4731/4651 5891/4736/4656 3640/4730/4650
f 3649/4738/4658 3644/4733/4653 3646/4726/4646
f 3627/4712/4632 3649/4738/4658 3646/4726/4646
f 5893/4739/4659 3650/4720/4640 5890/4735/4660
f 3650/4720/4640 3651/4740/4661 5890/4735/4660
f 3844/4716/4636 3843/4741/4662 3627/4712/4632
f 3627/4712/4632 3843/4741/4662 3649/4738/4658
f 3650/4720/4640 5893/4739/4659 3845/4721/4641
f 3845/4721/4641 5893/4739/4659 5894/4742/4663
f 5872/4552/4478 3659/4743/4664 3652/4744/4665
f 5872/4552/4478 3491/4554/4480 3659/4743/4664
f 5895/4745/4666 3653/4555/4481 3485/4551/4478
f 5895/4745/4666 3654/4746/4667 3653/4555/4481
f 5896/4747/4668 3652/4744/4665 3659/4743/4664
f 5896/4747/4668 3659/4743/4664 3663/4748/4669
f 3698/4749/4669 5896/4747/4668 3663/4748/4669
f 3655/4750/4486 3491/4554/4480 3490/4561/4486
f 3655/4750/4486 3490/4561/4486 3656/4751/4670
f 3490/4561/4486 3657/4563/4488 3656/4751/4670
f 3658/4752/4671 3657/4563/4488 3489/4560/4485
f 3658/4752/4671 3656/4751/4670 3657/4563/4488
f 3498/4562/4487 3658/4752/4671 3489/4560/4485
f 3659/4743/4664 3491/4554/4480 3655/4750/4486
f 3498/4562/4487 3668/4753/4672 3658/4752/4671
f 3659/4743/4664 3655/4750/4486 3660/4754/4673
f 3660/4754/4673 3655/4750/4486 3656/4751/4670
f 3660/4754/4673 3656/4751/4670 3661/4755/4674
f 3662/4756/4675 3656/4751/4670 3658/4752/4671
f 3662/4756/4675 3661/4755/4674 3656/4751/4670
f 3672/4757/4676 3658/4752/4671 3668/4753/4672
f 3672/4757/4676 3662/4756/4675 3658/4752/4671
f 3663/4748/4669 3659/4743/4664 3660/4754/4673
f 3663/4748/4669 3846/4758/4677 3698/4749/4669
f 3663/4748/4669 3660/4754/4673 3846/4758/4677
f 3846/4758/4677 3660/4754/4673 3661/4755/4674
f 3664/4759/4678 3498/4562/4487 3497/4568/4493
f 3665/4760/4679 3497/4568/4493 3494/4565/4490
f 3665/4760/4679 3664/4759/4678 3497/4568/4493
f 3665/4760/4679 3667/4569/4494 3666/4761/4680
f 3665/4760/4679 3494/4565/4490 3667/4569/4494
f 3676/4570/4495 3675/4762/4681 3667/4569/4494
f 3667/4569/4494 3675/4762/4681 3666/4761/4680
f 3498/4562/4487 3664/4759/4678 3668/4753/4672
f 3665/4760/4679 3669/4763/4682 3664/4759/4678
f 3666/4761/4680 3669/4763/4682 3665/4760/4679
f 3664/4759/4678 3669/4763/4682 3670/4764/4683
f 3670/4764/4683 3669/4763/4682 3666/4761/4680
f 3671/4765/4684 3668/4753/4672 3664/4759/4678
f 3671/4765/4684 3672/4757/4676 3668/4753/4672
f 3673/4766/4685 3664/4759/4678 3670/4764/4683
f 3673/4766/4685 3671/4765/4684 3664/4759/4678
f 3674/4767/4686 3670/4764/4683 3666/4761/4680
f 3674/4767/4686 3673/4766/4685 3670/4764/4683
f 3674/4767/4686 3675/4762/4681 3681/4768/4687
f 3674/4767/4686 3666/4761/4680 3675/4762/4681
f 3682/4769/4688 3674/4767/4686 3681/4768/4687
f 3673/4766/4685 3674/4767/4686 3850/4770/4689
f 3682/4769/4688 3850/4770/4689 3674/4767/4686
f 3852/4771/4690 3850/4770/4689 3682/4769/4688
f 3511/4582/4507 3675/4762/4681 3676/4570/4495
f 3679/4772/4691 3675/4762/4681 3511/4582/4507
f 3511/4582/4507 3677/4585/4509 3679/4772/4691
f 3678/4773/4692 3679/4772/4691 3677/4585/4509
f 3677/4585/4509 3699/4586/4510 3678/4773/4692
f 3704/4774/4693 3680/4775/4694 3678/4773/4692
f 3680/4775/4694 3679/4772/4691 3678/4773/4692
f 3679/4772/4691 3681/4768/4687 3675/4762/4681
f 3682/4769/4688 3681/4768/4687 3679/4772/4691
f 3680/4775/4694 3682/4769/4688 3679/4772/4691
f 3683/4776/4695 3682/4769/4688 3680/4775/4694
f 3680/4775/4694 3704/4774/4693 3683/4776/4695
f 3873/4777/4696 3852/4771/4690 3683/4776/4695
f 3852/4771/4690 3682/4769/4688 3683/4776/4695
f 3684/4778/4697 3522/4593/4517 3691/4592/4516
f 3685/4779/4698 3718/4780/4699 3522/4593/4517
f 3718/4780/4699 3719/4594/4515 3522/4593/4517
f 3694/4781/4700 3686/4782/4701 3684/4778/4697
f 3686/4782/4701 3522/4593/4517 3684/4778/4697
f 3687/4783/4702 3722/4784/4703 3685/4779/4698
f 3685/4779/4698 3722/4784/4703 3718/4780/4699
f 3685/4779/4698 3522/4593/4517 3686/4782/4701
f 3685/4779/4698 3686/4782/4701 3687/4783/4702
f 3696/4785/4704 3688/4786/4705 3694/4781/4700
f 3694/4781/4700 3688/4786/4705 3686/4782/4701
f 3687/4783/4702 3686/4782/4701 3688/4786/4705
f 3696/4785/4704 3853/4787/4706 3688/4786/4705
f 3687/4783/4702 3854/4788/4514 3722/4784/4703
f 3687/4783/4702 3688/4786/4705 3853/4787/4706
f 3687/4783/4702 3853/4787/4706 3854/4788/4514
f 3690/4596/4519 3689/4789/4707 3691/4592/4516
f 5897/4790/4708 3692/4556/4482 3653/4555/4481
f 5898/4791/4709 5897/4790/4708 3653/4555/4481
f 3691/4592/4516 3689/4789/4707 3684/4778/4697
f 5898/4791/4709 3653/4555/4481 3693/4792/4710
f 3653/4555/4481 3654/4746/4667 3693/4792/4710
f 3694/4781/4700 3684/4778/4697 3689/4789/4707
f 3695/4793/4711 3696/4785/4704 3689/4789/4707
f 3689/4789/4707 5899/4794/4710 3695/4793/4711
f 3694/4781/4700 3689/4789/4707 3696/4785/4704
f 3697/4795/4712 3693/4792/4710 3856/4796/4713
f 3693/4792/4710 3654/4746/4667 3856/4796/4713
f 5900/4797/4713 5896/4747/4668 3698/4749/4669
f 3695/4793/4711 3857/4798/4714 3696/4785/4704
f 5901/4799/4711 3693/4792/4710 3697/4795/4712
f 5902/4800/4715 5901/4799/4711 3697/4795/4712
f 3696/4785/4704 3857/4798/4714 3853/4787/4706
f 3705/4801/4716 3678/4773/4692 3699/4586/4510
f 3699/4586/4510 3712/4598/4521 3700/4802/4717
f 3705/4801/4716 3699/4586/4510 3700/4802/4717
f 3701/4803/4718 3702/4804/4719 3703/4599/4522
f 3725/4600/4523 3703/4599/4522 3702/4804/4719
f 3725/4600/4523 3702/4804/4719 3724/4805/4720
f 3704/4774/4693 3678/4773/4692 3705/4801/4716
f 3705/4801/4716 3700/4802/4717 3706/4806/4721
f 3724/4805/4720 3702/4804/4719 3707/4807/4722
f 3708/4808/4723 3683/4776/4695 3704/4774/4693
f 3704/4774/4693 3705/4801/4716 3708/4808/4723
f 3708/4808/4723 3705/4801/4716 3709/4809/4724
f 3705/4801/4716 3706/4806/4721 3709/4809/4724
f 3716/4810/4725 3709/4809/4724 3706/4806/4721
f 3724/4805/4720 3707/4807/4722 3710/4811/4726
f 3724/4805/4720 3710/4811/4726 3726/4812/4727
f 3879/4813/4728 3873/4777/4696 3683/4776/4695
f 3711/4814/4729 3879/4813/4728 3708/4808/4723
f 3879/4813/4728 3683/4776/4695 3708/4808/4723
f 3709/4809/4724 3711/4814/4729 3708/4808/4723
f 3883/4815/4730 3711/4814/4729 3709/4809/4724
f 3891/4816/4731 3883/4815/4730 3709/4809/4724
f 3891/4816/4731 3709/4809/4724 3716/4810/4725
f 3712/4598/4521 3713/4817/4732 3700/4802/4717
f 3712/4598/4521 3540/4613/4536 3713/4817/4732
f 3714/4818/4733 3713/4817/4732 3540/4613/4536
f 3540/4613/4536 3732/4614/4537 3714/4818/4733
f 3714/4818/4733 3732/4614/4537 3731/4819/4734
f 3700/4802/4717 3713/4817/4732 3706/4806/4721
f 3706/4806/4721 3713/4817/4732 3715/4820/4735
f 3715/4820/4735 3713/4817/4732 3714/4818/4733
f 3714/4818/4733 3731/4819/4734 3715/4820/4735
f 3706/4806/4721 3715/4820/4735 3716/4810/4725
f 3717/4821/4736 3716/4810/4725 3715/4820/4735
f 3913/4822/4737 3716/4810/4725 3717/4821/4736
f 3891/4816/4731 3716/4810/4725 3913/4822/4737
f 3718/4780/4699 3550/4619/4542 3719/4594/4515
f 3720/4621/4544 3550/4619/4542 3718/4780/4699
f 3772/4823/3864 3771/4622/3761 3720/4621/4544
f 3718/4780/4699 3722/4784/4703 3721/4824/4513
f 3723/4825/4738 3720/4621/4544 3718/4780/4699
f 3723/4825/4738 3772/4823/3864 3720/4621/4544
f 3723/4825/4738 3718/4780/4699 3721/4824/4513
f 3854/4788/4514 3721/4824/4513 3722/4784/4703
f 3721/4824/4513 3895/4826/4739 3723/4825/4738
f 3896/4827/4740 3723/4825/4738 3895/4826/4739
f 3896/4827/4740 3953/4828/4741 3723/4825/4738
f 3723/4825/4738 3953/4828/4741 3773/4829/4742
f 3725/4600/4523 3724/4805/4720 3728/4623/4545
f 3726/4812/4727 3754/4830/4743 3724/4805/4720
f 3727/4646/4568 3728/4623/4545 3724/4805/4720
f 3727/4646/4568 3724/4805/4720 3729/4831/4744
f 3730/4832/4745 3731/4819/4734 3732/4614/4537
f 3730/4832/4745 3732/4614/4537 3733/4650/4572
f 5903/4833/4746 3734/4834/4747 5875/4649/4748
f 3727/4646/4749 5904/4835/4750 5877/4653/4575
f 3736/4654/4576 5877/4653/4575 5904/4835/4750
f 3736/4654/4576 5904/4835/4750 3737/4836/4751
f 3738/4655/4577 3730/4832/4745 3733/4650/4572
f 3738/4655/4577 3739/4837/4752 3730/4832/4745
f 3737/4836/4751 3740/4656/4578 3736/4654/4576
f 3741/4838/4753 3740/4656/4578 3737/4836/4751
f 3742/4658/4580 5905/4839/4754 5879/4659/4581
f 3742/4658/4580 3743/4840/4755 5905/4839/4754
f 3741/4838/4753 3744/4841/4756 3740/4656/4578
f 3740/4656/4578 3744/4841/4756 3745/4842/4757
f 3746/4843/4758 3779/4844/4759 5906/4845/4760
f 3778/4846/4761 3779/4844/4759 3746/4843/4758
f 3743/4840/4755 3742/4658/4580 5907/4847/4762
f 5908/4848/4763 3743/4840/4755 5907/4847/4762
f 3747/4662/4584 3782/4663/4585 5909/4849/4764
f 5910/4850/4765 5911/4851/4766 3780/4852/4767
f 3729/4831/4744 3724/4805/4720 3748/4853/4768
f 3731/4819/4734 3730/4832/4745 3749/4854/4769
f 3715/4820/4735 3731/4819/4734 3749/4854/4769
f 5903/4833/4746 3750/4855/4770 3734/4834/4747
f 5903/4833/4746 5912/4856/4771 3750/4855/4770
f 3730/4832/4745 3751/4857/4772 3749/4854/4769
f 3730/4832/4745 3739/4837/4752 3751/4857/4772
f 3737/4836/4751 5904/4835/4750 5913/4858/4773
f 3752/4859/4774 3737/4836/4751 5913/4858/4773
f 5914/4860/4775 5915/4861/4776 5916/4862/4777
f 3743/4840/4755 5917/4863/4772 5905/4839/4754
f 5916/4862/4777 3753/4864/4778 5914/4860/4775
f 5914/4860/4775 3753/4864/4778 5918/4865/4779
f 3784/4866/4780 3778/4846/4761 3746/4843/4758
f 5919/4867/4778 3743/4840/4755 5908/4848/4763
f 5910/4850/4765 3780/4852/4767 3786/4868/4781
f 3748/4853/4768 3724/4805/4720 3754/4830/4743
f 3748/4853/4768 3754/4830/4743 3755/4869/4782
f 3749/4854/4769 3717/4821/4736 3715/4820/4735
f 3749/4854/4769 3756/4870/4783 3717/4821/4736
f 3755/4869/4782 5913/4858/4784 3748/4853/4768
f 3757/4871/4785 3756/4870/4783 3749/4854/4769
f 3749/4854/4769 3751/4857/4772 3757/4871/4785
f 3757/4871/4785 3751/4857/4772 3758/4872/4786
f 3752/4859/4774 5913/4858/4773 3759/4873/4787
f 5916/4862/4777 5920/4874/4787 3760/4875/4788
f 3743/4840/4755 5921/4876/4789 5917/4863/4772
f 3743/4840/4755 3761/4877/4790 5921/4876/4789
f 3760/4875/4788 3762/4878/4791 5916/4862/4777
f 5916/4862/4777 3762/4878/4791 3753/4864/4778
f 3763/4879/4792 3784/4866/4780 3746/4843/4758
f 3789/4880/4793 3784/4866/4780 3763/4879/4792
f 3761/4877/4790 3743/4840/4755 5919/4867/4778
f 5922/4881/4794 3761/4877/4790 5919/4867/4778
f 5910/4850/4765 3786/4868/4781 5923/4882/4795
f 5923/4882/4795 3786/4868/4781 3791/4883/4796
f 5924/4884/4797 5925/4885/4798 3914/4886/4799
f 5926/4887/4800 5924/4884/4797 3914/4886/4799
f 5927/4888/4801 5928/4889/4802 5929/4890/4803
f 3917/4891/4804 5930/4892/4805 3916/4893/4806
f 5930/4892/4805 3917/4891/4804 5931/4894/4782
f 3717/4821/4736 3918/4895/4807 5932/4896/4808
f 3717/4821/4736 3756/4870/4783 3918/4895/4807
f 3764/4897/4809 3757/4871/4785 3924/4898/4810
f 3923/4899/4811 5933/4900/4812 5934/4901/4813
f 3764/4897/4809 3756/4870/4783 3757/4871/4785
s 0
f 5935/4902/4814 5936/4903/4815 3921/4904/4816
s 1
f 3764/4897/4809 3918/4895/4807 3756/4870/4783
f 3757/4871/4785 3758/4872/4786 3924/4898/4810
f 3924/4898/4810 3758/4872/4786 3926/4905/4817
f 3760/4875/4788 5920/4874/4787 5937/4906/4818
f 5938/4907/4819 3760/4875/4788 5937/4906/4818
f 3928/4908/4820 5939/4909/4821 5940/4910/4811
f 3761/4877/4790 5941/4911/4822 5921/4876/4789
f 3761/4877/4790 3930/4912/4823 5941/4911/4822
f 5942/4913/4824 5939/4909/4821 3793/4914/4825
f 5939/4909/4821 3964/4915/4826 3793/4914/4825
f 5939/4909/4821 3928/4908/4820 3964/4915/4826
f 5943/4916/4827 3930/4912/4823 3761/4877/4790
f 5922/4881/4794 5943/4916/4827 3761/4877/4790
f 5943/4916/4827 3932/4917/4828 3930/4912/4823
f 3763/4879/4792 5944/4918/4829 3789/4880/4793
f 5945/4919/4830 5946/4920/4792 5947/4921/4831
f 5948/4922/4832 5949/4923/4833 3932/4917/4834
f 3932/4917/4834 5949/4923/4833 3971/4924/4835
f 3771/4622/3761 3765/4925/4836 3766/4669/3860
f 3765/4925/4836 3583/4668/4590 3766/4669/3860
f 3767/4670/4591 3583/4668/4590 3765/4925/4836
f 3768/4926/4837 3767/4670/4591 3765/4925/4836
f 3769/4927/3111 3767/4670/4591 3768/4926/4837
f 3769/4927/3111 3794/4928/4838 3767/4670/4591
f 3765/4925/4836 3774/4929/4839 3768/4926/4837
f 3774/4929/4839 3769/4927/3111 3768/4926/4837
f 3770/4930/4840 3769/4927/3111 3774/4929/4839
f 3951/4931/4841 3952/4932/4842 3774/4929/4839
f 3952/4932/4842 3770/4930/4840 3774/4929/4839
f 3771/4622/3761 3772/4823/3864 3765/4925/4836
f 3723/4825/4738 3765/4925/4836 3772/4823/3864
f 3773/4829/4742 3765/4925/4836 3723/4825/4738
f 3774/4929/4839 3765/4925/4836 3773/4829/4742
f 3953/4828/4741 3774/4929/4839 3773/4829/4742
f 3953/4828/4741 3955/4933/4843 3774/4929/4839
f 3951/4931/4841 3774/4929/4839 3955/4933/4843
f 3775/4934/4844 3776/4935/4845 3777/4936/4846
f 3776/4935/4845 3778/4846/4761 3777/4936/4846
f 3776/4935/4845 3779/4844/4759 3778/4846/4761
f 5950/4937/4847 5951/4938/4848 5952/4939/4849
f 5951/4938/4848 3781/4682/4603 5952/4939/4849
f 5951/4938/4848 3782/4663/4585 3781/4682/4603
f 5953/4940/4850 5954/4941/4851 5955/4942/4852
f 3783/4683/4604 5952/4939/4849 3781/4682/4603
f 5956/4943/4853 3785/4944/4854 5957/4945/4761
f 5957/4945/4761 3785/4944/4854 5958/4946/4855
f 5951/4938/4848 5950/4937/4847 5959/4947/4856
f 5959/4947/4856 5950/4937/4847 5960/4948/4857
f 3785/4944/4854 5956/4943/4853 3787/4949/4858
f 5956/4943/4853 3788/4950/4859 3787/4949/4858
f 5961/4951/4860 5962/4952/4861 5963/4953/4862
f 5964/4954/4863 3790/4955/4864 5960/4948/4857
f 3790/4955/4864 5959/4947/4856 5960/4948/4857
f 3790/4955/4864 5949/4923/4833 5959/4947/4856
f 3788/4950/4859 3792/4956/4865 3787/4949/4858
f 5964/4954/4863 5965/4957/4866 3790/4955/4864
f 3964/4915/4826 3965/4958/4867 3793/4914/4825
f 5966/4959/4868 3793/4914/4825 3965/4958/4867
f 3968/4960/4869 5966/4959/4868 3965/4958/4867
f 3788/4950/4870 5966/4959/4868 3968/4960/4869
f 3790/4955/4864 3971/4924/4835 5949/4923/4833
f 3790/4955/4864 3970/4961/4871 3971/4924/4835
f 3968/4960/4869 3972/4962/4872 3788/4950/4870
f 5963/4953/4873 5967/4963/4874 5968/4964/4875
f 3790/4955/4864 5965/4957/4866 3970/4961/4871
f 3970/4961/4871 5965/4957/4866 5969/4965/4876
f 3795/4966/4877 3767/4670/4591 3794/4928/4838
f 3795/4966/4877 3796/4690/4611 3767/4670/4591
f 3797/4967/4878 3796/4690/4611 3795/4966/4877
f 3797/4967/4878 3606/4688/4609 3796/4690/4611
f 3797/4967/4878 3615/4689/4610 3606/4688/4609
f 3803/4968/4879 3615/4689/4610 3797/4967/4878
f 3798/4969/4880 3795/4966/4877 3794/4928/4838
f 3799/4970/4881 3798/4969/4880 3794/4928/4838
f 3769/4927/3111 3799/4970/4881 3794/4928/4838
f 3798/4969/4880 3797/4967/4878 3795/4966/4877
f 3800/4971/4882 3797/4967/4878 3798/4969/4880
f 3800/4971/4882 3803/4968/4879 3797/4967/4878
f 3770/4930/4840 3799/4970/4881 3769/4927/3111
f 3799/4970/4881 3801/4972/4883 3798/4969/4880
f 3770/4930/4840 3801/4972/4883 3799/4970/4881
f 3802/4973/4884 3800/4971/4882 3798/4969/4880
f 3798/4969/4880 3801/4972/4883 3802/4973/4884
f 3812/4974/4885 3800/4971/4882 3802/4973/4884
f 3980/4975/4886 3770/4930/4840 3952/4932/4842
f 3980/4975/4886 3801/4972/4883 3770/4930/4840
f 3981/4976/4887 3801/4972/4883 3980/4975/4886
f 3981/4976/4887 3802/4973/4884 3801/4972/4883
f 3983/4977/4888 3802/4973/4884 3981/4976/4887
f 3983/4977/4888 3812/4974/4885 3802/4973/4884
f 3988/4978/4889 3812/4974/4885 3983/4977/4888
f 3803/4968/4879 3616/4694/4615 3615/4689/4610
f 3804/4979/4890 3616/4694/4615 3803/4968/4879
f 3804/4979/4890 3805/4697/4618 3616/4694/4615
f 3806/4980/4891 3805/4697/4618 3804/4979/4890
f 3807/4981/4892 3808/4698/4619 3806/4980/4891
f 3808/4698/4619 3805/4697/4618 3806/4980/4891
f 3817/4699/4620 3808/4698/4619 3807/4981/4892
f 3815/4982/4893 3817/4699/4620 3807/4981/4892
f 3800/4971/4882 3804/4979/4890 3803/4968/4879
f 3809/4983/4894 3804/4979/4890 3800/4971/4882
f 3809/4983/4894 3806/4980/4891 3804/4979/4890
f 3810/4984/4895 3806/4980/4891 3809/4983/4894
f 3807/4981/4892 3806/4980/4891 3810/4984/4895
f 3807/4981/4892 3810/4984/4895 3811/4985/4896
f 3811/4985/4896 3815/4982/4893 3807/4981/4892
f 3821/4986/4897 3815/4982/4893 3811/4985/4896
f 3812/4974/4885 3809/4983/4894 3800/4971/4882
f 3809/4983/4894 3812/4974/4885 3813/4987/4898
f 3809/4983/4894 3813/4987/4898 3810/4984/4895
f 3813/4987/4898 3811/4985/4896 3810/4984/4895
f 3814/4988/4899 3811/4985/4896 3813/4987/4898
f 3814/4988/4899 3821/4986/4897 3811/4985/4896
f 3823/4989/4900 3821/4986/4897 3814/4988/4899
f 3988/4978/4889 3813/4987/4898 3812/4974/4885
f 3997/4990/4901 3823/4989/4900 3814/4988/4899
f 5970/4991/4893 3816/4713/4633 5888/4714/4634
f 3818/4992/4902 3816/4713/4633 5970/4991/4893
f 3818/4992/4902 3625/4710/4630 3816/4713/4633
f 3819/4993/4903 3625/4710/4630 3818/4992/4902
f 3820/4715/4635 3625/4710/4630 3819/4993/4903
s 0
f 3831/4994/4904 3818/4992/4905 3832/4995/4815
s 1
f 3818/4992/4902 5971/4996/4906 3832/4995/4907
f 3818/4992/4902 5970/4991/4893 5971/4996/4906
f 3831/4994/4908 3819/4993/4903 3818/4992/4902
f 3832/4995/4907 5971/4996/4906 3822/4997/4909
f 5971/4996/4906 5972/4998/4900 3822/4997/4909
f 3822/4997/4909 5973/4999/4901 3841/5000/4910
f 3822/4997/4909 5972/4998/4900 5973/4999/4901
f 3824/5001/4911 3820/4715/4635 3819/4993/4903
f 5974/5002/4912 3826/5003/4913 3827/5004/4914
f 3828/5005/4915 3842/5006/4916 3844/4716/4636
f 3828/5005/4915 3844/4716/4636 3820/4715/4635
f 3824/5001/4911 3828/5005/4915 3820/4715/4635
f 5975/5007/4917 3829/5008/4918 3826/5003/4919
f 3845/4721/4641 5976/5009/4920 5977/5010/4921
f 3825/4717/4637 3845/4721/4641 5977/5010/4921
f 5978/5011/4922 5976/5009/4920 3845/4721/4641
s 0
f 3830/5012/4815 3831/4994/4815 3832/4995/4815
f 3831/4994/4815 3830/5012/4923 3833/5013/4924
s 1
f 3831/4994/4908 3833/5013/4925 3819/4993/4903
f 3834/5014/4926 3835/5015/4927 3824/5001/4911
f 3834/5014/4926 3824/5001/4911 3819/4993/4903
f 3833/5013/4925 3834/5014/4926 3819/4993/4903
f 3836/5016/4928 3835/5015/4927 3834/5014/4926
f 3835/5015/4927 3828/5005/4915 3824/5001/4911
f 3836/5016/4928 3837/5017/4929 3835/5015/4927
f 3837/5017/4929 3828/5005/4915 3835/5015/4927
f 5979/5018/4930 3829/5008/4918 5975/5007/4917
s 0
f 3822/4997/4931 3830/5012/4931 3832/4995/4931
s 1
f 3838/5019/4932 3830/5012/4933 3822/4997/4909
f 3833/5013/4925 3830/5012/4933 3838/5019/4932
f 3838/5019/4932 3839/5020/4934 3833/5013/4925
f 3833/5013/4925 3839/5020/4934 3834/5014/4926
f 3836/5016/4928 3834/5014/4926 3839/5020/4934
f 3839/5020/4934 3840/5021/4935 3836/5016/4928
f 3836/5016/4928 3840/5021/4935 3837/5017/4929
f 3838/5019/4932 3822/4997/4909 3841/5000/4910
f 3999/5022/4936 3838/5019/4932 3841/5000/4910
f 3838/5019/4932 3999/5022/4936 3839/5020/4934
f 3839/5020/4934 3999/5022/4936 4001/5023/4937
f 4001/5023/4937 4004/5024/4938 3839/5020/4934
f 3839/5020/4934 4004/5024/4938 3840/5021/4935
f 3842/5006/4916 3843/4741/4662 3844/4716/4636
f 5894/4742/4663 5978/5011/4922 3845/4721/4641
f 3847/5025/4939 3661/4755/4674 3662/4756/4675
f 3847/5025/4939 3846/4758/4677 3661/4755/4674
f 3849/5026/4940 3662/4756/4675 3672/4757/4676
f 3849/5026/4940 3847/5025/4939 3662/4756/4675
f 3849/5026/4940 3869/5027/4941 3847/5025/4939
f 3848/5028/4942 3672/4757/4676 3671/4765/4684
f 3848/5028/4942 3849/5026/4940 3672/4757/4676
f 3848/5028/4942 3671/4765/4684 3673/4766/4685
f 3875/5029/4943 3673/4766/4685 3850/4770/4689
f 3875/5029/4943 3848/5028/4942 3673/4766/4685
f 3875/5029/4943 3852/4771/4690 3873/4777/4696
f 3875/5029/4943 3850/4770/4689 3852/4771/4690
f 3869/5027/4941 3849/5026/4940 3851/5030/4944
f 3849/5026/4940 3848/5028/4942 3851/5030/4944
f 3851/5030/4944 3848/5028/4942 3875/5029/4943
f 3893/5031/4945 3854/4788/4514 3853/4787/4706
f 3859/5032/4946 3893/5031/4945 3853/4787/4706
f 3864/5033/4947 3899/5034/4948 3859/5032/4946
f 3859/5032/4946 3899/5034/4948 3893/5031/4945
f 5900/4797/4713 3867/5035/4949 3855/5036/4950
f 5900/4797/4713 3698/4749/4669 3867/5035/4949
f 5902/4800/4715 3697/4795/4712 3858/5037/4951
f 3697/4795/4712 3856/4796/4713 5980/5038/4952
f 3858/5037/4951 3697/4795/4712 5980/5038/4952
f 3859/5032/4946 3853/4787/4706 3857/4798/4714
f 3860/5039/4953 5981/5040/4954 5902/4800/4715
f 3860/5039/4953 5902/4800/4715 3858/5037/4951
f 3858/5037/4951 3862/5041/4955 3861/5042/4956
f 3858/5037/4951 5980/5038/4952 3862/5041/4955
f 5982/5043/4955 3855/5036/4950 3867/5035/4949
f 3860/5039/4953 3863/5044/4957 5981/5040/4954
f 3860/5039/4953 3858/5037/4951 3861/5042/4956
f 3863/5044/4957 3860/5039/4953 3861/5042/4956
f 5981/5040/4954 3863/5044/4957 5983/5045/4947
f 3865/5046/4958 5983/5045/4947 3863/5044/4957
f 3866/5047/4664 3863/5044/4957 3861/5042/4956
f 4026/5048/4959 5984/5049/4960 5982/5043/4955
f 5985/5050/4664 5984/5049/4960 4026/5048/4959
f 3865/5046/4958 3863/5044/4957 3866/5047/4664
f 3867/5035/4949 3698/4749/4669 3846/4758/4677
f 3867/5035/4949 3846/4758/4677 3868/5051/4961
f 3868/5051/4961 3846/4758/4677 3847/5025/4939
f 3868/5051/4961 3847/5025/4939 3869/5027/4941
f 3871/5052/4962 3868/5051/4961 3869/5027/4941
f 3871/5052/4962 3870/5053/4963 3868/5051/4961
f 3870/5053/4963 3867/5035/4949 3868/5051/4961
f 5982/5043/4955 3867/5035/4949 3870/5053/4963
f 3871/5052/4962 3872/5054/4964 3870/5053/4963
f 3871/5052/4962 4033/5055/4965 3872/5054/4964
f 5982/5043/4955 3870/5053/4963 4026/5048/4959
f 4026/5048/4959 3870/5053/4963 3872/5054/4964
f 3874/5056/4966 3851/5030/4944 3875/5029/4943
f 3874/5056/4966 3875/5029/4943 3876/5057/4967
f 3876/5057/4967 3875/5029/4943 3873/4777/4696
f 3885/5058/4968 3876/5057/4967 3873/4777/4696
f 3877/5059/4969 3869/5027/4941 3851/5030/4944
f 3871/5052/4962 3869/5027/4941 3877/5059/4969
f 3874/5056/4966 3877/5059/4969 3851/5030/4944
f 3878/5060/4970 3874/5056/4966 3876/5057/4967
f 3885/5058/4968 3878/5060/4970 3876/5057/4967
f 4034/5061/4971 3871/5052/4962 3877/5059/4969
f 4034/5061/4971 4033/5055/4965 3871/5052/4962
f 3874/5056/4966 4034/5061/4971 3877/5059/4969
f 3878/5060/4970 3885/5058/4968 3889/5062/4972
f 3880/5063/4973 3873/4777/4696 3879/4813/4728
f 3879/4813/4728 3711/4814/4729 3880/5063/4973
f 3881/5064/4974 3880/5063/4973 3711/4814/4729
f 3881/5064/4974 3883/4815/4730 3882/5065/4975
f 3881/5064/4974 3711/4814/4729 3883/4815/4730
f 3884/5066/4976 3882/5065/4975 3891/4816/4731
f 3882/5065/4975 3883/4815/4730 3891/4816/4731
f 3887/5067/4977 3873/4777/4696 3880/5063/4973
f 3887/5067/4977 3885/5058/4968 3873/4777/4696
f 3886/5068/4978 3887/5067/4977 3880/5063/4973
f 3886/5068/4978 3880/5063/4973 3881/5064/4974
f 3881/5064/4974 3882/5065/4975 3886/5068/4978
f 3892/5069/4979 3884/5066/4976 3891/4816/4731
f 3888/5070/4980 3886/5068/4978 3882/5065/4975
f 3882/5065/4975 3884/5066/4976 3888/5070/4980
f 3892/5069/4979 3888/5070/4980 3884/5066/4976
f 3887/5067/4977 3889/5062/4972 3885/5058/4968
f 4043/5071/4981 3889/5062/4972 3887/5067/4977
f 4043/5071/4981 3886/5068/4978 3890/5072/4982
f 4043/5071/4981 3887/5067/4977 3886/5068/4978
f 3888/5070/4980 3890/5072/4982 3886/5068/4978
f 4045/5073/4983 3890/5072/4982 3888/5070/4980
f 4051/5074/4984 4045/5073/4983 3888/5070/4980
f 4051/5074/4984 3888/5070/4980 3892/5069/4979
f 3891/4816/4731 3913/4822/4737 3912/5075/4985
f 3891/4816/4731 3912/5075/4985 3892/5069/4979
f 3892/5069/4979 3912/5075/4985 3934/5076/4986
f 3892/5069/4979 3934/5076/4986 4051/5074/4984
f 3894/5077/4987 3854/4788/4514 3893/5031/4945
f 3894/5077/4987 3721/4824/4513 3854/4788/4514
f 3895/4826/4739 3721/4824/4513 3894/5077/4987
f 3897/5078/4988 3898/5079/4989 3893/5031/4945
f 3893/5031/4945 3898/5079/4989 3894/5077/4987
f 3893/5031/4945 3899/5034/4948 3897/5078/4988
f 3894/5077/4987 3900/5080/4990 3895/4826/4739
f 3894/5077/4987 3898/5079/4989 3900/5080/4990
f 3900/5080/4990 3896/4827/4740 3895/4826/4739
f 3901/5081/4991 3896/4827/4740 3900/5080/4990
f 3896/4827/4740 3901/5081/4991 3953/4828/4741
f 3897/5078/4988 3902/5082/4992 3898/5079/4989
f 3897/5078/4988 3899/5034/4948 3864/5033/4947
f 3902/5082/4992 3897/5078/4988 3864/5033/4947
f 3898/5079/4989 3903/5083/4993 3900/5080/4990
f 3902/5082/4992 3903/5083/4993 3898/5079/4989
f 3904/5084/4994 3900/5080/4990 3903/5083/4993
f 3904/5084/4994 3901/5081/4991 3900/5080/4990
f 3904/5084/4994 3960/5085/4995 3901/5081/4991
f 3902/5082/4992 3864/5033/4947 4052/5086/4996
f 4053/5087/4286 4054/5088/4997 3902/5082/4992
f 4054/5088/4997 3903/5083/4993 3902/5082/4992
f 4053/5087/4286 3902/5082/4992 4052/5086/4996
f 3903/5083/4993 4055/5089/4998 3904/5084/4994
f 3903/5083/4993 4054/5088/4997 4055/5089/4998
f 4055/5089/4998 3960/5085/4995 3904/5084/4994
f 4113/5090/4999 3960/5085/4995 4055/5089/4998
f 5986/5091/5000 3905/5092/5001 3911/5093/5002
f 3905/5092/5001 3919/5094/5003 3911/5093/5002
f 3905/5092/5001 3906/5095/5004 3907/5096/5005
f 3905/5092/5001 3907/5096/5005 3919/5094/5003
f 3907/5096/5005 3906/5095/5004 3908/5097/5006
f 3907/5096/5005 3908/5097/5006 3909/5098/5007
f 3910/5099/5008 3909/5098/5007 3908/5097/5006
f 3910/5099/5008 4064/5100/5009 3909/5098/5007
f 4064/5100/5009 4081/5101/5010 3909/5098/5007
f 5987/5102/5011 5988/5103/5012 5926/4887/4800
f 3914/4886/4799 5987/5102/5011 5926/4887/4800
f 5989/5104/5013 3915/5105/5014 5990/5106/5015
f 5991/5107/5016 5989/5104/5017 5992/5108/5018
f 5993/5109/5019 3916/4893/5020 5994/5110/5021
f 5932/4896/4808 3918/4895/4807 5995/5111/5022
f 3919/5094/5003 3920/5112/5023 5996/5113/5024
f 3911/5093/5002 3919/5094/5003 5996/5113/5024
f 5997/5114/4804 3911/5093/5002 5996/5113/5024
f 3922/5115/5025 5998/5116/5026 3924/4898/4810
f 5999/5117/5024 3925/5118/5027 6000/5119/5028
f 6001/5120/5029 6002/5121/5030 5935/4902/5031
f 3926/4905/4817 3922/5115/5025 3924/4898/4810
f 3920/5112/5023 6003/5122/5032 5996/5113/5024
f 6004/5123/5033 3927/5124/5034 5938/4907/5035
f 3927/5124/5034 6005/5125/5036 5938/4907/5035
f 3926/4905/4817 3929/5126/5037 3922/5115/5025
f 3926/4905/4817 6006/5127/5038 3929/5126/5037
f 3927/5124/5034 6007/5128/5039 6005/5125/5036
f 3963/5129/5040 6007/5128/5039 3927/5124/5034
f 3931/5130/5041 6008/5131/5042 6009/5132/5043
f 3931/5130/5041 6009/5132/5043 5947/4921/5044
f 3932/4917/4834 3971/4924/4835 6010/5133/5045
f 6010/5133/5045 3971/4924/4835 3969/5134/5046
f 3933/5135/5047 3934/5076/4986 3912/5075/4985
f 3933/5135/5047 3912/5075/4985 5995/5111/5048
f 3933/5135/5047 5995/5111/5048 3935/5136/5049
f 3920/5112/5023 3919/5094/5003 3907/5096/5005
f 3920/5112/5023 3907/5096/5005 3936/5137/5050
f 3925/5118/5051 6011/5138/5049 3915/5105/5052
f 6001/5120/5053 3937/5139/5054 6012/5140/5049
f 3936/5137/5050 3938/5141/5055 3920/5112/5023
f 3939/5142/5056 3927/5124/5034 6004/5123/5033
f 3940/5143/5057 3927/5124/5034 3939/5142/5056
f 3937/5139/5054 6001/5120/5053 6013/5144/5058
f 6014/5145/5059 3937/5139/5054 6013/5144/5058
f 6015/5146/5060 6016/5147/5061 6017/5148/5062
f 6017/5148/5062 6016/5147/5061 3941/5149/5063
f 3973/5150/5064 3963/5129/5040 3942/5151/5065
f 3963/5129/5040 3940/5143/5057 3942/5151/5065
f 3963/5129/5040 3927/5124/5034 3940/5143/5057
f 6018/5152/5066 3931/5130/5067 3943/5153/5068
f 3974/5154/5069 6018/5152/5066 3943/5153/5068
f 3973/5150/5070 6019/5155/5071 6020/5156/5072
f 6021/5157/5073 3973/5150/5064 3942/5151/5065
f 6022/5158/5074 6023/5159/5075 3929/5126/5076
f 6010/5133/5045 3969/5134/5046 6024/5160/5077
f 6024/5160/5077 3969/5134/5046 3976/5161/5078
f 3933/5135/5047 3935/5136/5049 3944/5162/5079
f 3936/5137/5050 3907/5096/5005 3909/5098/5007
f 3936/5137/5050 3909/5098/5007 3945/5163/5080
f 3937/5139/5054 6025/5164/5081 6012/5140/5049
f 3945/5163/5080 3946/5165/5082 3936/5137/5050
f 3936/5137/5050 3946/5165/5082 3938/5141/5055
f 6026/5166/5082 3937/5139/5054 6014/5145/5059
f 3947/5167/5083 3940/5143/5057 3939/5142/5056
f 3941/5149/5063 6027/5168/5084 6017/5148/5062
f 3947/5167/5083 3942/5151/5065 3940/5143/5057
f 3948/5169/5085 3977/5170/5086 3943/5153/5068
f 3977/5170/5086 3974/5154/5069 3943/5153/5068
f 6027/5168/5084 3941/5149/5063 6028/5171/5087
f 6024/5160/5077 3976/5161/5078 6029/5172/5088
f 3934/5076/4986 3933/5135/5047 3949/5173/5089
f 4076/5174/5090 3934/5076/4986 3949/5173/5089
f 4051/5074/4984 3934/5076/4986 4076/5174/5090
f 3944/5162/5079 3949/5173/5089 3933/5135/5047
f 6030/5175/5091 6031/5176/5092 6032/5177/5093
f 6033/5178/5094 6030/5175/5091 6032/5177/5093
f 6034/5179/5095 6035/5180/5096 6036/5181/5097
f 6037/5182/5095 4079/5183/5098 6038/5184/5099
f 6025/5164/5081 4083/5185/5100 6030/5175/5101
f 6025/5164/5081 3937/5139/5054 4083/5185/5100
f 6039/5186/5102 3946/5165/5082 3945/5163/5080
f 3937/5139/5054 6026/5166/5082 4083/5185/5100
f 4087/5187/5103 4091/5188/5104 3950/5189/5105
f 3979/5190/5106 3977/5170/5086 3948/5169/5085
f 3976/5161/5078 6040/5191/5107 6029/5172/5088
f 3959/5192/5108 3984/5193/5109 3951/4931/4841
f 3984/5193/5109 3952/4932/4842 3951/4931/4841
f 3954/5194/5110 3955/4933/4843 3953/4828/4741
f 3956/5195/5111 3955/4933/4843 3954/5194/5110
f 3951/4931/4841 3955/4933/4843 3956/5195/5111
f 3901/5081/4991 3954/5194/5110 3953/4828/4741
f 3957/5196/5112 3956/5195/5111 3954/5194/5110
f 3956/5195/5111 3958/5197/5113 3951/4931/4841
f 3957/5196/5112 3958/5197/5113 3956/5195/5111
f 3959/5192/5108 3951/4931/4841 3958/5197/5113
f 3961/5198/5114 3901/5081/4991 3960/5085/4995
f 3961/5198/5114 3954/5194/5110 3901/5081/4991
f 3961/5198/5114 3957/5196/5112 3954/5194/5110
f 3962/5199/5115 3957/5196/5112 3961/5198/5114
f 3962/5199/5115 3958/5197/5113 3957/5196/5112
f 3959/5192/5108 3958/5197/5113 3962/5199/5115
f 3960/5085/4995 4113/5090/4999 3961/5198/5114
f 4113/5090/4999 3962/5199/5115 3961/5198/5114
f 4117/5200/5116 3959/5192/5108 3962/5199/5115
f 6007/5128/5039 3963/5129/5040 6041/5201/5117
f 3966/5202/5118 3967/5203/5119 6042/5204/5120
f 6041/5201/5117 3966/5202/5118 6042/5204/5120
f 3963/5129/5040 3966/5202/5118 6041/5201/5117
f 6043/5205/5121 3969/5134/5046 6044/5206/5122
f 3969/5134/5046 3970/4961/4871 6044/5206/5122
f 3969/5134/5046 3971/4924/4835 3970/4961/4871
f 3967/5203/5119 5967/4963/4876 6042/5204/5120
f 5969/4965/4876 6044/5206/5122 3970/4961/4871
f 6045/5207/5123 3975/5208/5124 3973/5150/5064
f 3975/5208/5124 3963/5129/5040 3973/5150/5064
f 6046/5209/5125 6047/5210/5126 6048/5211/5127
f 3969/5134/5046 6043/5205/5121 3976/5161/5078
f 3976/5161/5078 6043/5205/5121 6049/5212/5128
f 6050/5213/5129 3978/5214/5130 6045/5207/5123
f 6045/5207/5123 3978/5214/5130 3975/5208/5124
f 3976/5161/5078 6049/5212/5128 6051/5215/5131
f 6052/5216/5132 3978/5214/5130 6050/5213/5129
f 6051/5215/5131 6040/5191/5107 3976/5161/5078
f 3982/5217/5133 3981/4976/4887 3980/4975/4886
f 3982/5217/5133 3983/4977/4888 3981/4976/4887
f 3982/5217/5133 3988/4978/4889 3983/4977/4888
f 3984/5193/5109 3980/4975/4886 3952/4932/4842
f 3985/5218/5134 3980/4975/4886 3984/5193/5109
f 3985/5218/5134 3982/5217/5133 3980/4975/4886
f 3986/5219/5135 3982/5217/5133 3985/5218/5134
f 3986/5219/5135 3988/4978/4889 3982/5217/5133
f 3959/5192/5108 3985/5218/5134 3984/5193/5109
f 3987/5220/5136 3986/5219/5135 3985/5218/5134
f 3993/5221/5137 3986/5219/5135 3987/5220/5136
f 4133/5222/5138 3985/5218/5134 3959/5192/5108
f 4133/5222/5138 3987/5220/5136 3985/5218/5134
f 4134/5223/5139 3987/5220/5136 4133/5222/5138
f 4132/5224/5140 3987/5220/5136 4134/5223/5139
f 4132/5224/5140 3993/5221/5137 3987/5220/5136
f 4133/5222/5138 3959/5192/5108 4117/5200/5116
f 3989/5225/5141 3813/4987/4898 3988/4978/4889
f 3989/5225/5141 3814/4988/4899 3813/4987/4898
f 3990/5226/5142 3814/4988/4899 3989/5225/5141
f 3990/5226/5142 3997/4990/4901 3814/4988/4899
f 3996/5227/5143 3997/4990/4901 3990/5226/5142
f 3986/5219/5135 3989/5225/5141 3988/4978/4889
f 3991/5228/5144 3990/5226/5142 3989/5225/5141
f 3992/5229/5145 3990/5226/5142 3991/5228/5144
f 3996/5227/5143 3990/5226/5142 3992/5229/5145
f 3993/5221/5137 3989/5225/5141 3986/5219/5135
f 3994/5230/5146 3989/5225/5141 3993/5221/5137
f 3991/5228/5144 3989/5225/5141 3994/5230/5146
f 4141/5231/5147 3994/5230/5146 3993/5221/5137
f 4141/5231/5147 4144/5232/5148 3994/5230/5146
f 3994/5230/5146 4144/5232/5148 3991/5228/5144
f 4006/5233/5149 6053/5234/5150 6054/5235/5151
f 3991/5228/5144 3995/5236/5152 3992/5229/5145
f 6055/5237/5152 4006/5233/5149 6054/5235/5151
f 4013/5238/5153 4006/5233/5149 6055/5237/5152
f 3991/5228/5144 4144/5232/5148 4143/5239/4615
f 4143/5239/4615 3995/5236/5152 3991/5228/5144
f 4146/5240/5154 3995/5236/5152 4143/5239/4615
f 6056/5241/5154 4013/5238/5153 6055/5237/5152
f 4157/5242/5155 4013/5238/5153 6056/5241/5154
f 5973/4999/4901 6053/5234/5150 3841/5000/4910
f 3841/5000/4910 6053/5234/5150 3998/5243/5156
f 3998/5243/5156 3999/5022/4936 3841/5000/4910
f 4000/5244/5157 3999/5022/4936 3998/5243/5156
f 4001/5023/4937 3999/5022/4936 4000/5244/5157
f 4001/5023/4937 4000/5244/5157 4002/5245/5158
f 4002/5245/5158 4003/5246/5159 4001/5023/4937
f 4001/5023/4937 4003/5246/5159 4004/5024/4938
f 4004/5024/4938 4003/5246/5159 4005/5247/5160
f 4006/5233/5149 3998/5243/5156 6053/5234/5150
f 4007/5248/5161 3998/5243/5156 4006/5233/5149
f 4007/5248/5161 4000/5244/5157 3998/5243/5156
f 4008/5249/5162 4000/5244/5157 4007/5248/5161
f 4008/5249/5162 4009/5250/5163 4000/5244/5157
f 4000/5244/5157 4010/5251/5164 4002/5245/5158
f 4009/5250/5163 4010/5251/5164 4000/5244/5157
f 4011/5252/5165 6057/5253/5166 4012/5254/5167
f 4003/5246/5159 4002/5245/5158 4005/5247/5160
f 4005/5247/5160 4002/5245/5158 6058/5255/5168
f 4013/5238/5153 4007/5248/5161 4006/5233/5149
f 4014/5256/5169 4007/5248/5161 4013/5238/5153
f 4008/5249/5162 4014/5256/5169 4015/5257/5170
f 4008/5249/5162 4007/5248/5161 4014/5256/5169
f 4015/5257/5170 4009/5250/5163 4008/5249/5162
f 4016/5258/5171 4017/5259/5172 4015/5257/5170
f 4017/5259/5172 4009/5250/5163 4015/5257/5170
f 4017/5259/5172 4010/5251/5164 4009/5250/5163
f 4018/5260/5173 4017/5259/5172 4019/5261/5174
f 4019/5261/5174 4020/5262/5175 4018/5260/5173
f 4157/5242/5155 4014/5256/5169 4013/5238/5153
f 4156/5263/5176 4014/5256/5169 4157/5242/5155
f 4014/5256/5169 4156/5263/5176 4015/5257/5170
f 4016/5258/5171 4015/5257/5170 4156/5263/5176
f 4016/5258/5171 4156/5263/5176 4160/5264/5177
f 4160/5264/5177 4163/5265/5178 4016/5258/5171
f 4016/5258/5171 4163/5265/5178 4017/5259/5172
f 4019/5261/5174 4017/5259/5172 4163/5265/5178
f 4019/5261/5174 4163/5265/5178 4164/5266/5179
f 4164/5266/5179 4167/5267/5180 4019/5261/5174
f 4019/5261/5174 4167/5267/5180 4020/5262/5175
f 5985/5050/4664 4022/5268/5181 4021/5269/5182
f 5985/5050/4664 4026/5048/4959 4022/5268/5181
f 3865/5046/4958 3866/5047/4664 4060/5270/5183
f 6059/5271/5184 5985/5050/4664 4021/5269/5182
f 6059/5271/5184 4023/5272/5185 4062/5273/5186
f 6059/5271/5184 4021/5269/5182 4023/5272/5185
f 4021/5269/5182 4022/5268/5181 4023/5272/5185
f 4023/5272/5185 4024/5274/5187 4062/5273/5186
f 4031/5275/5188 4023/5272/5185 4022/5268/5181
f 4024/5274/5187 4023/5272/5185 4031/5275/5188
f 4026/5048/4959 3872/5054/4964 4025/5276/5189
f 4027/5277/5190 4025/5276/5189 3872/5054/4964
f 4027/5277/5190 3872/5054/4964 4033/5055/4965
f 4022/5268/5181 4026/5048/4959 4025/5276/5189
f 4038/5278/5191 4027/5277/5190 4033/5055/4965
f 4028/5279/5192 4025/5276/5189 4027/5277/5190
f 4027/5277/5190 4038/5278/5191 4028/5279/5192
f 4022/5268/5181 4025/5276/5189 4029/5280/5193
f 4030/5281/5194 4029/5280/5193 4025/5276/5189
f 4030/5281/5194 4025/5276/5189 4028/5279/5192
f 4031/5275/5188 4022/5268/5181 4029/5280/5193
f 4041/5282/5195 4028/5279/5192 4038/5278/5191
f 4029/5280/5193 4030/5281/5194 4032/5283/5196
f 4180/5284/5197 4030/5281/5194 4028/5279/5192
f 4180/5284/5197 4028/5279/5192 4041/5282/5195
f 4031/5275/5188 4029/5280/5193 4032/5283/5196
f 4035/5285/5198 4034/5061/4971 3874/5056/4966
f 4035/5285/5198 3878/5060/4970 4036/5286/5199
f 4035/5285/5198 3874/5056/4966 3878/5060/4970
f 3889/5062/4972 4036/5286/5199 3878/5060/4970
f 4044/5287/5200 4036/5286/5199 3889/5062/4972
f 4037/5288/5201 4033/5055/4965 4034/5061/4971
f 4038/5278/5191 4033/5055/4965 4037/5288/5201
f 4037/5288/5201 4034/5061/4971 4035/5285/5198
f 4037/5288/5201 4035/5285/5198 4039/5289/5202
f 4036/5286/5199 4039/5289/5202 4035/5285/5198
f 4040/5290/5203 4039/5289/5202 4036/5286/5199
f 4044/5287/5200 4040/5290/5203 4036/5286/5199
f 4038/5278/5191 4186/5291/5204 4041/5282/5195
f 4038/5278/5191 4037/5288/5201 4186/5291/5204
f 4187/5292/5205 4037/5288/5201 4039/5289/5202
f 4187/5292/5205 4186/5291/5204 4037/5288/5201
f 4188/5293/5206 4039/5289/5202 4040/5290/5203
f 4188/5293/5206 4187/5292/5205 4039/5289/5202
f 4188/5293/5206 4044/5287/5200 4050/5294/5207
f 4188/5293/5206 4040/5290/5203 4044/5287/5200
f 4042/5295/5208 3889/5062/4972 4043/5071/4981
f 4042/5295/5208 4044/5287/5200 3889/5062/4972
f 4043/5071/4981 3890/5072/4982 4042/5295/5208
f 4046/5296/5209 4044/5287/5200 4042/5295/5208
f 4047/5297/5210 4046/5296/5209 4042/5295/5208
f 4047/5297/5210 4042/5295/5208 3890/5072/4982
f 4048/5298/5211 4047/5297/5210 4045/5073/4983
f 4047/5297/5210 3890/5072/4982 4045/5073/4983
f 4070/5299/5212 4048/5298/5211 4051/5074/4984
f 4048/5298/5211 4045/5073/4983 4051/5074/4984
f 4044/5287/5200 4046/5296/5209 4049/5300/5213
f 4047/5297/5210 4049/5300/5213 4046/5296/5209
f 4048/5298/5211 4070/5299/5212 4073/5301/5214
f 4049/5300/5213 4050/5294/5207 4044/5287/5200
f 4194/5302/5215 4050/5294/5207 4049/5300/5213
f 4196/5303/5216 4049/5300/5213 4047/5297/5210
f 4196/5303/5216 4194/5302/5215 4049/5300/5213
f 4047/5297/5210 4048/5298/5211 4196/5303/5216
f 4197/5304/5217 4196/5303/5216 4048/5298/5211
f 4048/5298/5211 4073/5301/5214 4197/5304/5217
f 4056/5305/5218 4055/5089/4998 4054/5088/4997
f 4053/5087/4286 4056/5305/5218 4054/5088/4997
f 4056/5305/5218 4114/5306/5219 4055/5089/4998
f 4114/5306/5219 4113/5090/4999 4055/5089/4998
f 6060/5307/4996 4057/5308/5220 6061/5309/5221
f 4053/5087/4286 4058/5310/5222 4056/5305/5218
f 4053/5087/4286 6062/5311/5220 4058/5310/5222
f 4059/5312/5223 4058/5310/5222 6062/5311/5220
f 4059/5312/5223 4120/5313/4241 4058/5310/5222
f 4120/5313/4241 4056/5305/5218 4058/5310/5222
f 6062/5311/5220 4203/5314/5224 4059/5312/5223
f 4124/5315/5225 4120/5313/4241 4059/5312/5223
f 4203/5314/5224 4124/5315/5225 4059/5312/5223
f 6060/5307/4996 5983/5045/4947 3865/5046/4958
f 4060/5270/5183 6060/5307/4996 3865/5046/4958
f 4060/5270/5183 4061/5316/5226 6060/5307/4996
f 6063/5317/5227 6059/5271/5184 4062/5273/5186
f 6060/5307/4996 4061/5316/5226 4057/5308/5220
f 6063/5317/5227 4062/5273/5186 4063/5318/5228
f 4062/5273/5186 4024/5274/5187 4063/5318/5228
f 4063/5318/5228 4204/5319/5229 6063/5317/5227
f 4204/5319/5229 4063/5318/5228 4024/5274/5187
f 6063/5317/5227 4206/5320/5230 6064/5321/5231
f 6063/5317/5227 4204/5319/5229 4206/5320/5230
f 6064/5321/5231 4206/5320/5230 6065/5322/5224
f 4064/5100/5009 4082/5323/5232 4081/5101/5010
f 4065/5324/5233 4082/5323/5232 4064/5100/5009
f 4066/5325/5234 4067/5326/5235 4068/5327/5236
f 4066/5325/5234 4068/5327/5236 4069/5328/5237
f 4069/5328/5237 4071/5329/5238 4066/5325/5234
f 4066/5325/5234 4071/5329/5238 4065/5324/5233
f 4065/5324/5233 4095/5330/5239 4082/5323/5232
f 4071/5329/5238 4095/5330/5239 4065/5324/5233
f 4072/5331/5240 4069/5328/5237 4068/5327/5236
f 4074/5332/5241 4075/5333/5242 4104/5334/5243
f 4095/5330/5239 4074/5332/5241 4104/5334/5243
f 4071/5329/5238 4074/5332/5241 4095/5330/5239
f 4075/5333/5242 4074/5332/5241 4214/5335/5244
f 4075/5333/5242 4214/5335/5244 4213/5336/5245
f 4213/5336/5245 4229/5337/5246 4075/5333/5242
f 6033/5178/5094 4077/5338/5247 6066/5339/5248
f 4078/5340/5249 4079/5183/5098 6037/5182/5095
f 4080/5341/5250 4079/5183/5098 4078/5340/5249
f 4077/5338/5247 6033/5178/5094 6032/5177/5093
f 6067/5342/5232 4077/5338/5247 6032/5177/5093
f 6030/5175/5101 4083/5185/5100 6068/5343/5251
f 6068/5343/5251 4083/5185/5100 4084/5344/5252
f 6069/5345/5253 4085/5346/5254 6039/5186/5102
f 6039/5186/5102 4085/5346/5254 3946/5165/5082
f 4086/5347/5255 4087/5187/5103 3950/5189/5105
f 4088/5348/5256 6070/5349/5103 6071/5350/5257
f 4084/5344/5252 4083/5185/5100 6026/5166/5082
f 6072/5351/5258 4084/5344/5252 6026/5166/5082
f 6073/5352/5259 6074/5353/5260 4089/5354/5261
f 6075/5355/5256 4090/5356/5262 6076/5357/5103
f 4087/5187/5103 6077/5358/5263 4091/5188/5104
f 6078/5359/5264 6079/5360/5265 6080/5361/5261
f 6080/5361/5261 6079/5360/5265 6081/5362/5266
f 4051/5074/4984 4092/5363/5267 4070/5299/5212
f 6066/5339/5248 4077/5338/5247 6082/5364/5268
f 4093/5365/5269 4080/5341/5250 4078/5340/5249
f 4094/5366/5270 4080/5341/5250 4093/5365/5269
f 6082/5364/5268 4077/5338/5247 6067/5342/5232
f 6083/5367/5271 6082/5364/5268 6067/5342/5232
f 6068/5343/5251 4084/5344/5252 6084/5368/5272
f 6084/5368/5272 4084/5344/5252 4096/5369/5273
f 6085/5370/5274 4097/5371/5275 6069/5345/5253
f 6069/5345/5253 4097/5371/5275 4085/5346/5254
f 4098/5372/5276 6086/5373/5256 4086/5347/5277
f 4099/5374/5278 4088/5348/5279 6087/5375/5280
f 4096/5369/5273 4084/5344/5252 6072/5351/5258
f 6088/5376/5281 4096/5369/5273 6072/5351/5258
f 6089/5377/5259 6090/5378/5261 6091/5379/5282
f 6091/5379/5282 6090/5378/5261 4100/5380/5283
f 6092/5381/5284 4101/5382/5285 6075/5355/5256
f 6075/5355/5256 4101/5382/5285 4090/5356/5262
f 6080/5361/5261 6081/5362/5266 6093/5383/5286
f 6081/5362/5266 6094/5384/5287 6093/5383/5286
f 4127/5385/5288 4102/5386/5289 4125/5387/5290
f 6095/5388/5291 4128/5389/5292 6096/5390/5293
f 4070/5299/5212 4092/5363/5267 4073/5301/5214
f 4073/5301/5214 4092/5363/5267 4103/5391/5294
f 6097/5392/5295 6098/5393/5296 6082/5364/5268
f 6083/5367/5271 6097/5392/5295 6082/5364/5268
f 6099/5394/5297 4105/5395/5298 6100/5396/5299
f 4093/5365/5269 6101/5397/5300 4094/5366/5270
f 6101/5397/5300 4093/5365/5269 6102/5398/5301
f 6084/5368/5272 4096/5369/5273 6103/5399/5302
f 6103/5399/5302 4096/5369/5273 4106/5400/5303
f 4104/5334/5243 4075/5333/5242 6085/5370/5274
f 4075/5333/5242 4097/5371/5275 6085/5370/5274
f 4075/5333/5242 4107/5401/5304 4097/5371/5275
f 4108/5402/5305 4099/5374/5278 6087/5375/5280
f 4109/5403/5306 4099/5374/5278 4108/5402/5305
f 4106/5400/5303 4096/5369/5273 6088/5376/5281
f 6104/5404/5307 4106/5400/5303 6088/5376/5281
f 6105/5405/5282 6106/5406/5283 6107/5407/5305
f 6107/5407/5305 6106/5406/5283 4110/5408/5308
f 6108/5409/5309 4111/5410/5310 6092/5381/5284
f 6092/5381/5284 4111/5410/5310 4101/5382/5285
f 4112/5411/5311 4125/5387/5290 4102/5386/5289
s 0
f 4129/5412/5312 4125/5387/5313 4112/5411/4815
s 1
f 6109/5413/5314 6093/5383/5286 6094/5384/5287
f 6110/5414/5315 6109/5413/5314 6094/5384/5287
f 6096/5390/5293 4128/5389/5292 6111/5415/5316
f 4073/5301/5214 4103/5391/5294 4221/5416/5317
f 4221/5416/5317 4103/5391/5294 6112/5417/5318
f 6112/5417/5318 6113/5418/5319 4221/5416/5317
f 4221/5416/5317 6113/5418/5319 4223/5419/5320
f 4075/5333/5242 4228/5420/5321 4107/5401/5304
f 4229/5337/5246 4228/5420/5321 4075/5333/5242
f 4231/5421/5322 4109/5403/5306 4108/5402/5305
f 4232/5422/5323 4109/5403/5306 4231/5421/5322
f 6114/5423/5324 4106/5400/5303 6104/5404/5307
f 6115/5424/5325 6114/5423/5324 6104/5404/5307
f 6107/5407/5305 4110/5408/5308 6116/5425/5326
f 6116/5425/5326 4110/5408/5308 4233/5426/5327
f 4111/5410/5310 6108/5409/5309 4131/5427/5328
f 6108/5409/5309 4257/5428/5329 4131/5427/5328
f 6108/5409/5309 6117/5429/5330 4257/5428/5329
f 6118/5430/5331 6119/5431/5332 6109/5413/5314
f 6110/5414/5315 6118/5430/5331 6109/5413/5314
f 4131/5427/5333 4234/5432/5334 6120/5433/5335
s 0
f 4112/5411/5336 6121/5434/5337 4129/5412/4815
s 1
f 6121/5434/5338 4112/5411/5339 6122/5435/5340
f 6123/5436/5341 6111/5415/5316 4263/5437/5342
f 4115/5438/5343 4116/5439/5344 4113/5090/4999
f 4116/5439/5344 3962/5199/5115 4113/5090/4999
f 4116/5439/5344 4117/5200/5116 3962/5199/5115
f 4118/5440/5345 4117/5200/5116 4116/5439/5344
f 4133/5222/5138 4117/5200/5116 4118/5440/5345
f 4114/5306/5219 4115/5438/5343 4113/5090/4999
f 4118/5440/5345 4116/5439/5344 4115/5438/5343
f 4137/5441/5346 4133/5222/5138 4118/5440/5345
f 4056/5305/5218 4119/5442/5347 4114/5306/5219
f 4056/5305/5218 4120/5313/4241 4119/5442/5347
f 4119/5442/5347 4115/5438/5343 4114/5306/5219
f 4121/5443/5348 4115/5438/5343 4119/5442/5347
f 4115/5438/5343 4122/5444/5349 4118/5440/5345
f 4115/5438/5343 4121/5443/5348 4122/5444/5349
f 4122/5444/5349 4137/5441/5346 4118/5440/5345
f 4123/5445/5350 4119/5442/5347 4120/5313/4241
f 4124/5315/5225 4123/5445/5350 4120/5313/4241
f 4123/5445/5350 4121/5443/5348 4119/5442/5347
f 4121/5443/5348 4248/5446/5351 4122/5444/5349
f 4123/5445/5350 4248/5446/5351 4121/5443/5348
f 4248/5446/5351 4282/5447/5352 4122/5444/5349
f 4282/5447/5352 4137/5441/5346 4122/5444/5349
f 6124/5448/5353 4126/5449/5354 6125/5450/5288
f 6095/5388/5291 6126/5451/5355 4128/5389/5292
f 6127/5452/5356 4130/5453/5357 6124/5448/5353
f 6124/5448/5353 4130/5453/5357 4126/5449/5354
f 4128/5389/5292 6126/5451/5355 6111/5415/5316
f 6111/5415/5316 6126/5451/5355 6128/5454/5358
f 4131/5427/5328 4257/5428/5329 6127/5452/5356
f 4257/5428/5329 4130/5453/5357 6127/5452/5356
f 4257/5428/5329 4262/5455/5359 4130/5453/5357
f 6111/5415/5316 6128/5454/5358 4263/5437/5342
f 4263/5437/5342 6128/5454/5358 6129/5456/5360
f 4136/5457/5361 3993/5221/5137 4132/5224/5140
f 4134/5223/5139 4135/5458/5362 4132/5224/5140
f 4136/5457/5361 4132/5224/5140 4135/5458/5362
f 4138/5459/5363 4133/5222/5138 4137/5441/5346
f 4138/5459/5363 4134/5223/5139 4133/5222/5138
f 4139/5460/5364 4134/5223/5139 4138/5459/5363
f 4139/5460/5364 4135/5458/5362 4134/5223/5139
f 4140/5461/5365 4135/5458/5362 4139/5460/5364
f 4135/5458/5362 4148/5462/5366 4136/5457/5361
f 4140/5461/5365 4148/5462/5366 4135/5458/5362
f 4140/5461/5365 4139/5460/5364 4138/5459/5363
f 4149/5463/5367 4148/5462/5366 4140/5461/5365
f 4282/5447/5352 4138/5459/5363 4137/5441/5346
f 4283/5464/5368 4149/5463/5367 4140/5461/5365
f 4152/5465/5369 4149/5463/5367 4283/5464/5368
f 4141/5231/5147 4136/5457/5361 4142/5466/5370
f 4141/5231/5147 3993/5221/5137 4136/5457/5361
f 4142/5466/5370 4144/5232/5148 4141/5231/5147
f 4143/5239/4615 4144/5232/5148 4142/5466/5370
f 4145/5467/5371 4143/5239/4615 4142/5466/5370
f 4145/5467/5371 4146/5240/5154 4143/5239/4615
f 4147/5468/5372 4146/5240/5154 4145/5467/5371
f 4147/5468/5372 6130/5469/5155 4146/5240/5154
f 4155/5470/5373 6130/5469/5155 4147/5468/5372
f 4148/5462/5366 4142/5466/5370 4136/5457/5361
f 4149/5463/5367 4142/5466/5370 4148/5462/5366
f 4149/5463/5367 4145/5467/5371 4142/5466/5370
f 4150/5471/5374 4145/5467/5371 4149/5463/5367
f 4150/5471/5374 4147/5468/5372 4145/5467/5371
f 4151/5472/5375 4147/5468/5372 4150/5471/5374
f 4151/5472/5375 4155/5470/5373 4147/5468/5372
f 4152/5465/5369 4150/5471/5374 4149/5463/5367
f 4153/5473/5376 4150/5471/5374 4152/5465/5369
f 4153/5473/5376 4151/5472/5375 4150/5471/5374
f 4154/5474/5377 4151/5472/5375 4153/5473/5376
f 4154/5474/5377 4155/5470/5373 4151/5472/5375
f 4172/5475/5378 4155/5470/5373 4154/5474/5377
f 4291/5476/5379 4153/5473/5376 4152/5465/5369
f 4293/5477/5380 4153/5473/5376 4291/5476/5379
f 4293/5477/5380 4154/5474/5377 4153/5473/5376
f 4294/5478/5381 4154/5474/5377 4293/5477/5380
f 4172/5475/5378 4294/5478/5381 4177/5479/5382
f 4172/5475/5378 4154/5474/5377 4294/5478/5381
f 6131/5480/5383 4156/5263/5176 4157/5242/5155
f 4158/5481/5384 4156/5263/5176 6131/5480/5383
f 4158/5481/5384 4159/5482/5385 4156/5263/5176
f 4160/5264/5177 4156/5263/5176 4159/5482/5385
f 4160/5264/5177 4159/5482/5385 4161/5483/5386
f 4161/5483/5386 4162/5484/5387 4160/5264/5177
f 4160/5264/5177 4162/5484/5387 4163/5265/5178
f 4164/5266/5179 4163/5265/5178 4162/5484/5387
f 4164/5266/5179 4162/5484/5387 4165/5485/5388
f 4165/5485/5388 4166/5486/5389 4164/5266/5179
f 4164/5266/5179 4166/5486/5389 4167/5267/5180
f 4158/5481/5384 6131/5480/5383 4168/5487/5390
f 4168/5487/5390 4159/5482/5385 4158/5481/5384
f 4161/5483/5386 4159/5482/5385 4168/5487/5390
f 4169/5488/5391 4161/5483/5386 4168/5487/5390
f 4161/5483/5386 4169/5488/5391 4162/5484/5387
f 4170/5489/5392 4171/5490/5393 4165/5485/5388
f 4162/5484/5387 4170/5489/5392 4165/5485/5388
f 4169/5488/5391 4170/5489/5392 4162/5484/5387
f 4171/5490/5393 4166/5486/5389 4165/5485/5388
f 6131/5480/5383 6132/5491/5378 4168/5487/5390
f 4168/5487/5390 6132/5491/5378 4173/5492/5394
f 4169/5488/5391 4173/5492/5394 4174/5493/5395
f 4169/5488/5391 4168/5487/5390 4173/5492/5394
f 4175/5494/5396 4169/5488/5391 4174/5493/5395
f 4175/5494/5396 4176/5495/5397 4169/5488/5391
f 4176/5495/5397 4170/5489/5392 4169/5488/5391
f 6133/5496/5398 4172/5475/5378 4177/5479/5382
f 4303/5497/5399 4173/5492/5394 6134/5498/5382
f 4174/5493/5395 4173/5492/5394 4178/5499/5400
f 4173/5492/5394 4303/5497/5399 4178/5499/5400
f 4178/5499/5400 4175/5494/5396 4174/5493/5395
f 4178/5499/5400 4176/5495/5397 4175/5494/5396
f 4178/5499/5400 4307/5500/5401 4176/5495/5397
f 4031/5275/5188 4210/5501/5402 4024/5274/5187
f 4030/5281/5194 4179/5502/5194 4032/5283/5196
f 4180/5284/5197 4179/5502/5194 4030/5281/5194
f 4189/5503/5403 4180/5284/5197 4041/5282/5195
f 4181/5504/5404 4031/5275/5188 4032/5283/5196
f 4181/5504/5404 4210/5501/5402 4031/5275/5188
f 4032/5283/5196 4179/5502/5194 4181/5504/5404
f 4179/5502/5194 4180/5284/5197 4182/5505/5405
f 4189/5503/5403 4182/5505/5405 4180/5284/5197
f 4210/5501/5402 4181/5504/5404 4183/5506/5404
f 4183/5506/5404 4181/5504/5404 4179/5502/5194
f 4183/5506/5404 4184/5507/5406 4210/5501/5402
f 4185/5508/5407 4183/5506/5404 4179/5502/5194
f 4185/5508/5407 4184/5507/5406 4183/5506/5404
f 4185/5508/5407 4179/5502/5194 4182/5505/5405
f 4318/5509/5408 4185/5508/5407 4182/5505/5405
f 4323/5510/5409 4182/5505/5405 4189/5503/5403
f 4318/5509/5408 4182/5505/5405 4323/5510/5409
f 4189/5503/5403 4041/5282/5195 4186/5291/5204
f 4195/5511/5410 4188/5293/5206 4050/5294/5207
f 4190/5512/5411 4189/5503/5403 4186/5291/5204
f 4191/5513/5412 4186/5291/5204 4187/5292/5205
f 4191/5513/5412 4190/5512/5411 4186/5291/5204
f 4192/5514/5413 4187/5292/5205 4188/5293/5206
f 4192/5514/5413 4191/5513/5412 4187/5292/5205
f 4195/5511/5410 4192/5514/5413 4188/5293/5206
f 4193/5515/5414 4189/5503/5403 4190/5512/5411
f 4191/5513/5412 4193/5515/5414 4190/5512/5411
f 4193/5515/5414 4320/5516/5415 4189/5503/5403
f 4193/5515/5414 4191/5513/5412 4320/5516/5415
f 4321/5517/5416 4191/5513/5412 4192/5514/5413
f 4321/5517/5416 4320/5516/5415 4191/5513/5412
f 4329/5518/5417 4192/5514/5413 4195/5511/5410
f 4329/5518/5417 4321/5517/5416 4192/5514/5413
f 4323/5510/5409 4189/5503/5403 4320/5516/5415
f 4194/5302/5215 4195/5511/5410 4050/5294/5207
f 4199/5519/5418 4194/5302/5215 4196/5303/5216
f 4197/5304/5217 4199/5519/5418 4196/5303/5216
f 4197/5304/5217 4073/5301/5214 4212/5520/5419
f 4198/5521/5420 4195/5511/5410 4194/5302/5215
f 4198/5521/5420 4194/5302/5215 4199/5519/5418
f 4200/5522/5421 4199/5519/5418 4197/5304/5217
f 4197/5304/5217 4212/5520/5419 4200/5522/5421
f 4200/5522/5421 4212/5520/5419 4217/5523/5422
f 4198/5521/5420 4199/5519/5418 4201/5524/5423
f 4200/5522/5421 4201/5524/5423 4199/5519/5418
f 4200/5522/5421 4217/5523/5422 4220/5525/5424
f 4329/5518/5417 4198/5521/5420 4202/5526/5425
f 4329/5518/5417 4195/5511/5410 4198/5521/5420
f 4201/5524/5423 4202/5526/5425 4198/5521/5420
f 4332/5527/5210 4201/5524/5423 4200/5522/5421
f 4200/5522/5421 4220/5525/5424 4332/5527/5210
f 4207/5528/5426 4124/5315/5225 4203/5314/5224
f 4207/5528/5426 4254/5529/5427 4124/5315/5225
f 4204/5319/5229 4024/5274/5187 4205/5530/5428
f 4024/5274/5187 4210/5501/5402 4205/5530/5428
f 6135/5531/5426 6065/5322/5224 4206/5320/5230
f 4204/5319/5229 4208/5532/5429 4206/5320/5230
f 4204/5319/5229 4205/5530/5428 4208/5532/5429
f 4206/5320/5230 4208/5532/5429 4209/5533/5430
f 6135/5531/5426 4206/5320/5230 4209/5533/5430
f 6135/5531/5426 4209/5533/5430 6136/5534/5427
f 4205/5530/5428 4210/5501/5402 4211/5535/5431
f 4211/5535/5431 4336/5536/5432 4205/5530/5428
f 4337/5537/5433 4338/5538/5434 4205/5530/5428
f 4205/5530/5428 4338/5538/5434 4208/5532/5429
f 4205/5530/5428 4336/5536/5432 4337/5537/5433
f 4208/5532/5429 4339/5539/5435 4209/5533/5430
f 4208/5532/5429 4338/5538/5434 4339/5539/5435
f 4209/5533/5430 4376/5540/5436 6136/5534/5427
f 4209/5533/5430 4339/5539/5435 4376/5540/5436
f 4210/5501/5402 4184/5507/5406 4211/5535/5431
f 4345/5541/5437 4211/5535/5431 4184/5507/5406
f 4336/5536/5432 4211/5535/5431 4345/5541/5437
f 4345/5541/5437 4184/5507/5406 4185/5508/5407
f 4213/5336/5245 4214/5335/5244 4215/5542/5438
f 4213/5336/5245 4215/5542/5438 4216/5543/5439
f 4216/5543/5439 4225/5544/5440 4213/5336/5245
f 4213/5336/5245 4225/5544/5440 4229/5337/5246
f 4218/5545/5441 4219/5546/5442 4215/5542/5438
f 4216/5543/5439 4215/5542/5438 4219/5546/5442
f 4219/5546/5442 4237/5547/5443 4216/5543/5439
f 4216/5543/5439 4237/5547/5443 4225/5544/5440
f 4351/5548/5444 4332/5527/5210 4220/5525/5424
f 4351/5548/5444 4220/5525/5424 4217/5523/5422
f 4073/5301/5214 4221/5416/5317 4212/5520/5419
f 4212/5520/5419 4221/5416/5317 4222/5549/5445
f 4221/5416/5317 4223/5419/5320 4222/5549/5445
f 4222/5549/5445 4223/5419/5320 4224/5550/5446
f 4225/5544/5440 4226/5551/5447 4227/5552/5448
f 4228/5420/5321 4225/5544/5440 4227/5552/5448
f 4229/5337/5246 4225/5544/5440 4228/5420/5321
f 6137/5553/5449 6138/5554/5450 6114/5423/5324
f 6115/5424/5325 6137/5553/5449 6114/5423/5324
f 6139/5555/5451 4230/5556/5452 6140/5557/5453
f 6141/5558/5454 6142/5559/5455 6143/5560/5456
f 6142/5559/5455 6141/5558/5454 6144/5561/5457
f 4231/5421/5454 6145/5562/5458 6146/5563/5459
f 6117/5429/5330 4227/5552/5448 4226/5551/5447
f 4255/5564/5460 6117/5429/5330 4226/5551/5447
f 4257/5428/5329 6117/5429/5330 4255/5564/5460
f 4233/5426/5461 6123/5436/5341 4261/5565/5462
f 4230/5556/5463 4233/5426/5461 4261/5565/5462
f 4263/5437/5342 4261/5565/5462 6123/5436/5341
f 4212/5520/5419 4222/5549/5445 4217/5523/5422
f 4217/5523/5422 4222/5549/5445 4235/5566/5464
f 4222/5549/5445 4224/5550/5446 4235/5566/5464
f 4235/5566/5464 4224/5550/5446 4236/5567/5465
f 4226/5551/5447 4225/5544/5440 4237/5547/5443
f 4226/5551/5447 4237/5547/5443 4238/5568/5466
f 4239/5569/5467 4236/5567/5465 4224/5550/5446
f 4239/5569/5467 4224/5550/5446 6147/5570/5468
f 4255/5564/5460 4226/5551/5447 4238/5568/5466
f 4255/5564/5460 4238/5568/5466 4266/5571/5469
f 4261/5565/5462 6148/5572/5470 4230/5556/5463
f 4261/5565/5462 4269/5573/5471 6148/5572/5470
f 4217/5523/5422 4235/5566/5464 4240/5574/5472
f 4235/5566/5464 4236/5567/5465 4240/5574/5472
f 4238/5568/5466 4237/5547/5443 4241/5575/5473
f 4238/5568/5466 4241/5575/5473 4242/5576/5474
f 4242/5576/5474 4244/5577/5475 4238/5568/5466
f 4266/5571/5469 4238/5568/5466 4244/5577/5475
f 4266/5571/5469 4244/5577/5475 4272/5578/5476
f 4269/5573/5471 4274/5579/5477 4245/5580/5478
f 4243/5581/5479 4269/5573/5471 4245/5580/5478
f 6148/5572/5470 4269/5573/5471 4243/5581/5479
f 4274/5579/5477 4276/5582/5480 4245/5580/5478
f 4217/5523/5422 4240/5574/5472 4351/5548/5444
f 4351/5548/5444 4240/5574/5472 4352/5583/5481
f 4353/5584/5482 4352/5583/5481 4240/5574/5472
f 4240/5574/5472 4236/5567/5465 4353/5584/5482
f 4242/5576/5474 4241/5575/5473 4356/5585/5483
f 4242/5576/5474 4356/5585/5483 4355/5586/5484
f 4360/5587/5485 4353/5584/5482 4236/5567/5465
f 4360/5587/5485 4236/5567/5465 4239/5569/5467
f 4239/5569/5467 6149/5588/5486 4360/5587/5485
f 4355/5586/5484 4362/5589/5487 4242/5576/5474
f 4242/5576/5474 4362/5589/5487 4244/5577/5475
f 4272/5578/5476 4244/5577/5475 4362/5589/5487
f 4272/5578/5476 4362/5589/5487 4382/5590/5488
f 4243/5581/5479 4245/5580/5478 4279/5591/5489
f 4387/5592/5490 4243/5581/5479 4279/5591/5489
f 6150/5593/5491 6151/5594/5492 6152/5595/5490
f 4276/5582/5480 4279/5591/5489 4245/5580/5478
f 4124/5315/5225 4246/5596/5493 4123/5445/5350
f 4123/5445/5350 4246/5596/5493 4247/5597/5494
f 4247/5597/5494 4248/5446/5351 4123/5445/5350
f 4280/5598/5495 4282/5447/5352 4248/5446/5351
f 4254/5529/5427 4246/5596/5493 4124/5315/5225
f 4249/5599/5496 4247/5597/5494 4246/5596/5493
f 4250/5600/4068 4251/5601/5343 4247/5597/5494
f 4251/5601/5343 4248/5446/5351 4247/5597/5494
f 4250/5600/4068 4247/5597/5494 4249/5599/5496
f 4251/5601/5343 4280/5598/5495 4248/5446/5351
f 4252/5602/5497 4246/5596/5493 4254/5529/5427
f 4246/5596/5493 4252/5602/5497 4249/5599/5496
f 4253/5603/5498 4251/5601/5343 4250/5600/4068
f 4249/5599/5496 4253/5603/5498 4250/5600/4068
f 4252/5602/5497 4253/5603/5498 4249/5599/5496
f 4287/5604/5499 4251/5601/5343 4253/5603/5498
f 4287/5604/5499 4280/5598/5495 4251/5601/5343
f 4254/5529/5427 4370/5605/5500 4252/5602/5497
f 4252/5602/5497 4370/5605/5500 4371/5606/5501
f 4371/5606/5501 4253/5603/5498 4252/5602/5497
f 4373/5607/5502 4253/5603/5498 4371/5606/5501
f 4253/5603/5498 4373/5607/5502 4287/5604/5499
f 6136/5534/5427 4376/5540/5436 6153/5608/5503
f 4255/5564/5460 4256/5609/5504 4257/5428/5329
f 4258/5610/5505 4259/5611/5506 4260/5612/5507
f 6154/5613/5508 6155/5614/5509 6156/5615/5510
f 4257/5428/5329 4256/5609/5504 4262/5455/5359
f 4261/5565/5462 4263/5437/5342 6129/5456/5360
f 4264/5616/5511 6157/5617/5512 6158/5618/5507
f 4259/5611/5506 4265/5619/5513 4260/5612/5507
f 6159/5620/5514 6160/5621/5515 6161/5622/5516
f 4255/5564/5460 4266/5571/5469 4256/5609/5504
f 4267/5623/5517 4259/5611/5506 4258/5610/5505
f 4268/5624/5518 4259/5611/5506 4267/5623/5517
f 6162/5625/5519 6155/5614/5509 6154/5613/5508
f 6163/5626/5520 6162/5625/5519 6154/5613/5508
f 6157/5617/5512 4264/5616/5511 6164/5627/5517
f 6164/5627/5517 4264/5616/5511 4270/5628/5521
f 4268/5624/5518 4271/5629/5522 4259/5611/5506
f 4259/5611/5506 4271/5629/5522 4265/5619/5513
f 6161/5622/5516 6160/5621/5515 6165/5630/5523
f 6165/5630/5523 6160/5621/5515 6166/5631/5524
f 4272/5578/5476 4273/5632/5525 4266/5571/5469
f 6167/5633/5526 4275/5634/5527 4268/5624/5518
f 4267/5623/5517 6167/5633/5526 4268/5624/5518
f 6167/5633/5526 4273/5632/5528 4275/5634/5527
f 6163/5626/5520 6168/5635/5529 6162/5625/5519
f 6168/5635/5529 6163/5626/5520 6169/5636/5530
f 6164/5627/5517 4270/5628/5521 4274/5579/5477
f 4270/5628/5521 4276/5582/5480 4274/5579/5477
f 4270/5628/5521 4277/5637/5531 4276/5582/5480
f 4275/5634/5527 4278/5638/5532 4268/5624/5518
f 4268/5624/5518 4278/5638/5532 4271/5629/5522
f 6165/5630/5523 6166/5631/5524 6170/5639/5533
f 6170/5639/5533 6166/5631/5524 6171/5640/5534
f 4272/5578/5476 4382/5590/5488 4273/5632/5525
f 6172/5641/5535 6169/5636/5536 6173/5642/5537
f 6174/5643/5538 6172/5641/5535 6173/5642/5537
f 6172/5641/5535 6175/5644/5539 6169/5636/5536
f 6176/5645/5489 4384/5646/5540 4275/5634/5527
f 4276/5582/5480 4388/5647/5541 4279/5591/5489
f 4276/5582/5480 4277/5637/5531 4388/5647/5541
f 4384/5646/5540 4391/5648/5542 4275/5634/5527
f 4275/5634/5527 4391/5648/5542 4278/5638/5532
f 6170/5639/5533 6171/5640/5534 6177/5649/5543
f 6177/5649/5543 6171/5640/5534 6178/5650/5544
f 4281/5651/5545 4282/5447/5352 4280/5598/5495
f 4281/5651/5545 4138/5459/5363 4282/5447/5352
f 4281/5651/5545 4140/5461/5365 4138/5459/5363
f 4283/5464/5368 4140/5461/5365 4281/5651/5545
f 4284/5652/5546 4152/5465/5369 4283/5464/5368
f 4290/5653/5547 4152/5465/5369 4284/5652/5546
f 4285/5654/5548 4286/5655/5549 4280/5598/5495
f 4286/5655/5549 4281/5651/5545 4280/5598/5495
f 4286/5655/5549 4283/5464/5368 4281/5651/5545
f 4286/5655/5549 4284/5652/5546 4283/5464/5368
f 4287/5604/5499 4285/5654/5548 4280/5598/5495
f 4288/5656/5550 4286/5655/5549 4285/5654/5548
f 4287/5604/5499 4288/5656/5550 4285/5654/5548
f 4289/5657/5551 4286/5655/5549 4288/5656/5550
f 4289/5657/5551 4284/5652/5546 4286/5655/5549
f 4289/5657/5551 4290/5653/5547 4284/5652/5546
f 4298/5658/5552 4290/5653/5547 4289/5657/5551
f 4406/5659/3985 4288/5656/5550 4287/5604/5499
f 4407/5660/5553 4288/5656/5550 4406/5659/3985
f 4407/5660/5553 4289/5657/5551 4288/5656/5550
f 4414/5661/5554 4298/5658/5552 4289/5657/5551
f 4290/5653/5547 4291/5476/5379 4152/5465/5369
f 4292/5662/5555 4291/5476/5379 4290/5653/5547
f 4292/5662/5555 4293/5477/5380 4291/5476/5379
f 4295/5663/5556 4294/5478/5381 4293/5477/5380
f 4177/5479/5382 4294/5478/5381 4297/5664/5557
f 4294/5478/5381 4295/5663/5556 4297/5664/5557
f 4296/5665/5558 4293/5477/5380 4292/5662/5555
f 4296/5665/5558 4295/5663/5556 4293/5477/5380
f 4298/5658/5552 4292/5662/5555 4290/5653/5547
f 4299/5666/5559 4292/5662/5555 4298/5658/5552
f 4299/5666/5559 4296/5665/5558 4292/5662/5555
f 4300/5667/5560 4295/5663/5556 4296/5665/5558
f 4300/5667/5560 4301/5668/5561 4295/5663/5556
f 4295/5663/5556 4301/5668/5561 4297/5664/5557
f 4309/5669/5562 4297/5664/5557 4301/5668/5561
f 4414/5661/5554 4299/5666/5559 4298/5658/5552
f 4416/5670/5563 4296/5665/5558 4299/5666/5559
f 4416/5670/5563 4300/5667/5560 4296/5665/5558
f 4415/5671/5564 4300/5667/5560 4416/5670/5563
f 4300/5667/5560 4415/5671/5564 4301/5668/5561
f 4301/5668/5561 4415/5671/5564 4426/5672/5565
f 4302/5673/5566 6134/5498/5382 6179/5674/5567
f 4303/5497/5399 6134/5498/5382 4302/5673/5566
f 4302/5673/5566 4178/5499/5400 4303/5497/5399
f 4304/5675/5568 4178/5499/5400 4302/5673/5566
f 4304/5675/5568 4305/5676/5569 4306/5677/5570
f 4307/5500/5401 4304/5675/5568 4306/5677/5570
f 4178/5499/5400 4304/5675/5568 4307/5500/5401
f 4305/5676/5569 4308/5678/5571 4306/5677/5570
f 6180/5679/5572 4302/5673/5566 6179/5674/5567
f 4310/5680/5573 4302/5673/5566 6180/5679/5572
f 4304/5675/5568 4310/5680/5573 4311/5681/5574
f 4304/5675/5568 4302/5673/5566 4310/5680/5573
f 4312/5682/5575 4304/5675/5568 4311/5681/5574
f 4313/5683/5576 4314/5684/5577 4305/5676/5569
f 4313/5683/5576 4305/5676/5569 4304/5675/5568
f 4312/5682/5575 4313/5683/5576 4304/5675/5568
f 4314/5684/5577 4308/5678/5571 4305/5676/5569
f 4301/5668/5561 6181/5685/5578 4309/5669/5562
f 4315/5686/5579 6181/5685/5578 4301/5668/5561
f 4315/5686/5579 4316/5687/5580 6181/5685/5578
f 4310/5680/5573 6182/5688/5581 4311/5681/5574
f 4312/5682/5575 4311/5681/5574 6182/5688/5581
f 6182/5688/5581 4317/5689/5582 4312/5682/5575
f 4312/5682/5575 4317/5689/5582 4313/5683/5576
f 4426/5672/5565 4315/5686/5579 4301/5668/5561
f 4425/5690/5583 4315/5686/5579 4426/5672/5565
f 4315/5686/5579 4429/5691/5584 4316/5687/5580
f 4315/5686/5579 4425/5690/5583 4429/5691/5584
f 6183/5692/5585 4317/5689/5582 6182/5688/5581
f 6183/5692/5585 4433/5693/5586 4317/5689/5582
f 4185/5508/5407 4318/5509/5408 4346/5694/5587
f 4324/5695/5588 4318/5509/5408 4323/5510/5409
f 4318/5509/5408 4319/5696/5589 4346/5694/5587
f 4324/5695/5588 4319/5696/5589 4318/5509/5408
f 4319/5696/5589 4324/5695/5588 4327/5697/5590
f 4322/5698/5591 4323/5510/5409 4320/5516/5415
f 4322/5698/5591 4324/5695/5588 4323/5510/5409
f 4325/5699/5592 4320/5516/5415 4321/5517/5416
f 4325/5699/5592 4322/5698/5591 4320/5516/5415
f 4333/5700/5593 4321/5517/5416 4329/5518/5417
f 4333/5700/5593 4325/5699/5592 4321/5517/5416
f 4326/5701/5594 4327/5697/5590 4324/5695/5588
f 4328/5702/5595 4324/5695/5588 4322/5698/5591
f 4328/5702/5595 4326/5701/5594 4324/5695/5588
f 4325/5699/5592 4328/5702/5595 4322/5698/5591
f 4327/5697/5590 4326/5701/5594 4444/5703/5596
f 4328/5702/5595 4444/5703/5596 4326/5701/5594
f 4446/5704/5597 4328/5702/5595 4325/5699/5592
f 4333/5700/5593 4446/5704/5597 4325/5699/5592
f 4330/5705/5598 4329/5518/5417 4202/5526/5425
f 4331/5706/5599 4202/5526/5425 4201/5524/5423
f 4331/5706/5599 4330/5705/5598 4202/5526/5425
f 4331/5706/5599 4201/5524/5423 4332/5527/5210
f 4330/5705/5598 4333/5700/5593 4329/5518/5417
f 4334/5707/5600 4330/5705/5598 4331/5706/5599
f 4331/5706/5599 4332/5527/5210 4334/5707/5600
f 4335/5708/5601 4333/5700/5593 4330/5705/5598
f 4334/5707/5600 4335/5708/5601 4330/5705/5598
f 4337/5537/5433 4339/5539/5435 4338/5538/5434
f 4336/5536/5432 4340/5709/5602 4337/5537/5433
f 4340/5709/5602 4339/5539/5435 4337/5537/5433
f 4339/5539/5435 4378/5710/5603 4376/5540/5436
f 4340/5709/5602 4342/5711/5604 4339/5539/5435
f 4340/5709/5602 4341/5712/5605 4342/5711/5604
f 4339/5539/5435 4343/5713/5606 4378/5710/5603
f 4339/5539/5435 4342/5711/5604 4343/5713/5606
f 4336/5536/5432 4345/5541/5437 4344/5714/5607
f 4345/5541/5437 4185/5508/5407 4346/5694/5587
f 4344/5714/5607 4345/5541/5437 4346/5694/5587
f 4347/5715/5608 4344/5714/5607 4346/5694/5587
f 4346/5694/5587 4319/5696/5589 4347/5715/5608
f 4336/5536/5432 4344/5714/5607 4340/5709/5602
f 4344/5714/5607 4347/5715/5608 4348/5716/5609
f 4348/5716/5609 4347/5715/5608 4319/5696/5589
f 4341/5712/5605 4340/5709/5602 4344/5714/5607
f 4450/5717/5610 4348/5716/5609 4319/5696/5589
f 4450/5717/5610 4319/5696/5589 4327/5697/5590
f 4341/5712/5605 4344/5714/5607 4452/5718/5611
f 4344/5714/5607 4348/5716/5609 4452/5718/5611
f 4352/5583/5481 4332/5527/5210 4351/5548/5444
f 4349/5719/5612 4334/5707/5600 4332/5527/5210
f 4363/5720/5613 4332/5527/5210 4352/5583/5481
f 4363/5720/5613 4349/5719/5612 4332/5527/5210
f 4350/5721/5614 4334/5707/5600 4349/5719/5612
f 4367/5722/5615 4349/5719/5612 4363/5720/5613
f 4367/5722/5615 4350/5721/5614 4349/5719/5612
f 4465/5723/5616 4335/5708/5601 4334/5707/5600
f 4350/5721/5614 4465/5723/5616 4334/5707/5600
f 4467/5724/5617 4465/5723/5616 4350/5721/5614
f 4367/5722/5615 4467/5724/5617 4350/5721/5614
f 4355/5586/5484 4356/5585/5483 4357/5725/5618
f 4355/5586/5484 4357/5725/5618 4358/5726/5619
f 4359/5727/5620 4354/5728/5621 4353/5584/5482
f 4359/5727/5620 4353/5584/5482 4360/5587/5485
f 4358/5726/5619 4361/5729/5622 4355/5586/5484
f 4355/5586/5484 4361/5729/5622 4362/5589/5487
f 4382/5590/5488 4362/5589/5487 4361/5729/5622
f 4382/5590/5488 4361/5729/5622 4380/5730/5623
f 4387/5592/5490 6184/5731/5624 6185/5732/5625
f 4387/5592/5490 4386/5733/5626 6184/5731/5624
f 4354/5728/5621 4363/5720/5613 4352/5583/5481
f 4354/5728/5621 4352/5583/5481 4353/5584/5482
f 4364/5734/5627 4358/5726/5619 4357/5725/5618
f 4380/5730/5623 4361/5729/5622 4366/5735/5628
f 4380/5730/5623 4366/5735/5628 4392/5736/5629
f 4386/5733/5626 4365/5737/5630 6184/5731/5624
f 4368/5738/5631 4367/5722/5615 4363/5720/5613
f 4368/5738/5631 4363/5720/5613 4354/5728/5621
f 6186/5739/5630 4368/5738/5631 4354/5728/5621
f 6186/5739/5630 4354/5728/5621 4359/5727/5620
f 4392/5736/5629 4366/5735/5628 4369/5740/5632
f 4392/5736/5629 4369/5740/5632 4397/5741/5633
f 4386/5733/5626 4401/5742/5634 4365/5737/5630
f 4397/5741/5633 4369/5740/5632 4478/5743/5635
f 4397/5741/5633 4478/5743/5635 4505/5744/5636
f 4401/5742/5634 4404/5745/5637 4481/5746/5638
f 4365/5737/5630 4401/5742/5634 4481/5746/5638
f 4372/5747/5639 4373/5607/5502 4371/5606/5501
f 4373/5607/5502 4405/5748/5640 4287/5604/5499
f 4372/5747/5639 4405/5748/5640 4373/5607/5502
f 4370/5605/5500 4374/5749/5641 4371/5606/5501
f 4371/5606/5501 4375/5750/5642 4372/5747/5639
f 4371/5606/5501 4374/5749/5641 4375/5750/5642
f 4375/5750/5642 4405/5748/5640 4372/5747/5639
f 4410/5751/5643 4405/5748/5640 4375/5750/5642
f 4497/5752/5644 4375/5750/5642 4374/5749/5641
f 4492/5753/5645 6187/5754/5642 6188/5755/5644
f 4375/5750/5642 4493/5756/5646 4410/5751/5643
f 4375/5750/5642 6189/5757/5647 4493/5756/5646
f 4377/5758/5648 6153/5608/5503 4376/5540/5436
f 4376/5540/5436 4378/5710/5603 4377/5758/5648
f 4377/5758/5648 4378/5710/5603 4343/5713/5606
f 4374/5749/5641 4370/5605/5500 6190/5759/5648
f 4374/5749/5641 6190/5759/5648 4497/5752/5644
f 4379/5760/5649 4377/5758/5648 4343/5713/5606
f 4379/5760/5649 6188/5755/5644 4377/5758/5648
f 4380/5730/5623 4381/5761/5650 4382/5590/5488
f 4383/5762/5651 4384/5646/5540 6176/5645/5489
f 4385/5763/5652 4384/5646/5540 4383/5762/5651
f 6191/5764/5653 6174/5643/5538 6173/5642/5537
f 6192/5765/5650 6191/5764/5653 6173/5642/5537
f 4279/5591/5489 4388/5647/5541 6193/5766/5654
f 6193/5766/5654 4388/5647/5541 4389/5767/5655
f 4385/5763/5652 4390/5768/5656 4384/5646/5540
f 4384/5646/5540 4390/5768/5656 4391/5648/5542
f 6177/5649/5543 6178/5650/5544 6194/5769/5657
f 6194/5769/5657 6178/5650/5544 6195/5770/5658
f 4392/5736/5629 4393/5771/5659 4380/5730/5623
f 4380/5730/5623 4393/5771/5659 4381/5761/5650
f 4394/5772/5660 4385/5763/5652 4383/5762/5651
f 6196/5773/5659 6191/5764/5653 6192/5765/5650
f 6193/5766/5654 4389/5767/5655 4395/5774/5661
f 4394/5772/5660 4396/5775/5662 4385/5763/5652
f 4385/5763/5652 4396/5775/5662 4390/5768/5656
f 6194/5769/5657 6195/5770/5658 6197/5776/5663
f 6195/5770/5658 6198/5777/5664 6197/5776/5663
f 4397/5741/5633 4398/5778/5665 4392/5736/5629
f 4392/5736/5629 4398/5778/5665 4393/5771/5659
f 4399/5779/5666 4394/5772/5660 4383/5762/5651
f 4400/5780/5667 4394/5772/5660 4399/5779/5666
f 6199/5781/5668 6191/5764/5653 6196/5773/5659
f 6200/5782/5665 6199/5781/5668 6196/5773/5659
f 6193/5766/5654 4395/5774/5661 6201/5783/5666
f 6201/5783/5666 4395/5774/5661 4402/5784/5669
f 4400/5780/5667 4403/5785/5670 4394/5772/5660
f 4394/5772/5660 4403/5785/5670 4396/5775/5662
f 6202/5786/5670 6203/5787/5671 6198/5777/5664
f 6203/5787/5671 6197/5776/5663 6198/5777/5664
f 4505/5744/5636 4506/5788/5672 4397/5741/5633
f 4397/5741/5633 4506/5788/5672 4398/5778/5665
f 6204/5789/5673 4507/5790/5674 4400/5780/5667
f 4399/5779/5666 6204/5789/5673 4400/5780/5667
f 6204/5789/5673 4506/5788/5672 4507/5790/5674
f 6200/5782/5665 6205/5791/5673 6199/5781/5668
f 6205/5791/5673 6200/5782/5665 6206/5792/5675
f 6201/5783/5666 4402/5784/5669 4404/5745/5637
f 4402/5784/5669 4481/5746/5638 4404/5745/5637
f 4402/5784/5669 4509/5793/5676 4481/5746/5638
f 4507/5790/5674 4403/5785/5670 4400/5780/5667
f 6203/5787/5671 6202/5786/5670 6207/5794/5677
f 4406/5659/3985 4287/5604/5499 4405/5748/5640
f 4408/5795/5678 4289/5657/5551 4407/5660/5553
f 4408/5795/5678 4414/5661/5554 4289/5657/5551
f 4405/5748/5640 4409/5796/5679 4406/5659/3985
f 4405/5748/5640 4410/5751/5643 4409/5796/5679
f 4409/5796/5679 4407/5660/5553 4406/5659/3985
f 4411/5797/4838 4407/5660/5553 4409/5796/5679
f 4411/5797/4838 4408/5795/5678 4407/5660/5553
f 4420/5798/5551 4408/5795/5678 4411/5797/4838
f 4493/5756/5646 4409/5796/5679 4410/5751/5643
f 4412/5799/3985 4411/5797/4838 4409/5796/5679
f 4493/5756/5646 4412/5799/3985 4409/5796/5679
f 4537/5800/5680 4411/5797/4838 4412/5799/3985
f 4537/5800/5680 4420/5798/5551 4411/5797/4838
f 4543/5801/5681 4420/5798/5551 4537/5800/5680
f 4413/5802/5682 4414/5661/5554 4408/5795/5678
f 4413/5802/5682 4299/5666/5559 4414/5661/5554
f 4415/5671/5564 4416/5670/5563 4413/5802/5682
f 4416/5670/5563 4299/5666/5559 4413/5802/5682
f 4417/5803/5683 4415/5671/5564 4413/5802/5682
f 4415/5671/5564 4417/5803/5683 4418/5804/5684
f 4418/5804/5684 4426/5672/5565 4415/5671/5564
f 4424/5805/5685 4426/5672/5565 4418/5804/5684
f 4419/5806/5686 4413/5802/5682 4408/5795/5678
f 4420/5798/5551 4419/5806/5686 4408/5795/5678
f 4419/5806/5686 4417/5803/5683 4413/5802/5682
f 4421/5807/5687 4417/5803/5683 4419/5806/5686
f 4421/5807/5687 4418/5804/5684 4417/5803/5683
f 4422/5808/5688 4418/5804/5684 4421/5807/5687
f 4422/5808/5688 4424/5805/5685 4418/5804/5684
f 4435/5809/5689 4424/5805/5685 4422/5808/5688
f 4423/5810/5690 4419/5806/5686 4420/5798/5551
f 4423/5810/5690 4421/5807/5687 4419/5806/5686
f 4440/5811/5691 6208/5812/5692 6209/5813/5693
f 4543/5801/5681 4423/5810/5690 4420/5798/5551
f 4545/5814/5140 4421/5807/5687 4423/5810/5690
f 4545/5814/5140 4422/5808/5688 4421/5807/5687
f 4547/5815/5694 4422/5808/5688 4545/5814/5140
f 6210/5816/5695 4440/5811/5691 6209/5813/5693
f 4555/5817/5696 4440/5811/5691 6210/5816/5695
f 4424/5805/5685 4425/5690/5583 4426/5672/5565
f 4427/5818/5697 4425/5690/5583 4424/5805/5685
f 4428/5819/5698 6183/5692/5585 4430/5820/5156
f 6183/5692/5585 6211/5821/5697 4430/5820/5156
f 4429/5691/5584 4425/5690/5583 4427/5818/5697
f 4431/5822/5699 6212/5823/5700 6213/5824/5701
f 6214/5825/5702 4432/5826/5703 4428/5819/5698
f 4432/5826/5703 6183/5692/5585 4428/5819/5698
f 4432/5826/5703 4433/5693/5586 6183/5692/5585
f 4435/5809/5689 4427/5818/5697 4424/5805/5685
f 4436/5827/5704 4427/5818/5697 4435/5809/5689
f 4436/5827/5704 4437/5828/5705 4427/5818/5697
f 4427/5818/5697 4437/5828/5705 6213/5824/5701
f 4431/5822/5699 6213/5824/5701 4437/5828/5705
f 6215/5829/5706 4438/5830/5707 6214/5825/5702
f 6214/5825/5702 4438/5830/5707 4432/5826/5703
f 4434/5831/5708 4432/5826/5703 4438/5830/5707
f 4434/5831/5708 4438/5830/5707 4439/5832/5709
f 4440/5811/5691 6216/5833/5710 6208/5812/5692
f 4441/5834/5711 6216/5833/5710 4440/5811/5691
f 4436/5827/5704 6217/5835/5712 4437/5828/5705
f 6215/5829/5706 4441/5834/5711 4442/5836/5713
f 4442/5836/5713 4438/5830/5707 6215/5829/5706
f 4439/5832/5709 4438/5830/5707 4443/5837/5714
f 4441/5834/5711 4440/5811/5691 4555/5817/5696
f 4556/5838/5715 4442/5836/5713 4441/5834/5711
f 4558/5839/5716 4442/5836/5713 4556/5838/5715
f 4558/5839/5716 4561/5840/5717 4442/5836/5713
f 4442/5836/5713 4561/5840/5717 4438/5830/5707
f 4443/5837/5714 4438/5830/5707 4561/5840/5717
f 4443/5837/5714 4561/5840/5717 4562/5841/5718
f 4444/5703/5596 4328/5702/5595 4445/5842/5719
f 4446/5704/5597 4445/5842/5719 4328/5702/5595
f 4447/5843/5720 4446/5704/5597 4333/5700/5593
f 4464/5844/5721 4447/5843/5720 4335/5708/5601
f 4447/5843/5720 4333/5700/5593 4335/5708/5601
f 4341/5712/5605 4448/5845/5604 4342/5711/5604
f 4449/5846/5722 4496/5847/5723 4342/5711/5604
f 4342/5711/5604 4496/5847/5723 4343/5713/5606
f 4342/5711/5604 4448/5845/5604 4449/5846/5722
f 4498/5848/5724 4496/5847/5723 4449/5846/5722
f 4498/5848/5724 4449/5846/5722 4448/5845/5604
f 4455/5849/5725 4498/5848/5724 4448/5845/5604
f 4457/5850/5726 4501/5851/5727 4455/5849/5725
f 4455/5849/5725 4501/5851/5727 4498/5848/5724
f 4458/5852/5728 4450/5717/5610 4327/5697/5590
f 4452/5718/5611 4451/5853/5729 4341/5712/5605
f 4453/5854/5730 4452/5718/5611 4348/5716/5609
f 4451/5853/5729 4452/5718/5611 4453/5854/5730
f 4453/5854/5730 4348/5716/5609 4450/5717/5610
f 4341/5712/5605 4451/5853/5729 4448/5845/5604
f 4458/5852/5728 4454/5855/5731 4450/5717/5610
f 4453/5854/5730 4450/5717/5610 4454/5855/5731
f 4455/5849/5725 4448/5845/5604 4451/5853/5729
f 4454/5855/5731 4458/5852/5728 4461/5856/5732
f 4453/5854/5730 4585/5857/5733 4451/5853/5729
f 4585/5857/5733 4453/5854/5730 4454/5855/5731
f 4456/5858/5734 4457/5850/5726 4451/5853/5729
f 4451/5853/5729 4457/5850/5726 4455/5849/5725
f 4451/5853/5729 4585/5857/5733 4456/5858/5734
f 4461/5856/5732 4583/5859/5735 4454/5855/5731
f 4585/5857/5733 4454/5855/5731 4586/5860/5736
f 4454/5855/5731 4583/5859/5735 4586/5860/5736
f 4456/5858/5734 4587/5861/5737 4457/5850/5726
f 4587/5861/5737 4456/5858/5734 4585/5857/5733
f 4457/5850/5726 4587/5861/5737 4501/5851/5727
f 4458/5852/5728 4327/5697/5590 4444/5703/5596
f 4459/5862/5738 4458/5852/5728 4444/5703/5596
f 4459/5862/5738 4444/5703/5596 4445/5842/5719
f 4445/5842/5719 4446/5704/5597 4460/5863/5739
f 4460/5863/5739 4446/5704/5597 4447/5843/5720
f 4460/5863/5739 4447/5843/5720 4468/5864/5740
f 4459/5862/5738 4461/5856/5732 4458/5852/5728
f 4462/5865/5741 4459/5862/5738 4445/5842/5719
f 4463/5866/5742 4445/5842/5719 4460/5863/5739
f 4463/5866/5742 4462/5865/5741 4445/5842/5719
f 4471/5867/5743 4460/5863/5739 4468/5864/5740
f 4471/5867/5743 4463/5866/5742 4460/5863/5739
f 4594/5868/5744 4461/5856/5732 4459/5862/5738
f 4594/5868/5744 4583/5859/5735 4461/5856/5732
f 4462/5865/5741 4594/5868/5744 4459/5862/5738
f 4595/5869/5745 4462/5865/5741 4463/5866/5742
f 4465/5723/5616 4464/5844/5721 4335/5708/5601
f 4466/5870/5746 4464/5844/5721 4465/5723/5616
f 4467/5724/5617 4466/5870/5746 4465/5723/5616
f 4475/5871/5747 4467/5724/5617 4367/5722/5615
f 4468/5864/5740 4447/5843/5720 4464/5844/5721
f 4466/5870/5746 4468/5864/5740 4464/5844/5721
f 4469/5872/5748 4466/5870/5746 4467/5724/5617
f 4470/5873/5749 4469/5872/5748 4475/5871/5747
f 4469/5872/5748 4467/5724/5617 4475/5871/5747
s 0
f 4482/5874/4931 6218/5875/4931 6219/5876/4931
s 1
f 4472/5877/5750 4468/5864/5740 4466/5870/5746
f 4472/5877/5750 4471/5867/5743 4468/5864/5740
f 4473/5878/5751 4466/5870/5746 4469/5872/5748
f 4473/5878/5751 4472/5877/5750 4466/5870/5746
f 4469/5872/5748 4470/5873/5749 4473/5878/5751
f 4473/5878/5751 4470/5873/5749 4474/5879/5752
s 0
f 6220/5880/5753 6218/5875/4815 4482/5874/5754
s 1
f 4600/5881/5755 4463/5866/5742 4471/5867/5743
f 4602/5882/5756 4471/5867/5743 4472/5877/5750
f 4602/5882/5756 4600/5881/5755 4471/5867/5743
f 4473/5878/5751 4602/5882/5756 4472/5877/5750
f 4473/5878/5751 4474/5879/5752 4603/5883/5757
f 4476/5884/5758 4475/5871/5747 4367/5722/5615
f 4476/5884/5758 4367/5722/5615 4368/5738/5631
f 4477/5885/5759 4476/5884/5758 4368/5738/5631
f 4477/5885/5759 4368/5738/5631 6186/5739/5630
f 4505/5744/5636 4478/5743/5635 4479/5886/5760
f 4505/5744/5636 4479/5886/5760 4504/5887/5761
f 4480/5888/5762 6221/5889/5759 6222/5890/5630
f 4480/5888/5762 6222/5890/5630 6223/5891/5763
f 4476/5884/5758 6224/5892/5764 4475/5871/5747
f 4483/5893/5765 6224/5892/5764 4476/5884/5758
f 4484/5894/5766 4483/5893/5765 4476/5884/5758
f 4484/5894/5766 4476/5884/5758 4477/5885/5759
f 4504/5887/5761 4479/5886/5760 4485/5895/5767
f 4504/5887/5761 4485/5895/5767 4511/5896/5768
f 4486/5897/5769 4484/5894/5766 4477/5885/5759
f 6225/5898/5770 6221/5889/5759 4480/5888/5762
f 4487/5899/5771 6224/5892/5764 4483/5893/5765
f 4487/5899/5771 4474/5879/5752 6224/5892/5764
f 4484/5894/5766 4487/5899/5771 4483/5893/5765
f 6226/5900/5772 6227/5901/5773 4489/5902/5774
f 6226/5900/5772 4489/5902/5774 4517/5903/5775
f 4490/5904/5776 4488/5905/5777 4484/5894/5766
f 4490/5904/5776 4484/5894/5766 4486/5897/5769
f 4609/5906/5778 4474/5879/5752 4487/5899/5771
f 4609/5906/5778 4603/5883/5757 4474/5879/5752
f 4611/5907/5779 4609/5906/5778 4487/5899/5771
f 4611/5907/5779 4487/5899/5771 4484/5894/5766
f 4484/5894/5766 4488/5905/5777 4611/5907/5779
f 6228/5908/5780 6229/5909/5774 4612/5910/5781
f 6228/5908/5780 4612/5910/5781 4632/5911/5782
f 4488/5905/5777 4490/5904/5776 4524/5912/5783
f 4638/5913/5784 6230/5914/5777 6231/5915/5783
f 4611/5907/5779 4488/5905/5777 6232/5916/5785
f 6188/5755/5644 4491/5917/5786 4492/5753/5645
f 6233/5918/5786 4493/5756/5646 6189/5757/5647
f 4539/5919/5787 4493/5756/5646 6233/5918/5786
f 4503/5920/5788 4539/5919/5787 6233/5918/5786
f 4494/5921/5789 4495/5922/5790 4343/5713/5606
f 4343/5713/5606 4495/5922/5790 4379/5760/5649
f 4343/5713/5606 4496/5847/5723 4494/5921/5789
f 4495/5922/5790 6188/5755/5644 4379/5760/5649
f 4494/5921/5789 4496/5847/5723 4498/5848/5724
f 4495/5922/5790 4499/5923/5791 6188/5755/5644
f 4491/5917/5786 6188/5755/5644 4499/5923/5791
f 4494/5921/5789 4498/5848/5724 4500/5924/5792
f 4498/5848/5724 4501/5851/5727 4500/5924/5792
f 4502/5925/5793 4499/5923/5791 4495/5922/5790
f 4502/5925/5793 4495/5922/5790 4494/5921/5789
f 4500/5924/5792 4502/5925/5793 4494/5921/5789
f 4502/5925/5793 4491/5917/5786 4499/5923/5791
f 4622/5926/5794 4623/5927/5795 4502/5925/5793
f 4502/5925/5793 4623/5927/5795 4491/5917/5786
f 4503/5920/5788 6233/5918/5786 6234/5928/5795
f 4505/5744/5636 4504/5887/5761 4506/5788/5672
f 4507/5790/5674 4506/5788/5672 4504/5887/5761
f 4507/5790/5674 4504/5887/5761 4508/5929/5796
f 4509/5793/5676 6235/5930/5797 4481/5746/5638
f 4509/5793/5676 4510/5931/5798 6235/5930/5797
f 4507/5790/5674 4508/5929/5796 4403/5785/5670
f 6207/5794/5677 6202/5786/5670 6236/5932/5799
f 6236/5932/5799 6202/5786/5670 6237/5933/5800
f 4511/5896/5768 4512/5934/5801 4504/5887/5761
f 4508/5929/5796 4504/5887/5761 4512/5934/5801
f 4508/5929/5796 4512/5934/5801 4513/5935/5802
f 4510/5931/5798 6238/5936/5803 6235/5930/5797
f 4510/5931/5798 4514/5937/5804 6238/5936/5803
f 4513/5935/5802 4515/5938/5805 4508/5929/5796
f 6236/5932/5799 6237/5933/5800 6239/5939/5806
f 6237/5933/5800 6240/5940/5807 6239/5939/5806
f 4525/5941/5808 4527/5942/5809 4516/5943/5810
f 6241/5944/5811 4528/5945/5812 6242/5946/5813
f 4517/5903/5775 4518/5947/5814 6226/5900/5772
f 4511/5896/5768 6243/5948/5815 4512/5934/5801
f 4513/5935/5802 4512/5934/5801 6243/5948/5815
f 4513/5935/5802 6243/5948/5815 4519/5949/5816
f 4514/5937/5804 6244/5950/5817 6238/5936/5803
f 4514/5937/5804 4520/5951/5818 6244/5950/5817
f 4519/5949/5816 4521/5952/5819 4513/5935/5802
f 4513/5935/5802 4521/5952/5819 4515/5938/5805
f 4529/5953/5820 4516/5943/5810 4527/5942/5809
f 4522/5954/5821 4516/5943/5810 4529/5953/5820
f 6245/5955/5822 6239/5939/5806 6240/5940/5807
f 6246/5956/5823 6245/5955/5822 6240/5940/5807
f 4528/5945/5812 6241/5944/5811 4530/5957/5824
f 6241/5944/5811 4523/5958/5825 4530/5957/5824
f 4516/5943/5810 4522/5954/5821 6247/5959/5826
f 4523/5958/5825 4532/5960/5827 4530/5957/5824
f 4632/5911/5782 4633/5961/5828 6228/5908/5780
f 6228/5908/5780 4633/5961/5828 6243/5948/5829
f 6248/5962/5830 6249/5963/5831 6250/5964/5832
f 6251/5965/5833 6248/5962/5830 6250/5964/5832
f 6252/5966/5834 6253/5967/5835 4518/5947/5836
f 4636/5968/5837 6254/5969/5838 4637/5970/5839
f 6254/5969/5838 4636/5968/5837 6255/5971/5840
f 6231/5915/5841 6244/5950/5842 6256/5972/5843
f 4490/5904/5844 4639/5973/5845 6257/5974/5846
f 4490/5904/5844 6258/5975/5847 4639/5973/5845
f 6259/5976/5848 4641/5977/5849 4519/5949/5850
f 6255/5971/5851 6260/5978/5852 6261/5979/5823
f 4661/5980/5853 4522/5954/5821 4529/5953/5820
f 4642/5981/5854 6262/5982/5855 6263/5983/5856
f 6264/5984/5857 6245/5955/5822 6246/5956/5823
f 6265/5985/5858 6264/5984/5857 6246/5956/5823
f 4533/5986/5859 6247/5959/5826 4667/5987/5860
f 6247/5959/5826 6266/5988/5861 4667/5987/5860
f 6247/5959/5826 4522/5954/5821 6266/5988/5861
f 4533/5986/5859 6267/5989/5862 6247/5959/5826
f 6268/5990/5863 4526/5991/5864 6269/5992/5865
f 6268/5990/5863 6270/5993/5866 4526/5991/5864
f 6269/5992/5865 4526/5991/5864 6271/5994/5867
f 4530/5957/5824 4531/5995/5868 4528/5945/5812
f 6272/5996/5869 4526/5991/5864 6270/5993/5866
f 6272/5996/5869 6271/5994/5867 4526/5991/5864
f 6273/5997/5870 6274/5998/5871 6272/5996/5872
f 6275/5999/5873 6276/6000/5874 4662/6001/5875
f 6277/6002/5876 6278/6003/5877 6279/6004/5878
f 6278/6003/5877 6280/6005/5879 6279/6004/5878
f 6281/6006/5880 6271/5994/5867 6272/5996/5869
f 6282/6007/5881 6279/6004/5878 6280/6005/5879
f 4534/6008/5882 4412/5799/3985 4493/5756/5646
f 4535/6009/5883 4412/5799/3985 4534/6008/5882
f 4412/5799/3985 4536/6010/5884 4537/5800/5680
f 4412/5799/3985 4535/6009/5883 4536/6010/5884
f 4536/6010/5884 4543/5801/5681 4537/5800/5680
f 4534/6008/5882 4493/5756/5646 4539/5919/5787
f 4534/6008/5882 4539/5919/5787 4538/6011/5885
f 4538/6011/5885 4535/6009/5883 4534/6008/5882
f 4538/6011/5885 4536/6010/5884 4535/6009/5883
f 4540/6012/5886 4543/5801/5681 4536/6010/5884
f 4538/6011/5885 4539/5919/5787 4541/6013/5887
f 4542/6014/5888 4538/6011/5885 4541/6013/5887
f 4542/6014/5888 4536/6010/5884 4538/6011/5885
f 4540/6012/5886 4536/6010/5884 4542/6014/5888
f 4540/6012/5886 4542/6014/5888 4678/6015/3858
f 4539/5919/5787 4674/6016/5889 4541/6013/5887
f 4503/5920/5788 4674/6016/5889 4539/5919/5787
f 4676/6017/5890 4677/6018/5891 4541/6013/5887
f 4677/6018/5891 4542/6014/5888 4541/6013/5887
f 4676/6017/5890 4541/6013/5887 4674/6016/5889
f 4678/6015/3858 4542/6014/5888 4677/6018/5891
f 4544/6019/5892 4423/5810/5690 4543/5801/5681
f 4544/6019/5892 4545/5814/5140 4423/5810/5690
f 4546/6020/3139 4545/5814/5140 4544/6019/5892
f 4546/6020/3139 4547/5815/5694 4545/5814/5140
f 4553/6021/5893 4555/5817/5696 6210/5816/5695
f 4540/6012/5886 4544/6019/5892 4543/5801/5681
f 4548/6022/5894 4544/6019/5892 4540/6012/5886
f 4548/6022/5894 4546/6020/3139 4544/6019/5892
f 4549/6023/5895 6210/5816/5695 6283/6024/3139
f 4549/6023/5895 4553/6021/5893 6210/5816/5695
f 4678/6015/3858 4548/6022/5894 4540/6012/5886
f 4550/6025/5896 4548/6022/5894 4678/6015/3858
f 4550/6025/5896 4546/6020/3139 4548/6022/5894
f 4551/6026/5897 6283/6024/3139 6284/6027/4192
f 4551/6026/5897 4549/6023/5895 6283/6024/3139
f 4552/6028/5898 4549/6023/5895 4551/6026/5897
f 4552/6028/5898 4553/6021/5893 4549/6023/5895
f 4566/6029/5899 4553/6021/5893 4552/6028/5898
f 4688/6030/3612 6284/6027/4192 6285/6031/5900
f 4689/6032/3991 4551/6026/5897 6284/6027/4192
f 4689/6032/3991 4552/6028/5898 4551/6026/5897
f 4690/6033/5901 4552/6028/5898 4689/6032/3991
f 4690/6033/5901 4566/6029/5899 4552/6028/5898
f 4700/6034/5902 4566/6029/5899 4690/6033/5901
f 4553/6021/5893 4554/6035/5903 4555/5817/5696
f 4555/5817/5696 4554/6035/5903 4441/5834/5711
f 4556/5838/5715 4441/5834/5711 4554/6035/5903
f 4556/5838/5715 4554/6035/5903 4557/6036/5904
f 4557/6036/5904 4558/5839/5716 4556/5838/5715
f 4559/6037/5905 4558/5839/5716 4557/6036/5904
f 4559/6037/5905 4560/6038/5906 4558/5839/5716
f 6286/6039/5907 6287/6040/5908 6288/6041/5909
f 4562/5841/5718 4561/5840/5717 4560/6038/5910
f 6287/6040/5911 4572/6042/5912 6289/6043/5913
f 4553/6021/5893 4563/6044/5914 4554/6035/5903
f 4557/6036/5904 4554/6035/5903 4563/6044/5914
f 4563/6044/5914 4559/6037/5905 4557/6036/5904
f 4564/6045/5915 4559/6037/5905 4563/6044/5914
f 4564/6045/5915 4565/6046/5916 4559/6037/5905
f 4559/6037/5905 4565/6046/5916 4560/6038/5906
f 4565/6046/5916 4573/6047/5917 4560/6038/5906
f 4560/6038/5906 4573/6047/5917 6290/6048/5918
f 4566/6029/5899 4567/6049/5919 4553/6021/5893
f 4553/6021/5893 4567/6049/5919 4563/6044/5914
f 4563/6044/5914 4567/6049/5919 4568/6050/5920
f 4568/6050/5920 4564/6045/5915 4563/6044/5914
f 4569/6051/5921 4564/6045/5915 4568/6050/5920
f 4569/6051/5921 4570/6052/5715 4564/6045/5915
f 4564/6045/5915 4570/6052/5715 4565/6046/5916
f 4565/6046/5916 4570/6052/5715 4571/6053/5922
f 4571/6053/5922 4574/6054/5923 4565/6046/5916
f 4565/6046/5916 4574/6054/5923 4573/6047/5917
f 4700/6034/5902 4701/6055/5924 4566/6029/5899
f 4566/6029/5899 4701/6055/5924 4567/6049/5919
f 4568/6050/5920 4567/6049/5919 4701/6055/5924
f 4701/6055/5924 4569/6051/5921 4568/6050/5920
f 4569/6051/5921 4704/6056/5925 4570/6052/5715
f 4571/6053/5922 4570/6052/5715 4704/6056/5925
f 4571/6053/5922 4704/6056/5925 4705/6057/5926
f 4705/6057/5926 4717/6058/5927 4571/6053/5922
f 6291/6059/5928 6292/6060/5927 6293/6061/5929
f 4577/6062/5930 4572/6042/5931 4575/6063/5932
f 6294/6064/5933 6290/6048/5918 4573/6047/5917
f 6294/6064/5933 4573/6047/5917 4578/6065/5934
f 4578/6065/5934 4573/6047/5917 4574/6054/5923
f 4578/6065/5934 4574/6054/5923 4580/6066/5935
f 4716/6067/5936 4582/6068/5937 4580/6066/5935
f 4574/6054/5923 4716/6067/5936 4580/6066/5935
f 6292/6060/5927 6295/6069/5938 6293/6061/5929
f 4575/6063/5932 4576/6070/5939 4577/6062/5930
f 4578/6065/5934 4579/6071/5940 6294/6064/5933
f 6294/6064/5933 4579/6071/5940 6296/6072/5941
f 4580/6066/5935 4581/6073/5942 4578/6065/5934
f 4578/6065/5934 4581/6073/5942 4579/6071/5940
f 4582/6068/5937 4581/6073/5942 4580/6066/5935
f 4629/6074/5943 4589/6075/5944 4590/6076/5945
f 4584/6077/5946 4585/5857/5733 4586/5860/5736
f 4584/6077/5946 4586/5860/5736 4583/5859/5735
f 4587/5861/5737 4585/5857/5733 4588/6078/5947
f 4589/6075/5944 4501/5851/5727 4587/5861/5737
f 4598/6079/5948 4584/6077/5946 4583/5859/5735
f 4588/6078/5947 4585/5857/5733 4584/6077/5946
f 4590/6076/5945 4589/6075/5944 4587/5861/5737
f 4591/6080/5949 4584/6077/5946 4592/6081/5950
f 4584/6077/5946 4598/6079/5948 4592/6081/5950
f 4588/6078/5947 4584/6077/5946 4591/6080/5949
f 4590/6076/5945 4587/5861/5737 4588/6078/5947
f 4727/6082/5951 4591/6080/5949 4592/6081/5950
f 4591/6080/5949 4728/6083/5952 4588/6078/5947
f 4590/6076/5945 4731/6084/5953 4629/6074/5943
f 4590/6076/5945 4588/6078/5947 4728/6083/5952
f 4590/6076/5945 4728/6083/5952 4731/6084/5953
f 4583/5859/5735 4594/5868/5744 4593/6085/5954
f 4593/6085/5954 4594/5868/5744 4462/5865/5741
f 4595/5869/5745 4593/6085/5954 4462/5865/5741
f 4601/6086/5955 4595/5869/5745 4463/5866/5742
f 4593/6085/5954 4596/6087/5956 4583/5859/5735
f 4597/6088/5957 4593/6085/5954 4595/5869/5745
f 4601/6086/5955 4597/6088/5957 4595/5869/5745
f 4583/5859/5735 4596/6087/5956 4598/6079/5948
f 4596/6087/5956 4593/6085/5954 4599/6089/5958
f 4597/6088/5957 4599/6089/5958 4593/6085/5954
f 4608/6090/5959 4597/6088/5957 4601/6086/5955
f 4592/6081/5950 4598/6079/5948 4596/6087/5956
f 4599/6089/5958 4732/6091/5960 4596/6087/5956
f 4597/6088/5957 4732/6091/5960 4599/6089/5958
f 4596/6087/5956 4727/6082/5951 4592/6081/5950
f 4600/5881/5755 4601/6086/5955 4463/5866/5742
f 4473/5878/5751 4603/5883/5757 4604/6092/5961
f 4605/6093/5962 4601/6086/5955 4600/5881/5755
f 4606/6094/5963 4600/5881/5755 4602/5882/5756
f 4606/6094/5963 4605/6093/5962 4600/5881/5755
f 4607/6095/5964 4602/5882/5756 4473/5878/5751
f 4607/6095/5964 4606/6094/5963 4602/5882/5756
f 4473/5878/5751 4604/6092/5961 4607/6095/5964
f 4605/6093/5962 4608/6090/5959 4601/6086/5955
f 4617/6096/5965 4607/6095/5964 4604/6092/5961
f 4734/6097/5966 4608/6090/5959 4605/6093/5962
f 4606/6094/5963 4734/6097/5966 4605/6093/5962
f 4737/6098/5967 4606/6094/5963 4607/6095/5964
f 4617/6096/5965 4737/6098/5967 4607/6095/5964
f 4609/5906/5778 4604/6092/5961 4603/5883/5757
f 4610/6099/5968 4609/5906/5778 4611/5907/5779
f 4632/5911/5782 4612/5910/5781 4613/6100/5969
f 4632/5911/5782 4613/6100/5969 4630/6101/5970
f 4638/5913/5971 4634/6102/5972 4614/6103/5973
f 4610/6099/5968 6232/5916/5785 6297/6104/5973
f 4611/5907/5779 6232/5916/5785 4610/6099/5968
f 4615/6105/5974 4604/6092/5961 4609/5906/5778
f 4610/6099/5968 4615/6105/5974 4609/5906/5778
f 4610/6099/5968 6297/6104/5973 4645/6106/5975
f 4647/6107/5976 4610/6099/5968 4645/6106/5975
f 4616/6108/5977 4604/6092/5961 4615/6105/5974
f 4616/6108/5977 4617/6096/5965 4604/6092/5961
f 4618/6109/5978 4616/6108/5977 4615/6105/5974
f 4618/6109/5978 4615/6105/5974 4610/6099/5968
f 4647/6107/5976 4618/6109/5978 4610/6099/5968
f 4647/6107/5976 4655/6110/5979 4618/6109/5978
f 4738/6111/5211 4617/6096/5965 4616/6108/5977
f 4618/6109/5978 4738/6111/5211 4616/6108/5977
f 4739/6112/5980 4738/6111/5211 4618/6109/5978
f 4655/6110/5979 4739/6112/5980 4618/6109/5978
f 4655/6110/5979 4752/6113/5981 4739/6112/5980
f 4501/5851/5727 4619/6114/5982 4500/5924/5792
f 4501/5851/5727 4589/6075/5944 4619/6114/5982
f 4620/6115/5983 4621/6116/5984 4500/5924/5792
f 4500/5924/5792 4621/6116/5984 4502/5925/5793
f 4500/5924/5792 4619/6114/5982 4620/6115/5983
f 4622/5926/5794 4502/5925/5793 4621/6116/5984
f 4503/5920/5788 6234/5928/5795 4624/6117/5985
f 6298/6118/5794 4625/6119/5986 6234/5928/5795
f 6298/6118/5794 6299/6120/5984 4625/6119/5986
f 4624/6117/5985 6234/5928/5795 4625/6119/5986
f 6300/6121/5987 6301/6122/5986 4626/6123/5988
f 4589/6075/5944 4627/6124/5989 4619/6114/5982
f 4627/6124/5989 4589/6075/5944 4629/6074/5943
f 4620/6115/5983 4628/6125/5990 4621/6116/5984
f 4620/6115/5983 4619/6114/5982 4627/6124/5989
f 4620/6115/5983 4627/6124/5989 4628/6125/5990
f 6302/6126/5986 4621/6116/5984 4628/6125/5990
f 4731/6084/5953 4627/6124/5989 4629/6074/5943
f 4731/6084/5953 4741/6127/5991 4627/6124/5989
f 6303/6128/5992 6304/6129/5989 6305/6130/5993
f 4625/6119/5994 6303/6128/5992 4743/6131/5995
f 6301/6122/5986 6306/6132/5996 4744/6133/5997
f 6301/6122/5986 4683/6134/5998 4626/6123/5988
f 4744/6133/5997 4683/6134/5998 6301/6122/5986
f 4630/6101/5970 4631/6135/5999 4632/5911/5782
f 4632/5911/5782 4631/6135/5999 4633/5961/5828
f 6307/6136/6000 4635/6137/6001 4636/5968/6002
f 6308/6138/5839 6309/6139/6000 6310/6140/6003
f 6311/6141/6004 4631/6135/6005 6312/6142/6001
f 6250/5964/5832 6313/6143/6006 6251/5965/5833
f 6313/6143/6006 6250/5964/5832 6314/6144/6007
f 6256/5972/6008 6315/6145/5857 4634/6102/5972
f 6315/6145/5857 4614/6103/5973 4634/6102/5972
f 6315/6145/5857 4640/6146/6009 4614/6103/5973
f 6312/6142/6010 4641/5977/5849 6259/5976/5848
f 4663/6147/6011 6266/5988/6012 4661/5980/6013
f 4643/6148/6014 4642/5981/6015 6316/6149/6016
f 6317/6150/6017 6264/5984/5857 6265/5985/5858
f 6318/6151/5860 6319/6152/5854 4665/6153/6018
s 0
f 6319/6152/6019 4644/6154/4815 4665/6153/6020
s 1
f 6319/6152/6021 6320/6155/6022 4644/6154/6023
f 6321/6156/6024 6314/6144/6005 4646/6157/6025
f 6322/6158/6026 6321/6156/6024 4646/6157/6025
f 6323/6159/6024 6324/6160/6027 6325/6161/6028
f 4648/6162/6029 6326/6163/6030 4649/6164/6031
f 6326/6163/6030 4648/6162/6029 4635/6137/6032
f 6327/6165/6033 4614/6103/6034 6328/6166/6035
f 6297/6104/5973 4650/6167/6036 6329/6168/6037
f 4614/6103/5973 4640/6146/6009 6330/6169/6038
f 4641/5977/5849 6312/6142/6010 4651/6170/6039
f 4635/6137/6032 4648/6162/6029 6331/6171/6040
f 6332/6172/6041 6333/6173/6042 6317/6150/6017
f 6265/5985/5858 6332/6172/6041 6317/6150/6017
f 4651/6170/6043 4668/6174/6044 6334/6175/6045
f 4663/6147/6046 6331/6171/6040 6335/6176/6047
f 6331/6171/6040 4663/6147/6046 6336/6177/6048
f 4652/6178/6049 6320/6155/6022 4651/6170/6050
f 4644/6154/6023 6320/6155/6022 4652/6178/6049
f 6337/6179/6051 4653/6180/6052 4654/6181/6053
f 6338/6182/6054 6339/6183/6055 6322/6158/6056
f 6337/6179/6051 4654/6181/6053 6340/6184/6057
f 4654/6181/6054 4656/6185/6058 6341/6186/6059
f 4649/6164/6031 6342/6187/6060 4648/6162/6029
f 6342/6187/6060 4649/6164/6031 6343/6188/6061
f 6329/6168/6037 4650/6167/6036 6344/6189/6062
f 6344/6189/6062 4650/6167/6036 4657/6190/6063
f 4658/6191/6064 6345/6192/6065 4654/6181/6053
f 6331/6171/6040 4648/6162/6029 6346/6193/6066
f 4671/6194/6067 4657/6190/6063 4650/6167/6036
f 6347/6195/6068 6348/6196/6069 6349/6197/6070
f 4658/6191/6064 4659/6198/6071 4651/6170/6050
f 4652/6178/6049 4651/6170/6050 4659/6198/6071
f 4652/6178/6049 4659/6198/6071 4660/6199/6072
f 4654/6181/6053 4653/6180/6052 4751/6200/6073
f 4752/6113/5981 4655/6110/5979 6344/6189/6062
f 6344/6189/6062 4657/6190/6063 4752/6113/5981
f 4751/6200/6073 4753/6201/6074 4654/6181/6053
f 4658/6191/6064 4654/6181/6053 4753/6201/6074
f 4658/6191/6064 4753/6201/6074 4754/6202/6075
f 4658/6191/6064 4754/6202/6075 4659/6198/6071
f 4660/6199/6072 4659/6198/6071 4754/6202/6075
f 4660/6199/6072 4754/6202/6075 4755/6203/6076
f 6275/5999/5873 4662/6001/5875 6350/6204/6046
f 6350/6204/6046 4662/6001/5875 4664/6205/6077
s 0
f 6351/6206/4815 4666/6207/6078 6277/6002/6079
s 1
f 6352/6208/6080 6281/6006/6081 6353/6209/5860
f 6352/6208/6080 6354/6210/6082 6281/6006/6081
f 6316/6149/6046 6355/6211/6083 6349/6197/6084
f 6356/6212/6085 6354/6210/6082 4669/6213/6086
f 6352/6208/6080 4669/6213/6086 6354/6210/6082
f 6352/6208/6080 4670/6214/6087 4669/6213/6086
f 6356/6212/6085 4669/6213/6086 6357/6215/6088
f 6360/6216/6089 4673/6217/6090 4686/6218/6091
f 4624/6117/5985 4674/6016/5889 4503/5920/5788
f 4675/6219/6092 4674/6016/5889 4624/6117/5985
f 4676/6017/5890 4674/6016/5889 4675/6219/6092
f 4676/6017/5890 4678/6015/3858 4677/6018/5891
f 4679/6220/6093 6362/6221/5900 6363/6222/6094
f 4688/6030/3612 6285/6031/5900 6364/6223/6093
f 4626/6123/5988 6365/6224/6095 6300/6121/5987
f 4680/6225/6096 6365/6224/6095 4626/6123/5988
f 6366/6226/6097 4681/6227/6098 6367/6228/6099
f 6365/6224/6095 4680/6225/6096 6368/6229/6098
f 6368/6229/6098 4679/6220/6093 6363/6222/6094
f 4693/6230/6100 4688/6030/3612 6364/6223/6093
f 4682/6231/6101 4679/6220/6093 6368/6229/6098
f 4682/6231/6101 6369/6232/6102 4679/6220/6093
f 4697/6233/6103 6369/6232/6102 4682/6231/6101
f 4757/6234/6104 4626/6123/5988 4683/6134/5998
f 4757/6234/6104 4680/6225/6096 4626/6123/5988
f 6368/6229/6098 4680/6225/6096 4757/6234/6104
f 6368/6229/6098 4757/6234/6104 4758/6235/6105
f 4758/6235/6105 4682/6231/6101 6368/6229/6098
f 4684/6236/6106 4685/6237/6107 4673/6217/6090
f 6370/6238/6108 4687/6239/6109 4769/6240/6110
f 4685/6237/6107 4686/6218/6091 4673/6217/6090
f 4688/6030/3612 4689/6032/3991 6284/6027/4192
f 4691/6241/6111 4690/6033/5901 4689/6032/3991
f 4691/6241/6111 4700/6034/5902 4690/6033/5901
f 4698/6242/6112 4700/6034/5902 4691/6241/6111
f 4688/6030/3612 4693/6230/6100 4692/6243/6113
f 4692/6243/6113 4689/6032/3991 4688/6030/3612
f 4694/6244/6114 4689/6032/3991 4692/6243/6113
f 4694/6244/6114 4691/6241/6111 4689/6032/3991
f 4695/6245/6115 4691/6241/6111 4694/6244/6114
f 4695/6245/6115 4698/6242/6112 4691/6241/6111
f 4707/6246/6116 4698/6242/6112 4695/6245/6115
f 4693/6230/6100 4696/6247/6117 4692/6243/6113
f 4697/6233/6103 6371/6248/6118 6369/6232/6102
f 4694/6244/6114 4692/6243/6113 4696/6247/6117
f 4711/6249/6119 4707/6246/6116 4695/6245/6115
f 4771/6250/4163 6371/6248/6118 4697/6233/6103
f 4696/6247/6117 6372/6251/4163 4694/6244/6114
f 6372/6251/4163 4774/6252/6120 4694/6244/6114
f 4774/6252/6120 4695/6245/6115 4694/6244/6114
f 4774/6252/6120 4711/6249/6119 4695/6245/6115
f 4779/6253/6121 4711/6249/6119 4774/6252/6120
f 4698/6242/6112 4699/6254/6122 4700/6034/5902
f 4700/6034/5902 4699/6254/6122 4701/6055/5924
f 4699/6254/6122 4569/6051/5921 4701/6055/5924
f 4702/6255/6123 4569/6051/5921 4699/6254/6122
f 4702/6255/6123 4703/6256/6124 4569/6051/5921
f 4569/6051/5921 4703/6256/6124 4704/6056/5925
f 4705/6057/5926 4704/6056/5925 4703/6256/6124
f 4705/6057/5926 4703/6256/6124 4706/6257/6125
f 4706/6257/6125 4715/6258/6126 4705/6057/5926
f 4705/6057/5926 4715/6258/6126 4717/6058/5927
f 4698/6242/6112 4707/6246/6116 4699/6254/6122
f 4699/6254/6122 4707/6246/6116 4708/6259/6127
f 4708/6259/6127 4702/6255/6123 4699/6254/6122
f 4709/6260/6128 4702/6255/6123 4708/6259/6127
f 4709/6260/6128 4710/6261/6129 4702/6255/6123
f 4702/6255/6123 4710/6261/6129 4703/6256/6124
f 4706/6257/6125 4703/6256/6124 4710/6261/6129
f 4710/6261/6129 4718/6262/6130 4706/6257/6125
f 4706/6257/6125 4718/6262/6130 4715/6258/6126
f 4708/6259/6127 4707/6246/6116 4711/6249/6119
f 4708/6259/6127 4711/6249/6119 4712/6263/6131
f 4712/6263/6131 4709/6260/6128 4708/6259/6127
f 4713/6264/6132 4709/6260/6128 4712/6263/6131
f 4709/6260/6128 4713/6264/6132 4710/6261/6129
f 4710/6261/6129 4713/6264/6132 4714/6265/6133
f 4714/6265/6133 4719/6266/6134 4710/6261/6129
f 4710/6261/6129 4719/6266/6134 4718/6262/6130
f 4779/6253/6121 4780/6267/6135 4711/6249/6119
f 4712/6263/6131 4711/6249/6119 4780/6267/6135
f 4712/6263/6131 4780/6267/6135 4781/6268/6136
f 4781/6268/6136 4713/6264/6132 4712/6263/6131
f 4783/6269/6137 4713/6264/6132 4781/6268/6136
f 4713/6264/6132 4795/6270/6138 4714/6265/6133
f 4783/6269/6137 4795/6270/6138 4713/6264/6132
f 6373/6271/6139 4720/6272/6140 4722/6273/6141
f 6295/6069/5938 6373/6271/6139 4722/6273/6141
f 6292/6060/5927 6373/6271/6139 6295/6069/5938
f 6374/6274/6142 4715/6258/6126 4718/6262/6130
f 6374/6274/6142 4718/6262/6130 4723/6275/6143
f 4723/6275/6143 4718/6262/6130 4719/6266/6134
f 4723/6275/6143 4719/6266/6134 4725/6276/6144
f 4796/6277/6145 4714/6265/6133 4795/6270/6138
f 4725/6276/6144 4719/6266/6134 4714/6265/6133
f 4796/6277/6145 4725/6276/6144 4714/6265/6133
f 4803/6278/6146 4725/6276/6144 4796/6277/6145
f 4720/6272/6140 4721/6279/6147 4722/6273/6141
f 4723/6275/6143 4724/6280/6148 6374/6274/6142
f 6374/6274/6142 4724/6280/6148 6375/6281/6149
f 4725/6276/6144 4726/6282/6150 4723/6275/6143
f 4723/6275/6143 4726/6282/6150 4724/6280/6148
f 4803/6278/6146 4805/6283/6151 4725/6276/6144
f 4725/6276/6144 4805/6283/6151 4726/6282/6150
f 4728/6083/5952 4591/6080/5949 4729/6284/6152
f 4591/6080/5949 4727/6082/5951 4729/6284/6152
f 4730/6285/6153 4731/6084/5953 4728/6083/5952
f 4732/6091/5960 4597/6088/5957 4733/6286/6154
f 4735/6287/6155 4597/6088/5957 4608/6090/5959
f 4735/6287/6155 4733/6286/6154 4597/6088/5957
f 4734/6097/5966 4735/6287/6155 4608/6090/5959
f 4736/6288/6156 4734/6097/5966 4606/6094/5963
f 4736/6288/6156 4606/6094/5963 4737/6098/5967
f 4730/6285/6153 4741/6127/5991 4731/6084/5953
f 4730/6285/6153 4740/6289/6157 4741/6127/5991
f 4742/6290/5992 6376/6291/5995 4628/6125/5992
f 4628/6125/5992 4741/6127/5991 4740/6289/6157
f 4628/6125/5992 4740/6289/6157 4742/6290/5992
f 4765/6292/6158 4683/6134/5998 4744/6133/5997
f 4740/6289/6157 4730/6285/6153 4745/6293/6159
f 4746/6294/6160 6377/6295/5992 6378/6296/6157
f 6379/6297/6160 4740/6289/6157 4745/6293/6159
f 4744/6133/5997 6306/6132/5996 6377/6295/6161
f 4744/6133/5997 6377/6295/6161 4747/6298/6162
f 4747/6298/6162 4765/6292/6158 4744/6133/5997
f 4766/6299/6163 4765/6292/6158 4747/6298/6162
f 4748/6300/6164 4742/6290/5992 6379/6297/6160
f 6379/6297/6160 4745/6293/6159 4748/6300/6164
f 4747/6298/6162 6377/6295/6161 4749/6301/6165
f 4747/6298/6162 4749/6301/6165 4750/6302/6166
f 4750/6302/6166 4766/6299/6163 4747/6298/6162
f 4767/6303/6167 4766/6299/6163 4750/6302/6166
f 4765/6292/6158 4756/6304/6168 4683/6134/5998
f 4683/6134/5998 4756/6304/6168 4757/6234/6104
f 4757/6234/6104 4759/6305/3905 4758/6235/6105
f 4756/6304/6168 4759/6305/3905 4757/6234/6104
f 4759/6305/3905 4760/6306/6169 4758/6235/6105
f 4760/6306/6169 4682/6231/6101 4758/6235/6105
f 4760/6306/6169 4697/6233/6103 4682/6231/6101
f 4770/6307/6170 4697/6233/6103 4760/6306/6169
f 4766/6299/6163 4756/6304/6168 4765/6292/6158
f 4761/6308/6171 4759/6305/3905 4756/6304/6168
f 4761/6308/6171 4762/6309/4132 4759/6305/3905
f 4759/6305/3905 4762/6309/4132 4760/6306/6169
f 6381/6310/4132 6382/6311/6170 6383/6312/6172
f 4772/6313/3970 4770/6307/6170 4762/6309/4132
f 4767/6303/6167 4763/6314/6173 4766/6299/6163
f 4766/6299/6163 4763/6314/6173 4756/6304/6168
f 4763/6314/6173 4761/6308/6171 4756/6304/6168
f 4764/6315/4326 4761/6308/6171 4763/6314/6173
f 4764/6315/4326 4762/6309/4132 4761/6308/6171
f 4764/6315/4326 4811/6316/6174 4762/6309/4132
f 4811/6316/6174 4772/6313/3970 4762/6309/4132
f 4813/6317/6175 4772/6313/3970 4811/6316/6174
f 6382/6311/6176 6372/6251/4163 6384/6318/3612
f 4772/6313/3970 4771/6250/6177 4770/6307/6170
f 6372/6251/4163 6385/6319/3970 4773/6320/6178
f 4773/6320/6178 4774/6252/6120 6372/6251/4163
f 6385/6319/3970 4775/6321/3992 4773/6320/6178
f 4776/6322/6179 4774/6252/6120 4773/6320/6178
f 4776/6322/6179 4773/6320/6178 4775/6321/3992
f 4779/6253/6121 4774/6252/6120 4776/6322/6179
f 4787/6323/6180 4779/6253/6121 4776/6322/6179
f 4777/6324/6181 4775/6321/3992 6385/6319/3970
f 4775/6321/3992 4778/6325/6182 4776/6322/6179
f 4777/6324/6181 4778/6325/6182 4775/6321/3992
f 4778/6325/6182 4787/6323/6180 4776/6322/6179
f 4813/6317/6175 6386/6326/6181 4772/6313/3970
f 4815/6327/4399 6387/6328/6182 6386/6326/6181
f 4818/6329/6183 4787/6323/6180 4778/6325/6182
f 4781/6268/6136 4780/6267/6135 4779/6253/6121
f 4781/6268/6136 4779/6253/6121 4782/6330/6184
f 4782/6330/6184 4783/6269/6137 4781/6268/6136
f 4784/6331/6185 4783/6269/6137 4782/6330/6184
f 4784/6331/6185 4785/6332/6186 4783/6269/6137
f 4785/6332/6186 4786/6333/6187 4795/6270/6138
f 4783/6269/6137 4785/6332/6186 4795/6270/6138
f 4786/6333/6187 4797/6334/6188 4795/6270/6138
f 4787/6323/6180 4782/6330/6184 4779/6253/6121
f 4788/6335/6189 4782/6330/6184 4787/6323/6180
f 4788/6335/6189 4784/6331/6185 4782/6330/6184
f 4789/6336/6190 4784/6331/6185 4788/6335/6189
f 4789/6336/6190 4790/6337/6191 4784/6331/6185
f 4784/6331/6185 4790/6337/6191 4785/6332/6186
f 4786/6333/6187 4785/6332/6186 4790/6337/6191
f 4786/6333/6187 4790/6337/6191 4791/6338/6192
f 4791/6338/6192 4798/6339/6193 4786/6333/6187
f 4786/6333/6187 4798/6339/6193 4797/6334/6188
f 4792/6340/6194 4788/6335/6189 4787/6323/6180
f 4792/6340/6194 4789/6336/6190 4788/6335/6189
f 4793/6341/6195 4789/6336/6190 4792/6340/6194
f 4789/6336/6190 4793/6341/6195 4790/6337/6191
f 4791/6338/6192 4790/6337/6191 4793/6341/6195
f 4791/6338/6192 4793/6341/6195 4794/6342/6196
f 4794/6342/6196 4800/6343/6197 4791/6338/6192
f 4791/6338/6192 4800/6343/6197 4798/6339/6193
f 4818/6329/6183 4792/6340/6194 4787/6323/6180
f 4820/6344/6198 4792/6340/6194 4818/6329/6183
f 4820/6344/6198 4793/6341/6195 4792/6340/6194
f 4821/6345/6199 4793/6341/6195 4820/6344/6198
f 4794/6342/6196 4793/6341/6195 4821/6345/6199
f 4794/6342/6196 4821/6345/6199 4823/6346/6200
f 4823/6346/6200 4825/6347/6201 4794/6342/6196
f 4794/6342/6196 4825/6347/6201 4800/6343/6197
f 4796/6277/6145 4795/6270/6138 4797/6334/6188
f 4803/6278/6146 4796/6277/6145 4797/6334/6188
f 4803/6278/6146 4797/6334/6188 4798/6339/6193
f 4803/6278/6146 4798/6339/6193 4806/6348/6202
f 4799/6349/6203 4808/6350/6204 4806/6348/6202
f 6388/6351/6205 6389/6352/6206 6390/6353/6207
f 4798/6339/6193 4800/6343/6197 4806/6348/6202
f 4801/6354/6208 6389/6352/6206 6388/6351/6205
f 6388/6351/6205 6391/6355/6209 4801/6354/6208
f 6392/6356/6210 4809/6357/6211 6393/6358/6212
f 6394/6359/6213 4802/6360/6214 6395/6361/6215
f 4809/6357/6211 6392/6356/6210 4831/6362/6216
f 4803/6278/6146 4804/6363/6217 4805/6283/6151
f 4806/6348/6202 4807/6364/6218 4803/6278/6146
f 4803/6278/6146 4807/6364/6218 4804/6363/6217
f 4808/6350/6204 4807/6364/6218 4806/6348/6202
f 4764/6315/4326 4810/6365/6219 4811/6316/6174
f 6396/6366/6220 6397/6367/6175 6398/6368/6221
f 4812/6369/6222 4813/6317/6223 4810/6365/6224
f 4814/6370/6225 6386/6326/6181 4812/6369/6222
f 4814/6370/6225 4815/6327/4399 6386/6326/6181
f 4816/6371/6226 4778/6325/6182 6399/6372/4399
f 4818/6329/6183 4816/6371/6226 4817/6373/6227
f 4778/6325/6182 4816/6371/6226 4818/6329/6183
f 4819/6374/6228 4818/6329/6183 4817/6373/6227
f 4820/6344/6198 4818/6329/6183 4819/6374/6228
f 4819/6374/6228 4821/6345/6199 4820/6344/6198
f 4822/6375/6229 4821/6345/6199 4819/6374/6228
f 4823/6346/6200 4821/6345/6199 4822/6375/6229
f 4823/6346/6200 4822/6375/6229 4824/6376/6230
f 4824/6376/6230 4826/6377/6231 4823/6346/6200
f 6401/6378/6232 6402/6379/6233 6392/6356/6210
f 4824/6376/6230 4828/6380/6234 4826/6377/6231
f 4831/6362/6216 6392/6356/6210 6402/6379/6233
f 4831/6362/6216 6402/6379/6233 4829/6381/6235
f 4827/6382/6236 4832/6383/6237 6403/6384/6238
f 4826/6377/6239 4827/6382/6236 6403/6384/6238
f 4829/6381/6235 4830/6385/6240 4831/6362/6216
f 4832/6383/6237 6404/6386/6241 6403/6384/6238
l 5649 5650
l 5652 5654
l 4671 6358
l 4777 6397
l 5650 5651
l 5654 5728
l 5730 5731
l 5730 5732
l 2594 5735
l 6358 6359
l 4672 6359
l 4672 6361
l 4755 4768
l 5651 5652
l 4748 6380
l 6399 6400
